tick,theta,d1_x_cmd,d1_y_cmd,d1_z_cmd,d1_x_act,d1_y_act,d1_z_act,d2_x_cmd,d2_y_cmd,d2_z_cmd,d2_x_act,d2_y_act,d2_z_act,formation_error,d1_track,d1_formation,d1_avoidance,d1_altitude,d2_track,d2_formation,d2_avoidance,d2_altitude
406,-1.5708,0.004,-0.022,-5.044,0.038,-0.016,-4.973,-5.004,0.022,-5.002,-4.957,-0.044,-4.988,0.028,0.049,0.032,0.000,0.027,0.063,0.032,0.000,0.012
407,-1.5708,0.005,-0.023,-5.044,0.035,-0.012,-4.971,-5.005,0.023,-5.012,-4.959,-0.040,-4.983,0.029,0.047,0.031,0.000,0.029,0.060,0.031,0.000,0.017
408,-1.5708,0.005,-0.022,-5.031,0.031,-0.003,-4.978,-5.005,0.022,-5.013,-4.963,-0.030,-4.985,0.028,0.038,0.029,0.000,0.022,0.050,0.029,0.000,0.015
409,-1.5708,0.005,-0.023,-5.008,0.026,0.011,-4.993,-5.005,0.023,-5.008,-4.968,-0.017,-4.993,0.029,0.029,0.029,0.000,0.007,0.037,0.029,0.000,0.007
410,-1.5708,0.003,-0.022,-4.982,0.022,0.026,-5.011,-5.003,0.022,-4.998,-4.974,-0.002,-5.005,0.028,0.036,0.029,0.000,0.011,0.026,0.029,0.000,0.005
411,-1.5707,0.002,-0.024,-4.956,0.018,0.041,-5.028,-5.001,0.024,-4.992,-4.981,0.011,-5.015,0.030,0.053,0.032,0.000,0.028,0.027,0.032,0.000,0.015
412,-1.5707,-0.001,-0.022,-4.943,0.014,0.049,-5.037,-4.998,0.022,-4.987,-4.987,0.021,-5.021,0.028,0.063,0.032,0.000,0.037,0.032,0.032,0.000,0.021
413,-1.5706,-0.005,-0.017,-4.944,0.010,0.051,-5.036,-4.994,0.017,-4.988,-4.997,0.029,-5.020,0.023,0.063,0.028,0.000,0.036,0.036,0.028,0.000,0.020
414,-1.5706,-0.007,-0.012,-4.961,0.006,0.049,-5.024,-4.991,0.012,-4.996,-5.004,0.034,-5.012,0.018,0.055,0.022,0.000,0.024,0.036,0.022,0.000,0.012
415,-1.5705,-0.007,-0.007,-4.990,0.000,0.046,-5.003,-4.990,0.007,-5.011,-5.010,0.036,-4.996,0.014,0.046,0.016,0.000,0.003,0.039,0.016,0.000,0.004
416,-1.5704,-0.006,-0.004,-5.017,-0.004,0.042,-4.984,-4.990,0.004,-5.026,-5.014,0.038,-4.980,0.011,0.046,0.012,0.000,0.016,0.046,0.012,0.000,0.020
417,-1.5702,-0.004,0.000,-5.036,-0.007,0.037,-4.969,-4.991,-0.000,-5.038,-5.015,0.037,-4.969,0.008,0.049,0.008,0.000,0.031,0.052,0.008,0.000,0.031
418,-1.5701,-0.001,0.005,-5.045,-0.009,0.027,-4.964,-4.992,-0.005,-5.039,-5.014,0.033,-4.966,0.009,0.046,0.009,0.000,0.036,0.051,0.009,0.000,0.034
419,-1.5699,0.003,0.011,-5.037,-0.011,0.010,-4.970,-4.995,-0.011,-5.031,-5.012,0.024,-4.972,0.014,0.035,0.014,0.000,0.030,0.040,0.014,0.000,0.028
420,-1.5697,0.007,0.014,-5.024,-0.012,-0.007,-4.982,-4.996,-0.014,-5.014,-5.009,0.010,-4.986,0.018,0.026,0.018,0.000,0.018,0.023,0.018,0.000,0.014
421,-1.5695,0.012,0.017,-5.003,-0.013,-0.029,-5.000,-4.998,-0.017,-4.992,-5.006,-0.007,-5.004,0.023,0.035,0.023,0.000,0.000,0.015,0.023,0.000,0.004
422,-1.5692,0.015,0.020,-4.984,-0.013,-0.046,-5.016,-4.999,-0.020,-4.974,-5.003,-0.022,-5.019,0.026,0.053,0.026,0.000,0.016,0.031,0.026,0.000,0.019
423,-1.5689,0.019,0.021,-4.971,-0.012,-0.060,-5.025,-5.000,-0.021,-4.966,-5.000,-0.033,-5.027,0.029,0.068,0.029,0.000,0.025,0.044,0.029,0.000,0.027
424,-1.5685,0.022,0.024,-4.969,-0.010,-0.068,-5.026,-5.000,-0.024,-4.970,-4.996,-0.038,-5.025,0.033,0.076,0.033,0.000,0.026,0.046,0.033,0.000,0.025
425,-1.5682,0.025,0.024,-4.978,-0.007,-0.072,-5.017,-4.999,-0.024,-4.984,-4.992,-0.041,-5.015,0.034,0.076,0.034,0.000,0.017,0.044,0.034,0.000,0.015
426,-1.5677,0.027,0.024,-4.998,-0.003,-0.073,-5.000,-4.996,-0.024,-5.004,-4.988,-0.043,-4.998,0.033,0.075,0.033,0.000,0.000,0.043,0.033,0.000,0.002
427,-1.5673,0.028,0.022,-5.019,0.001,-0.072,-4.983,-4.993,-0.022,-5.022,-4.986,-0.045,-4.982,0.030,0.076,0.030,0.000,0.017,0.048,0.030,0.000,0.018
428,-1.5668,0.028,0.018,-5.037,0.006,-0.067,-4.970,-4.988,-0.018,-5.034,-4.984,-0.044,-4.971,0.025,0.075,0.025,0.000,0.030,0.053,0.025,0.000,0.029
429,-1.5662,0.027,0.014,-5.044,0.010,-0.057,-4.965,-4.981,-0.014,-5.036,-4.984,-0.039,-4.968,0.018,0.068,0.018,0.000,0.035,0.051,0.018,0.000,0.032
430,-1.5656,0.025,0.007,-5.035,0.016,-0.038,-4.972,-4.974,-0.006,-5.030,-4.985,-0.030,-4.974,0.008,0.048,0.008,0.000,0.028,0.041,0.008,0.000,0.026
431,-1.5650,0.023,-0.000,-5.015,0.021,-0.016,-4.987,-4.965,0.000,-5.018,-4.986,-0.017,-4.986,0.007,0.022,0.007,0.000,0.013,0.027,0.007,0.000,0.014
432,-1.5643,0.023,-0.006,-4.992,0.025,0.007,-5.005,-4.958,0.006,-4.999,-4.987,-0.001,-5.003,0.015,0.011,0.015,0.000,0.005,0.020,0.015,0.000,0.003
433,-1.5635,0.023,-0.013,-4.969,0.029,0.029,-5.022,-4.951,0.013,-4.984,-4.987,0.013,-5.017,0.023,0.037,0.024,0.000,0.022,0.031,0.024,0.000,0.017
434,-1.5627,0.024,-0.017,-4.956,0.033,0.045,-5.033,-4.943,0.018,-4.974,-4.987,0.023,-5.026,0.030,0.056,0.031,0.000,0.033,0.044,0.031,0.000,0.026
435,-1.5619,0.025,-0.021,-4.957,0.036,0.054,-5.032,-4.936,0.021,-4.973,-4.988,0.029,-5.026,0.035,0.064,0.036,0.000,0.032,0.051,0.036,0.000,0.026
436,-1.5610,0.027,-0.021,-4.979,0.039,0.058,-5.018,-4.929,0.022,-4.978,-4.988,0.031,-5.018,0.038,0.061,0.038,0.000,0.018,0.052,0.038,0.000,0.018
437,-1.5600,0.030,-0.021,-5.005,0.042,0.059,-4.999,-4.922,0.021,-4.994,-4.988,0.033,-5.002,0.039,0.060,0.040,0.000,0.001,0.053,0.040,0.000,0.002
438,-1.5590,0.035,-0.019,-5.026,0.045,0.058,-4.981,-4.917,0.020,-5.013,-4.985,0.033,-4.986,0.039,0.062,0.039,0.000,0.019,0.057,0.039,0.000,0.014
439,-1.5579,0.043,-0.017,-5.045,0.047,0.053,-4.967,-4.914,0.018,-5.028,-4.980,0.031,-4.973,0.035,0.065,0.036,0.000,0.033,0.060,0.036,0.000,0.027
440,-1.5567,0.053,-0.015,-5.050,0.048,0.044,-4.963,-4.912,0.016,-5.033,-4.973,0.025,-4.969,0.029,0.062,0.030,0.000,0.037,0.059,0.030,0.000,0.031
441,-1.5555,0.066,-0.012,-5.041,0.049,0.029,-4.969,-4.913,0.014,-5.026,-4.964,0.013,-4.975,0.021,0.050,0.022,0.000,0.031,0.049,0.022,0.000,0.025
442,-1.5542,0.079,-0.010,-5.025,0.049,0.011,-4.983,-4.913,0.011,-5.008,-4.956,-0.002,-4.989,0.014,0.039,0.015,0.000,0.017,0.040,0.015,0.000,0.011
443,-1.5529,0.093,-0.007,-5.003,0.049,-0.010,-5.001,-4.913,0.008,-4.987,-4.948,-0.019,-5.007,0.010,0.042,0.012,0.000,0.001,0.043,0.012,0.000,0.007
444,-1.5515,0.107,-0.006,-4.985,0.048,-0.027,-5.017,-4.914,0.007,-4.967,-4.939,-0.035,-5.023,0.015,0.059,0.017,0.000,0.017,0.056,0.017,0.000,0.023
445,-1.5500,0.122,-0.005,-4.976,0.047,-0.038,-5.025,-4.913,0.007,-4.956,-4.932,-0.046,-5.032,0.023,0.074,0.024,0.000,0.025,0.067,0.024,0.000,0.032
446,-1.5484,0.137,-0.003,-4.974,0.046,-0.047,-5.026,-4.913,0.006,-4.958,-4.923,-0.052,-5.031,0.031,0.086,0.032,0.000,0.026,0.071,0.032,0.000,0.031
447,-1.5468,0.150,-0.002,-4.981,0.046,-0.050,-5.017,-4.910,0.004,-4.975,-4.917,-0.054,-5.019,0.037,0.092,0.037,0.000,0.017,0.069,0.037,0.000,0.019
448,-1.5451,0.161,-0.000,-4.997,0.048,-0.052,-5.001,-4.904,0.004,-5.002,-4.911,-0.055,-4.999,0.041,0.097,0.041,0.000,0.001,0.069,0.041,0.000,0.001
449,-1.5433,0.170,0.000,-5.015,0.051,-0.053,-4.985,-4.895,0.003,-5.026,-4.908,-0.055,-4.981,0.041,0.104,0.041,0.000,0.015,0.075,0.041,0.000,0.019
450,-1.5414,0.177,0.000,-5.028,0.056,-0.051,-4.973,-4.883,0.004,-5.044,-4.906,-0.054,-4.967,0.038,0.109,0.038,0.000,0.027,0.084,0.038,0.000,0.033
451,-1.5395,0.182,-0.000,-5.031,0.062,-0.045,-4.971,-4.869,0.005,-5.047,-4.906,-0.049,-4.965,0.032,0.110,0.033,0.000,0.029,0.088,0.033,0.000,0.035
452,-1.5375,0.186,-0.002,-5.023,0.070,-0.033,-4.977,-4.852,0.007,-5.037,-4.906,-0.039,-4.972,0.024,0.105,0.025,0.000,0.023,0.088,0.025,0.000,0.028
453,-1.5354,0.190,-0.003,-5.007,0.078,-0.017,-4.991,-4.835,0.009,-5.020,-4.906,-0.025,-4.986,0.018,0.102,0.018,0.000,0.009,0.089,0.018,0.000,0.014
454,-1.5332,0.193,-0.005,-4.985,0.087,0.002,-5.009,-4.817,0.012,-4.999,-4.907,-0.009,-5.004,0.013,0.101,0.014,0.000,0.009,0.095,0.014,0.000,0.004
455,-1.5309,0.197,-0.007,-4.966,0.097,0.019,-5.024,-4.799,0.015,-4.984,-4.906,0.006,-5.018,0.013,0.106,0.015,0.000,0.024,0.107,0.015,0.000,0.018
456,-1.5286,0.200,-0.007,-4.956,0.108,0.032,-5.033,-4.779,0.016,-4.975,-4.905,0.018,-5.026,0.019,0.111,0.020,0.000,0.033,0.120,0.020,0.000,0.026
457,-1.5262,0.204,-0.006,-4.961,0.119,0.037,-5.029,-4.758,0.016,-4.973,-4.905,0.024,-5.025,0.027,0.113,0.027,0.000,0.029,0.132,0.027,0.000,0.025
458,-1.5237,0.210,-0.003,-4.977,0.129,0.038,-5.018,-4.739,0.014,-4.984,-4.903,0.028,-5.015,0.034,0.113,0.034,0.000,0.018,0.141,0.034,0.000,0.015
459,-1.5211,0.216,-0.001,-5.005,0.141,0.039,-4.998,-4.719,0.013,-4.998,-4.900,0.030,-5.000,0.042,0.113,0.042,0.000,0.002,0.151,0.042,0.000,0.000
460,-1.5184,0.224,0.002,-5.030,0.152,0.039,-4.979,-4.700,0.012,-5.015,-4.895,0.032,-4.984,0.047,0.116,0.048,0.000,0.021,0.160,0.048,0.000,0.016
461,-1.5156,0.236,0.005,-5.044,0.162,0.036,-4.968,-4.684,0.010,-5.026,-4.888,0.033,-4.974,0.050,0.122,0.051,0.000,0.032,0.168,0.051,0.000,0.026
462,-1.5127,0.251,0.008,-5.045,0.170,0.029,-4.966,-4.671,0.009,-5.031,-4.879,0.029,-4.971,0.049,0.127,0.049,0.000,0.034,0.173,0.049,0.000,0.029
463,-1.5098,0.269,0.012,-5.034,0.179,0.017,-4.974,-4.659,0.007,-5.026,-4.867,0.020,-4.977,0.046,0.129,0.046,0.000,0.026,0.174,0.046,0.000,0.023
464,-1.5067,0.287,0.015,-5.019,0.186,0.004,-4.985,-4.647,0.006,-5.015,-4.855,0.010,-4.987,0.041,0.136,0.041,0.000,0.015,0.176,0.041,0.000,0.013
465,-1.5036,0.306,0.017,-5.006,0.190,-0.005,-4.995,-4.634,0.006,-5.005,-4.847,0.002,-4.996,0.038,0.146,0.038,0.000,0.005,0.183,0.038,0.000,0.004
466,-1.5003,0.328,0.020,-4.985,0.200,-0.021,-5.013,-4.624,0.005,-4.984,-4.830,-0.012,-5.013,0.032,0.156,0.032,0.000,0.013,0.184,0.032,0.000,0.013
467,-1.4970,0.350,0.023,-4.970,0.210,-0.034,-5.025,-4.613,0.004,-4.969,-4.814,-0.022,-5.025,0.026,0.168,0.026,0.000,0.025,0.187,0.026,0.000,0.025
468,-1.4936,0.373,0.027,-4.964,0.221,-0.042,-5.030,-4.601,0.002,-4.965,-4.795,-0.026,-5.029,0.023,0.177,0.023,0.000,0.030,0.188,0.023,0.000,0.029
469,-1.4900,0.397,0.031,-4.971,0.231,-0.045,-5.024,-4.590,0.002,-4.973,-4.777,-0.027,-5.023,0.020,0.184,0.020,0.000,0.024,0.186,0.020,0.000,0.023
470,-1.4864,0.422,0.034,-4.989,0.243,-0.045,-5.008,-4.579,0.002,-4.993,-4.757,-0.025,-5.007,0.020,0.189,0.020,0.000,0.008,0.183,0.020,0.000,0.007
471,-1.4827,0.446,0.035,-5.008,0.254,-0.043,-4.992,-4.566,0.004,-5.014,-4.739,-0.024,-4.989,0.021,0.197,0.021,0.000,0.008,0.184,0.021,0.000,0.011
472,-1.4789,0.469,0.036,-5.027,0.267,-0.041,-4.976,-4.551,0.006,-5.033,-4.721,-0.022,-4.974,0.023,0.203,0.023,0.000,0.024,0.186,0.023,0.000,0.026
473,-1.4749,0.490,0.036,-5.041,0.282,-0.034,-4.967,-4.533,0.010,-5.038,-4.704,-0.018,-4.968,0.022,0.208,0.022,0.000,0.033,0.190,0.022,0.000,0.032
474,-1.4709,0.510,0.035,-5.041,0.296,-0.024,-4.967,-4.513,0.014,-5.035,-4.690,-0.011,-4.969,0.019,0.211,0.019,0.000,0.033,0.194,0.019,0.000,0.031
475,-1.4668,0.530,0.035,-5.029,0.314,-0.008,-4.978,-4.492,0.019,-5.021,-4.673,0.002,-4.981,0.016,0.210,0.017,0.000,0.022,0.195,0.017,0.000,0.019
476,-1.4626,0.550,0.035,-5.014,0.329,0.010,-4.992,-4.470,0.023,-4.999,-4.658,0.017,-4.998,0.015,0.212,0.016,0.000,0.008,0.199,0.016,0.000,0.002
477,-1.4582,0.570,0.034,-4.991,0.347,0.032,-5.011,-4.446,0.030,-4.976,-4.643,0.035,-5.017,0.010,0.215,0.012,0.000,0.011,0.206,0.012,0.000,0.017
478,-1.4538,0.589,0.033,-4.972,0.363,0.050,-5.026,-4.422,0.035,-4.962,-4.630,0.048,-5.030,0.007,0.222,0.008,0.000,0.026,0.216,0.008,0.000,0.030
479,-1.4493,0.608,0.033,-4.963,0.382,0.063,-5.032,-4.396,0.040,-4.957,-4.616,0.059,-5.034,0.005,0.228,0.006,0.000,0.032,0.226,0.006,0.000,0.034
480,-1.4446,0.627,0.035,-4.970,0.400,0.070,-5.027,-4.369,0.045,-4.963,-4.603,0.064,-5.029,0.007,0.233,0.007,0.000,0.027,0.235,0.007,0.000,0.029
481,-1.4399,0.646,0.037,-4.992,0.421,0.076,-5.010,-4.340,0.049,-4.977,-4.588,0.068,-5.016,0.011,0.235,0.013,0.000,0.010,0.243,0.013,0.000,0.016
482,-1.4350,0.665,0.039,-5.019,0.440,0.080,-4.991,-4.311,0.053,-4.991,-4.575,0.072,-5.001,0.017,0.239,0.020,0.000,0.009,0.253,0.020,0.000,0.001
483,-1.4301,0.686,0.044,-5.041,0.461,0.083,-4.973,-4.283,0.055,-5.009,-4.558,0.076,-4.985,0.021,0.244,0.023,0.000,0.027,0.261,0.023,0.000,0.015
484,-1.4250,0.710,0.050,-5.050,0.479,0.082,-4.966,-4.257,0.056,-5.019,-4.542,0.078,-4.977,0.021,0.251,0.024,0.000,0.034,0.270,0.024,0.000,0.023
485,-1.4198,0.735,0.056,-5.050,0.500,0.075,-4.966,-4.231,0.058,-5.018,-4.522,0.074,-4.978,0.022,0.255,0.024,0.000,0.034,0.275,0.024,0.000,0.022
486,-1.4145,0.761,0.062,-5.039,0.519,0.065,-4.976,-4.205,0.060,-5.004,-4.502,0.066,-4.988,0.021,0.260,0.024,0.000,0.024,0.280,0.024,0.000,0.012
487,-1.4092,0.791,0.066,-5.023,0.540,0.052,-4.991,-4.181,0.065,-4.981,-4.478,0.052,-5.006,0.018,0.266,0.023,0.000,0.009,0.283,0.023,0.000,0.006
488,-1.4037,0.817,0.071,-5.000,0.562,0.038,-5.009,-4.153,0.068,-4.964,-4.457,0.040,-5.021,0.019,0.272,0.023,0.000,0.009,0.291,0.023,0.000,0.021
489,-1.3981,0.849,0.074,-4.986,0.580,0.029,-5.021,-4.130,0.075,-4.947,-4.432,0.029,-5.035,0.013,0.283,0.019,0.000,0.021,0.297,0.019,0.000,0.035
490,-1.3923,0.882,0.078,-4.977,0.602,0.024,-5.028,-4.107,0.081,-4.943,-4.404,0.022,-5.040,0.007,0.292,0.014,0.000,0.028,0.300,0.014,0.000,0.040
491,-1.3865,0.916,0.083,-4.977,0.623,0.023,-5.025,-4.084,0.086,-4.953,-4.377,0.021,-5.033,0.002,0.301,0.009,0.000,0.025,0.302,0.009,0.000,0.033
492,-1.3806,0.951,0.088,-4.990,0.646,0.025,-5.012,-4.060,0.092,-4.976,-4.348,0.022,-5.017,0.007,0.307,0.009,0.000,0.012,0.301,0.009,0.000,0.017
493,-1.3745,0.984,0.094,-5.007,0.668,0.027,-4.996,-4.034,0.098,-5.000,-4.320,0.024,-4.998,0.012,0.315,0.012,0.000,0.004,0.304,0.012,0.000,0.002
494,-1.3684,1.016,0.099,-5.028,0.694,0.030,-4.979,-4.006,0.105,-5.017,-4.293,0.026,-4.983,0.014,0.321,0.015,0.000,0.021,0.308,0.015,0.000,0.017
495,-1.3621,1.050,0.105,-5.038,0.716,0.035,-4.971,-3.979,0.112,-5.027,-4.266,0.031,-4.975,0.019,0.329,0.019,0.000,0.029,0.313,0.019,0.000,0.025
496,-1.3557,1.083,0.112,-5.041,0.743,0.046,-4.970,-3.949,0.119,-5.023,-4.237,0.041,-4.976,0.020,0.333,0.021,0.000,0.030,0.314,0.021,0.000,0.024
497,-1.3492,1.115,0.119,-5.032,0.769,0.060,-4.978,-3.918,0.125,-5.010,-4.211,0.056,-4.986,0.021,0.336,0.022,0.000,0.022,0.317,0.022,0.000,0.014
498,-1.3426,1.147,0.127,-5.011,0.798,0.080,-4.995,-3.885,0.133,-4.993,-4.182,0.077,-5.002,0.020,0.336,0.021,0.000,0.005,0.317,0.021,0.000,0.002
499,-1.3359,1.178,0.135,-4.988,0.827,0.100,-5.012,-3.850,0.140,-4.978,-4.156,0.096,-5.016,0.018,0.339,0.018,0.000,0.012,0.322,0.018,0.000,0.016
500,-1.3291,1.208,0.143,-4.967,0.859,0.118,-5.027,-3.814,0.148,-4.968,-4.127,0.115,-5.027,0.014,0.340,0.014,0.000,0.027,0.326,0.014,0.000,0.027
501,-1.3222,1.237,0.152,-4.959,0.889,0.129,-5.032,-3.776,0.155,-4.967,-4.103,0.127,-5.029,0.009,0.344,0.009,0.000,0.032,0.336,0.009,0.000,0.029
502,-1.3151,1.265,0.162,-4.967,0.922,0.136,-5.026,-3.736,0.163,-4.974,-4.077,0.135,-5.024,0.002,0.345,0.003,0.000,0.026,0.344,0.003,0.000,0.024
503,-1.3079,1.294,0.171,-4.990,0.958,0.142,-5.009,-3.696,0.172,-4.989,-4.048,0.141,-5.009,0.006,0.343,0.006,0.000,0.009,0.349,0.006,0.000,0.009
504,-1.3007,1.325,0.181,-5.015,0.991,0.147,-4.989,-3.656,0.182,-5.008,-4.021,0.146,-4.992,0.012,0.345,0.012,0.000,0.011,0.357,0.012,0.000,0.008
505,-1.2933,1.357,0.190,-5.037,1.025,0.152,-4.972,-3.618,0.192,-5.026,-3.991,0.150,-4.976,0.016,0.348,0.016,0.000,0.028,0.364,0.016,0.000,0.024
506,-1.2858,1.394,0.200,-5.047,1.056,0.153,-4.964,-3.582,0.203,-5.036,-3.959,0.151,-4.967,0.015,0.355,0.016,0.000,0.036,0.370,0.016,0.000,0.033
507,-1.2782,1.426,0.211,-5.044,1.088,0.149,-4.965,-3.542,0.214,-5.035,-3.932,0.148,-4.969,0.020,0.362,0.021,0.000,0.035,0.382,0.021,0.000,0.031
508,-1.2704,1.464,0.222,-5.031,1.117,0.142,-4.976,-3.506,0.226,-5.025,-3.902,0.139,-4.978,0.019,0.373,0.019,0.000,0.024,0.391,0.019,0.000,0.022
509,-1.2626,1.508,0.230,-5.016,1.143,0.133,-4.990,-3.474,0.241,-5.004,-3.868,0.126,-4.994,0.013,0.387,0.014,0.000,0.010,0.400,0.014,0.000,0.006
510,-1.2547,1.544,0.241,-4.992,1.175,0.122,-5.008,-3.435,0.254,-4.987,-3.838,0.114,-5.009,0.015,0.400,0.015,0.000,0.008,0.415,0.015,0.000,0.009
511,-1.2466,1.584,0.252,-4.975,1.207,0.115,-5.022,-3.398,0.269,-4.972,-3.805,0.104,-5.023,0.016,0.413,0.016,0.000,0.022,0.427,0.016,0.000,0.023
512,-1.2384,1.629,0.264,-4.969,1.234,0.113,-5.026,-3.366,0.284,-4.966,-3.768,0.100,-5.028,0.013,0.429,0.013,0.000,0.026,0.437,0.013,0.000,0.028
513,-1.2301,1.671,0.278,-4.972,1.265,0.114,-5.023,-3.330,0.297,-4.975,-3.735,0.102,-5.022,0.012,0.442,0.012,0.000,0.023,0.446,0.012,0.000,0.022
514,-1.2217,1.712,0.293,-4.985,1.299,0.119,-5.010,-3.291,0.310,-4.995,-3.699,0.108,-5.006,0.011,0.450,0.012,0.000,0.010,0.453,0.012,0.000,0.006
515,-1.2132,1.752,0.308,-5.002,1.331,0.124,-4.994,-3.252,0.324,-5.018,-3.666,0.114,-4.989,0.010,0.461,0.012,0.000,0.006,0.463,0.012,0.000,0.011
516,-1.2046,1.791,0.324,-5.020,1.368,0.133,-4.979,-3.211,0.339,-5.037,-3.631,0.124,-4.973,0.009,0.468,0.011,0.000,0.021,0.470,0.011,0.000,0.027
517,-1.1959,1.831,0.342,-5.029,1.402,0.144,-4.972,-3.169,0.353,-5.044,-3.598,0.138,-4.967,0.007,0.476,0.008,0.000,0.028,0.478,0.008,0.000,0.033
518,-1.1870,1.871,0.361,-5.029,1.440,0.163,-4.974,-3.127,0.366,-5.038,-3.561,0.159,-4.971,0.004,0.477,0.005,0.000,0.026,0.480,0.005,0.000,0.029
519,-1.1781,1.911,0.380,-5.019,1.476,0.187,-4.984,-3.084,0.382,-5.022,-3.527,0.185,-4.982,0.003,0.479,0.003,0.000,0.016,0.482,0.003,0.000,0.018
520,-1.1690,1.949,0.397,-4.999,1.516,0.217,-5.000,-3.038,0.400,-5.002,-3.492,0.215,-4.999,0.008,0.475,0.008,0.000,0.000,0.484,0.008,0.000,0.001
521,-1.1598,1.989,0.417,-4.980,1.552,0.245,-5.016,-2.994,0.416,-4.984,-3.458,0.245,-5.015,0.010,0.477,0.011,0.000,0.016,0.487,0.011,0.000,0.015
522,-1.1506,2.032,0.440,-4.965,1.589,0.270,-5.028,-2.952,0.430,-4.970,-3.421,0.276,-5.026,0.012,0.481,0.012,0.000,0.028,0.488,0.012,0.000,0.026
523,-1.1412,2.072,0.464,-4.959,1.627,0.289,-5.031,-2.906,0.444,-4.969,-3.387,0.301,-5.028,0.019,0.485,0.019,0.000,0.031,0.494,0.019,0.000,0.028
524,-1.1317,2.112,0.489,-4.967,1.663,0.303,-5.025,-2.861,0.460,-4.976,-3.354,0.321,-5.022,0.025,0.494,0.025,0.000,0.025,0.504,0.025,0.000,0.022
525,-1.1220,2.154,0.514,-4.989,1.705,0.317,-5.008,-2.815,0.476,-4.993,-3.314,0.341,-5.007,0.030,0.497,0.030,0.000,0.008,0.508,0.030,0.000,0.007
526,-1.1123,2.197,0.537,-5.014,1.744,0.332,-4.989,-2.771,0.495,-5.012,-3.277,0.358,-4.990,0.033,0.504,0.033,0.000,0.011,0.515,0.033,0.000,0.010
527,-1.1025,2.241,0.560,-5.036,1.785,0.348,-4.971,-2.727,0.517,-5.029,-3.235,0.375,-4.974,0.034,0.509,0.034,0.000,0.029,0.519,0.034,0.000,0.026
528,-1.0926,2.285,0.583,-5.048,1.824,0.360,-4.963,-2.683,0.539,-5.036,-3.196,0.387,-4.967,0.033,0.519,0.034,0.000,0.037,0.527,0.034,0.000,0.033
529,-1.0825,2.331,0.605,-5.048,1.865,0.370,-4.964,-2.640,0.564,-5.031,-3.153,0.396,-4.970,0.031,0.527,0.032,0.000,0.036,0.533,0.032,0.000,0.030
530,-1.0724,2.378,0.627,-5.038,1.904,0.375,-4.974,-2.598,0.590,-5.015,-3.111,0.398,-4.982,0.027,0.540,0.028,0.000,0.026,0.544,0.028,0.000,0.018
531,-1.0621,2.428,0.648,-5.022,1.943,0.379,-4.989,-2.558,0.618,-4.991,-3.065,0.397,-5.000,0.020,0.554,0.023,0.000,0.011,0.553,0.023,0.000,0.000
532,-1.0518,2.471,0.668,-4.999,1.986,0.384,-5.007,-2.511,0.649,-4.973,-3.026,0.396,-5.016,0.017,0.566,0.019,0.000,0.007,0.570,0.019,0.000,0.016
533,-1.0413,2.522,0.690,-4.987,2.018,0.392,-5.018,-2.471,0.679,-4.957,-2.986,0.398,-5.028,0.008,0.586,0.013,0.000,0.018,0.587,0.013,0.000,0.028
534,-1.0307,2.576,0.714,-4.979,2.054,0.404,-5.024,-2.434,0.709,-4.950,-2.939,0.407,-5.035,0.007,0.602,0.012,0.000,0.024,0.595,0.012,0.000,0.035
535,-1.0201,2.620,0.735,-4.982,2.097,0.425,-5.021,-2.387,0.743,-4.954,-2.899,0.420,-5.031,0.006,0.608,0.012,0.000,0.021,0.607,0.012,0.000,0.031
536,-1.0093,2.672,0.761,-4.996,2.136,0.447,-5.009,-2.347,0.775,-4.973,-2.852,0.438,-5.017,0.015,0.616,0.017,0.000,0.009,0.611,0.017,0.000,0.017
537,-0.9984,2.720,0.787,-5.013,2.174,0.469,-4.994,-2.304,0.807,-4.995,-2.812,0.456,-5.000,0.020,0.627,0.021,0.000,0.006,0.622,0.021,0.000,0.000
538,-0.9874,2.765,0.811,-5.033,2.219,0.496,-4.977,-2.257,0.843,-5.016,-2.768,0.476,-4.983,0.024,0.630,0.025,0.000,0.023,0.629,0.025,0.000,0.017
539,-0.9764,2.819,0.842,-5.040,2.257,0.522,-4.968,-2.218,0.874,-5.032,-2.720,0.501,-4.971,0.031,0.639,0.031,0.000,0.032,0.631,0.031,0.000,0.029
540,-0.9652,2.863,0.868,-5.040,2.304,0.557,-4.968,-2.170,0.910,-5.033,-2.676,0.531,-4.971,0.033,0.637,0.033,0.000,0.032,0.634,0.033,0.000,0.029
541,-0.9539,2.912,0.901,-5.029,2.347,0.595,-4.978,-2.127,0.943,-5.022,-2.628,0.568,-4.980,0.036,0.636,0.036,0.000,0.022,0.630,0.036,0.000,0.020
542,-0.9425,2.955,0.928,-5.004,2.395,0.640,-4.996,-2.078,0.981,-5.007,-2.585,0.607,-4.995,0.039,0.628,0.039,0.000,0.004,0.628,0.039,0.000,0.005
543,-0.9311,3.002,0.963,-4.978,2.440,0.684,-5.016,-2.033,1.015,-4.988,-2.538,0.651,-5.013,0.039,0.625,0.040,0.000,0.016,0.623,0.040,0.000,0.013
544,-0.9195,3.043,0.993,-4.954,2.487,0.724,-5.033,-1.980,1.054,-4.977,-2.499,0.686,-5.025,0.040,0.622,0.041,0.000,0.033,0.629,0.041,0.000,0.025
545,-0.9078,3.087,1.032,-4.942,2.536,0.758,-5.042,-1.932,1.086,-4.970,-2.452,0.725,-5.032,0.036,0.621,0.037,0.000,0.042,0.627,0.037,0.000,0.032
546,-0.8961,3.127,1.073,-4.948,2.586,0.785,-5.038,-1.880,1.119,-4.972,-2.409,0.756,-5.029,0.029,0.622,0.031,0.000,0.038,0.632,0.031,0.000,0.029
547,-0.8842,3.161,1.112,-4.975,2.642,0.811,-5.020,-1.822,1.154,-4.978,-2.369,0.785,-5.019,0.029,0.618,0.029,0.000,0.020,0.641,0.029,0.000,0.019
548,-0.8723,3.207,1.159,-5.002,2.690,0.833,-4.999,-1.776,1.183,-4.997,-2.320,0.819,-5.001,0.018,0.625,0.018,0.000,0.001,0.641,0.018,0.000,0.001
549,-0.8602,3.245,1.203,-5.033,2.745,0.859,-4.978,-1.722,1.217,-5.012,-2.276,0.850,-4.985,0.022,0.625,0.023,0.000,0.022,0.647,0.023,0.000,0.015
550,-0.8481,3.291,1.252,-5.048,2.793,0.881,-4.966,-1.676,1.248,-5.024,-2.227,0.883,-4.974,0.021,0.634,0.022,0.000,0.034,0.648,0.022,0.000,0.026
551,-0.8359,3.334,1.300,-5.048,2.841,0.898,-4.965,-1.629,1.281,-5.026,-2.181,0.910,-4.973,0.026,0.646,0.027,0.000,0.035,0.656,0.027,0.000,0.027
552,-0.8236,3.380,1.350,-5.033,2.892,0.913,-4.976,-1.584,1.315,-5.019,-2.130,0.935,-4.981,0.031,0.657,0.032,0.000,0.024,0.661,0.032,0.000,0.019
553,-0.8112,3.424,1.397,-5.006,2.942,0.925,-4.995,-1.537,1.352,-5.006,-2.083,0.954,-4.995,0.037,0.673,0.037,0.000,0.005,0.673,0.037,0.000,0.005
554,-0.7987,3.472,1.446,-4.979,2.986,0.938,-5.015,-1.496,1.390,-4.990,-2.034,0.973,-5.011,0.040,0.695,0.040,0.000,0.015,0.686,0.040,0.000,0.011
555,-0.7861,3.519,1.492,-4.956,3.032,0.957,-5.031,-1.453,1.432,-4.978,-1.986,0.994,-5.023,0.041,0.712,0.042,0.000,0.031,0.699,0.042,0.000,0.023
556,-0.7734,3.576,1.542,-4.948,3.070,0.980,-5.037,-1.421,1.472,-4.972,-1.933,1.023,-5.029,0.043,0.733,0.044,0.000,0.037,0.704,0.044,0.000,0.029
557,-0.7607,3.623,1.585,-4.955,3.114,1.015,-5.032,-1.380,1.521,-4.978,-1.884,1.055,-5.024,0.040,0.741,0.041,0.000,0.032,0.710,0.041,0.000,0.024
558,-0.7479,3.674,1.631,-4.974,3.157,1.052,-5.016,-1.343,1.568,-4.995,-1.832,1.091,-5.009,0.041,0.748,0.042,0.000,0.016,0.712,0.042,0.000,0.009
559,-0.7350,3.720,1.675,-4.998,3.197,1.088,-4.998,-1.302,1.619,-5.014,-1.789,1.123,-4.992,0.038,0.758,0.038,0.000,0.002,0.723,0.038,0.000,0.008
560,-0.7220,3.765,1.718,-5.021,3.243,1.130,-4.980,-1.260,1.673,-5.032,-1.742,1.158,-4.976,0.032,0.762,0.032,0.000,0.020,0.731,0.032,0.000,0.024
561,-0.7089,3.808,1.760,-5.036,3.293,1.181,-4.968,-1.217,1.730,-5.044,-1.691,1.200,-4.965,0.025,0.756,0.025,0.000,0.032,0.732,0.025,0.000,0.035
562,-0.6958,3.847,1.798,-5.036,3.344,1.238,-4.968,-1.171,1.792,-5.046,-1.645,1.243,-4.964,0.012,0.745,0.012,0.000,0.032,0.735,0.012,0.000,0.036
563,-0.6826,3.890,1.843,-5.022,3.390,1.298,-4.978,-1.131,1.849,-5.037,-1.597,1.295,-4.973,0.013,0.735,0.014,0.000,0.022,0.729,0.014,0.000,0.027
564,-0.6693,3.927,1.881,-4.996,3.441,1.368,-4.997,-1.084,1.915,-5.024,-1.552,1.347,-4.987,0.022,0.715,0.024,0.000,0.003,0.726,0.024,0.000,0.013
565,-0.6559,3.968,1.929,-4.969,3.488,1.434,-5.017,-1.043,1.973,-5.006,-1.505,1.407,-5.004,0.028,0.701,0.031,0.000,0.017,0.717,0.031,0.000,0.004
566,-0.6425,3.999,1.967,-4.943,3.539,1.503,-5.035,-0.993,2.041,-4.997,-1.465,1.457,-5.015,0.046,0.684,0.050,0.000,0.035,0.720,0.050,0.000,0.015
567,-0.6290,4.042,2.026,-4.935,3.583,1.555,-5.041,-0.955,2.091,-4.990,-1.419,1.514,-5.022,0.041,0.683,0.045,0.000,0.041,0.714,0.045,0.000,0.022
568,-0.6154,4.074,2.077,-4.944,3.636,1.611,-5.035,-0.908,2.150,-4.992,-1.376,1.565,-5.018,0.047,0.674,0.050,0.000,0.035,0.715,0.050,0.000,0.018
569,-0.6017,4.112,2.138,-4.968,3.684,1.659,-5.018,-0.868,2.201,-5.004,-1.329,1.620,-5.005,0.041,0.673,0.043,0.000,0.018,0.711,0.043,0.000,0.005
570,-0.5880,4.142,2.193,-5.006,3.734,1.710,-4.993,-0.821,2.260,-5.015,-1.289,1.668,-4.990,0.048,0.670,0.048,0.000,0.007,0.717,0.048,0.000,0.010
571,-0.5742,4.177,2.258,-5.034,3.779,1.754,-4.973,-0.781,2.311,-5.029,-1.247,1.721,-4.975,0.042,0.676,0.042,0.000,0.027,0.718,0.042,0.000,0.025
572,-0.5604,4.213,2.325,-5.049,3.826,1.798,-4.961,-0.743,2.360,-5.039,-1.201,1.777,-4.965,0.035,0.682,0.035,0.000,0.039,0.715,0.035,0.000,0.035
573,-0.5465,4.253,2.396,-5.047,3.864,1.830,-4.962,-0.710,2.407,-5.042,-1.159,1.824,-4.964,0.024,0.703,0.024,0.000,0.038,0.721,0.024,0.000,0.036
574,-0.5325,4.294,2.468,-5.032,3.904,1.861,-4.973,-0.679,2.455,-5.034,-1.113,1.870,-4.972,0.019,0.724,0.019,0.000,0.027,0.726,0.019,0.000,0.028
575,-0.5185,4.331,2.536,-5.004,3.945,1.891,-4.993,-0.645,2.509,-5.020,-1.069,1.908,-4.987,0.022,0.746,0.023,0.000,0.007,0.740,0.023,0.000,0.013
576,-0.5044,4.374,2.607,-4.978,3.981,1.920,-5.013,-0.619,2.561,-4.999,-1.023,1.949,-5.006,0.029,0.773,0.030,0.000,0.013,0.750,0.030,0.000,0.006
577,-0.4902,4.409,2.669,-4.952,4.019,1.956,-5.032,-0.587,2.623,-4.986,-0.984,1.985,-5.020,0.029,0.794,0.031,0.000,0.032,0.770,0.031,0.000,0.020
578,-0.4760,4.451,2.737,-4.944,4.052,1.996,-5.039,-0.563,2.680,-4.974,-0.939,2.032,-5.029,0.037,0.814,0.038,0.000,0.039,0.778,0.038,0.000,0.029
579,-0.4618,4.490,2.802,-4.951,4.085,2.043,-5.035,-0.537,2.743,-4.974,-0.898,2.080,-5.027,0.041,0.829,0.041,0.000,0.035,0.788,0.041,0.000,0.027
580,-0.4475,4.529,2.869,-4.972,4.118,2.094,-5.020,-0.513,2.804,-4.984,-0.855,2.134,-5.016,0.048,0.839,0.049,0.000,0.020,0.791,0.049,0.000,0.016
581,-0.4331,4.560,2.927,-5.004,4.155,2.152,-4.998,-0.484,2.875,-4.997,-0.817,2.185,-5.001,0.043,0.842,0.043,0.000,0.002,0.800,0.043,0.000,0.001
582,-0.4187,4.593,2.992,-5.028,4.191,2.209,-4.980,-0.457,2.942,-5.014,-0.778,2.241,-4.985,0.044,0.847,0.045,0.000,0.020,0.805,0.045,0.000,0.015
583,-0.4043,4.618,3.049,-5.046,4.231,2.276,-4.968,-0.424,3.018,-5.022,-0.743,2.296,-4.976,0.033,0.841,0.034,0.000,0.032,0.812,0.034,0.000,0.024
584,-0.3898,4.641,3.104,-5.046,4.268,2.346,-4.967,-0.391,3.096,-5.024,-0.712,2.351,-4.975,0.021,0.835,0.022,0.000,0.033,0.822,0.022,0.000,0.025
585,-0.3752,4.665,3.164,-5.031,4.308,2.427,-4.977,-0.361,3.171,-5.018,-0.676,2.422,-4.982,0.017,0.817,0.017,0.000,0.023,0.814,0.017,0.000,0.018
586,-0.3607,4.690,3.230,-5.010,4.341,2.500,-4.993,-0.333,3.241,-5.004,-0.644,2.493,-4.995,0.016,0.809,0.016,0.000,0.007,0.809,0.016,0.000,0.005
587,-0.3460,4.714,3.298,-4.984,4.376,2.580,-5.012,-0.307,3.311,-4.988,-0.611,2.572,-5.011,0.015,0.795,0.015,0.000,0.012,0.797,0.015,0.000,0.011
588,-0.3314,4.733,3.357,-4.959,4.414,2.664,-5.030,-0.277,3.389,-4.977,-0.580,2.644,-5.023,0.021,0.776,0.022,0.000,0.030,0.792,0.022,0.000,0.023
589,-0.3167,4.755,3.430,-4.948,4.448,2.736,-5.038,-0.252,3.456,-4.970,-0.547,2.720,-5.030,0.017,0.770,0.019,0.000,0.038,0.783,0.019,0.000,0.030
590,-0.3020,4.766,3.487,-4.958,4.492,2.818,-5.032,-0.218,3.539,-4.970,-0.518,2.786,-5.028,0.034,0.750,0.034,0.000,0.032,0.784,0.034,0.000,0.028
591,-0.2872,4.783,3.565,-4.978,4.528,2.879,-5.017,-0.192,3.602,-4.983,-0.487,2.856,-5.015,0.028,0.753,0.028,0.000,0.017,0.781,0.028,0.000,0.015
592,-0.2724,4.792,3.631,-5.004,4.566,2.945,-4.998,-0.161,3.679,-4.998,-0.463,2.915,-5.000,0.042,0.752,0.042,0.000,0.002,0.790,0.042,0.000,0.000
593,-0.2576,4.808,3.710,-5.018,4.599,3.005,-4.984,-0.138,3.742,-5.021,-0.435,2.985,-4.983,0.040,0.759,0.040,0.000,0.016,0.789,0.040,0.000,0.017
594,-0.2427,4.823,3.790,-5.025,4.628,3.059,-4.977,-0.116,3.806,-5.033,-0.410,3.049,-4.974,0.039,0.774,0.039,0.000,0.023,0.795,0.039,0.000,0.026
595,-0.2279,4.836,3.866,-5.024,4.659,3.118,-4.978,-0.095,3.875,-5.034,-0.383,3.113,-4.974,0.043,0.782,0.043,0.000,0.022,0.800,0.043,0.000,0.026
596,-0.2130,4.850,3.937,-5.014,4.688,3.174,-4.986,-0.076,3.950,-5.023,-0.358,3.166,-4.983,0.047,0.794,0.048,0.000,0.014,0.815,0.048,0.000,0.017
597,-0.1981,4.868,4.013,-5.003,4.712,3.225,-4.999,-0.063,4.019,-4.999,-0.331,3.221,-5.000,0.043,0.813,0.043,0.000,0.001,0.828,0.043,0.000,0.000
598,-0.1831,4.883,4.078,-4.989,4.735,3.282,-5.012,-0.050,4.101,-4.977,-0.307,3.267,-5.016,0.045,0.828,0.045,0.000,0.012,0.853,0.045,0.000,0.016
599,-0.1682,4.902,4.153,-4.983,4.752,3.333,-5.021,-0.044,4.173,-4.955,-0.281,3.320,-5.031,0.036,0.849,0.037,0.000,0.021,0.869,0.037,0.000,0.031
600,-0.1532,4.924,4.229,-4.983,4.769,3.393,-5.023,-0.041,4.244,-4.944,-0.253,3.384,-5.037,0.024,0.861,0.028,0.000,0.023,0.876,0.028,0.000,0.037
601,-0.1383,4.944,4.304,-4.992,4.785,3.464,-5.017,-0.039,4.318,-4.951,-0.225,3.454,-5.031,0.014,0.864,0.020,0.000,0.017,0.875,0.020,0.000,0.031
602,-0.1233,4.962,4.379,-5.006,4.800,3.531,-5.003,-0.038,4.392,-4.970,-0.200,3.523,-5.016,0.008,0.869,0.015,0.000,0.003,0.878,0.015,0.000,0.016
603,-0.1083,4.976,4.449,-5.027,4.816,3.606,-4.986,-0.034,4.470,-4.994,-0.177,3.592,-4.997,0.015,0.868,0.019,0.000,0.014,0.880,0.019,0.000,0.003
604,-0.0933,4.989,4.528,-5.041,4.832,3.677,-4.971,-0.032,4.540,-5.018,-0.155,3.669,-4.979,0.015,0.870,0.017,0.000,0.029,0.875,0.017,0.000,0.021
605,-0.0783,4.994,4.593,-5.049,4.851,3.758,-4.964,-0.025,4.625,-5.029,-0.137,3.737,-4.971,0.024,0.863,0.025,0.000,0.036,0.881,0.025,0.000,0.029
606,-0.0633,4.999,4.672,-5.044,4.869,3.837,-4.966,-0.019,4.696,-5.030,-0.119,3.822,-4.971,0.019,0.855,0.020,0.000,0.034,0.869,0.020,0.000,0.029
607,-0.0483,5.000,4.751,-5.032,4.887,3.915,-4.976,-0.012,4.766,-5.019,-0.105,3.906,-4.981,0.012,0.851,0.013,0.000,0.024,0.858,0.013,0.000,0.019
608,-0.0333,4.997,4.826,-5.011,4.908,4.010,-4.994,-0.003,4.841,-5.000,-0.092,4.000,-4.997,0.010,0.828,0.011,0.000,0.006,0.838,0.011,0.000,0.003
609,-0.0183,4.992,4.900,-4.989,4.928,4.098,-5.011,0.006,4.917,-4.981,-0.081,4.087,-5.014,0.014,0.814,0.014,0.000,0.011,0.825,0.014,0.000,0.014
610,-0.0033,4.986,4.976,-4.971,4.947,4.189,-5.026,0.014,4.991,-4.964,-0.071,4.179,-5.028,0.020,0.797,0.020,0.000,0.026,0.808,0.020,0.000,0.028
611,0.0117,4.978,5.043,-4.967,4.965,4.273,-5.029,0.022,5.074,-4.958,-0.062,4.254,-5.033,0.033,0.787,0.033,0.000,0.029,0.807,0.033,0.000,0.033
612,0.0267,4.972,5.123,-4.980,4.978,4.345,-5.021,0.024,5.144,-4.961,-0.054,4.332,-5.028,0.035,0.789,0.036,0.000,0.021,0.803,0.036,0.000,0.028
613,0.0417,4.968,5.212,-4.999,4.988,4.410,-5.006,0.023,5.205,-4.976,-0.046,4.415,-5.014,0.035,0.798,0.036,0.000,0.006,0.795,0.036,0.000,0.014
614,0.0567,4.963,5.287,-5.027,4.997,4.486,-4.985,0.021,5.280,-4.994,-0.039,4.491,-4.997,0.036,0.797,0.038,0.000,0.015,0.793,0.038,0.000,0.003
615,0.0717,4.961,5.371,-5.045,5.002,4.556,-4.969,0.014,5.346,-5.016,-0.032,4.571,-4.980,0.037,0.803,0.038,0.000,0.031,0.787,0.038,0.000,0.020
616,0.0867,4.957,5.445,-5.055,5.005,4.628,-4.961,0.005,5.421,-5.028,-0.024,4.644,-4.971,0.033,0.806,0.035,0.000,0.039,0.790,0.035,0.000,0.029
617,0.1017,4.955,5.528,-5.052,5.007,4.691,-4.963,-0.007,5.487,-5.028,-0.017,4.717,-4.971,0.035,0.818,0.036,0.000,0.037,0.792,0.036,0.000,0.029
618,0.1167,4.951,5.602,-5.038,5.008,4.754,-4.973,-0.019,5.563,-5.017,-0.011,4.779,-4.981,0.030,0.829,0.031,0.000,0.027,0.804,0.031,0.000,0.019
619,0.1317,4.948,5.678,-5.022,5.007,4.811,-4.988,-0.034,5.635,-4.998,-0.005,4.837,-4.996,0.029,0.847,0.030,0.000,0.012,0.820,0.030,0.000,0.004
620,0.1467,4.944,5.756,-5.007,5.004,4.864,-5.002,-0.051,5.706,-4.975,0.001,4.895,-5.013,0.031,0.869,0.033,0.000,0.002,0.838,0.033,0.000,0.013
621,0.1617,4.940,5.828,-4.993,5.000,4.930,-5.014,-0.071,5.782,-4.957,0.007,4.960,-5.027,0.030,0.877,0.032,0.000,0.014,0.849,0.032,0.000,0.027
622,0.1767,4.935,5.890,-4.988,4.996,5.003,-5.019,-0.091,5.868,-4.953,0.012,5.018,-5.031,0.022,0.879,0.025,0.000,0.019,0.867,0.025,0.000,0.031
623,0.1917,4.929,5.960,-4.994,4.992,5.076,-5.013,-0.112,5.946,-4.960,0.018,5.085,-5.025,0.027,0.881,0.030,0.000,0.013,0.875,0.030,0.000,0.025
624,0.2067,4.920,6.037,-5.006,4.989,5.145,-5.001,-0.133,6.015,-4.981,0.022,5.158,-5.010,0.036,0.887,0.037,0.000,0.001,0.877,0.037,0.000,0.010
625,0.2217,4.908,6.099,-5.027,4.985,5.228,-4.983,-0.153,6.100,-5.004,0.023,5.227,-4.991,0.038,0.878,0.039,0.000,0.017,0.884,0.039,0.000,0.009
626,0.2367,4.892,6.170,-5.043,4.982,5.306,-4.968,-0.171,6.175,-5.027,0.021,5.303,-4.974,0.039,0.876,0.040,0.000,0.032,0.885,0.040,0.000,0.026
627,0.2517,4.872,6.231,-5.054,4.979,5.394,-4.959,-0.187,6.260,-5.036,0.017,5.376,-4.966,0.041,0.863,0.042,0.000,0.041,0.887,0.042,0.000,0.034
628,0.2667,4.849,6.303,-5.053,4.976,5.480,-4.960,-0.203,6.333,-5.034,0.009,5.461,-4.967,0.037,0.853,0.038,0.000,0.040,0.877,0.038,0.000,0.033
629,0.2817,4.826,6.358,-5.041,4.971,5.577,-4.970,-0.220,6.422,-5.024,0.000,5.537,-4.976,0.050,0.830,0.050,0.000,0.030,0.876,0.050,0.000,0.024
630,0.2967,4.800,6.430,-5.022,4.965,5.670,-4.986,-0.237,6.493,-5.005,-0.012,5.631,-4.992,0.046,0.813,0.046,0.000,0.014,0.856,0.046,0.000,0.008
631,0.3117,4.773,6.498,-4.998,4.958,5.762,-5.004,-0.255,6.569,-4.989,-0.024,5.718,-5.007,0.047,0.797,0.047,0.000,0.004,0.844,0.047,0.000,0.007
632,0.3267,4.744,6.573,-4.980,4.949,5.849,-5.018,-0.273,6.636,-4.977,-0.041,5.810,-5.019,0.040,0.785,0.040,0.000,0.018,0.826,0.040,0.000,0.019
633,0.3417,4.715,6.639,-4.972,4.938,5.929,-5.023,-0.293,6.712,-4.975,-0.057,5.884,-5.022,0.046,0.781,0.046,0.000,0.023,0.826,0.046,0.000,0.022
634,0.3567,4.684,6.707,-4.980,4.925,6.008,-5.017,-0.314,6.785,-4.980,-0.076,5.960,-5.017,0.048,0.776,0.048,0.000,0.017,0.822,0.048,0.000,0.017
635,0.3717,4.651,6.787,-4.999,4.912,6.078,-5.001,-0.333,6.845,-4.996,-0.098,6.041,-5.002,0.038,0.780,0.038,0.000,0.001,0.812,0.038,0.000,0.002
636,0.3867,4.617,6.867,-5.020,4.898,6.141,-4.984,-0.355,6.905,-5.016,-0.119,6.117,-4.985,0.029,0.792,0.029,0.000,0.016,0.808,0.029,0.000,0.015
637,0.4017,4.585,6.945,-5.044,4.879,6.212,-4.966,-0.381,6.965,-5.032,-0.142,6.200,-4.970,0.024,0.793,0.025,0.000,0.034,0.798,0.025,0.000,0.030
638,0.4167,4.555,7.023,-5.057,4.859,6.274,-4.957,-0.411,7.024,-5.038,-0.162,6.273,-4.964,0.021,0.804,0.022,0.000,0.043,0.797,0.022,0.000,0.036
639,0.4317,4.527,7.102,-5.057,4.835,6.335,-4.958,-0.444,7.082,-5.033,-0.183,6.348,-4.967,0.022,0.813,0.024,0.000,0.042,0.795,0.024,0.000,0.033
640,0.4467,4.501,7.176,-5.043,4.809,6.390,-4.970,-0.483,7.144,-5.019,-0.201,6.410,-4.979,0.023,0.827,0.024,0.000,0.030,0.804,0.024,0.000,0.021
641,0.4617,4.473,7.255,-5.023,4.786,6.435,-4.987,-0.520,7.200,-4.998,-0.219,6.470,-4.996,0.035,0.851,0.036,0.000,0.013,0.817,0.036,0.000,0.004
642,0.4767,4.447,7.328,-4.998,4.759,6.485,-5.007,-0.561,7.261,-4.978,-0.236,6.527,-5.014,0.042,0.869,0.043,0.000,0.007,0.832,0.043,0.000,0.014
643,0.4917,4.421,7.398,-4.973,4.729,6.544,-5.025,-0.605,7.323,-4.964,-0.255,6.591,-5.028,0.050,0.878,0.050,0.000,0.025,0.841,0.050,0.000,0.028
644,0.5067,4.394,7.462,-4.961,4.701,6.605,-5.033,-0.651,7.391,-4.960,-0.271,6.649,-5.033,0.053,0.886,0.053,0.000,0.033,0.856,0.053,0.000,0.033
645,0.5217,4.367,7.524,-4.965,4.670,6.675,-5.029,-0.698,7.460,-4.964,-0.289,6.715,-5.030,0.057,0.883,0.057,0.000,0.029,0.863,0.057,0.000,0.030
646,0.5367,4.332,7.597,-4.979,4.644,6.738,-5.017,-0.738,7.516,-4.980,-0.312,6.788,-5.017,0.067,0.890,0.067,0.000,0.017,0.863,0.067,0.000,0.017
647,0.5517,4.297,7.658,-5.002,4.617,6.806,-5.000,-0.780,7.583,-4.997,-0.335,6.853,-5.002,0.067,0.890,0.067,0.000,0.000,0.868,0.067,0.000,0.002
648,0.5667,4.256,7.718,-5.026,4.588,6.882,-4.982,-0.820,7.651,-5.011,-0.365,6.924,-4.987,0.063,0.883,0.063,0.000,0.018,0.867,0.063,0.000,0.013
649,0.5817,4.214,7.770,-5.043,4.560,6.962,-4.971,-0.858,7.725,-5.016,-0.395,6.990,-4.980,0.053,0.874,0.054,0.000,0.029,0.869,0.054,0.000,0.020
650,0.5967,4.163,7.830,-5.044,4.535,7.041,-4.971,-0.891,7.789,-5.013,-0.432,7.067,-4.982,0.042,0.866,0.044,0.000,0.029,0.860,0.044,0.000,0.018
651,0.6117,4.115,7.879,-5.031,4.509,7.125,-4.980,-0.928,7.864,-5.005,-0.465,7.135,-4.989,0.028,0.854,0.030,0.000,0.020,0.859,0.030,0.000,0.011
652,0.6267,4.062,7.931,-5.006,4.480,7.220,-4.998,-0.962,7.934,-4.993,-0.506,7.218,-5.003,0.015,0.832,0.016,0.000,0.002,0.842,0.016,0.000,0.003
653,0.6417,4.006,7.988,-4.983,4.454,7.301,-5.015,-0.996,7.997,-4.981,-0.545,7.295,-5.016,0.006,0.825,0.006,0.000,0.015,0.830,0.006,0.000,0.016
654,0.6567,3.952,8.040,-4.958,4.421,7.392,-5.031,-1.031,8.065,-4.973,-0.589,7.376,-5.026,0.019,0.806,0.020,0.000,0.031,0.813,0.020,0.000,0.026
655,0.6717,3.899,8.088,-4.948,4.387,7.477,-5.038,-1.071,8.135,-4.973,-0.631,7.447,-5.029,0.035,0.793,0.036,0.000,0.038,0.805,0.036,0.000,0.029
656,0.6867,3.845,8.144,-4.954,4.357,7.542,-5.033,-1.112,8.196,-4.977,-0.671,7.509,-5.024,0.043,0.797,0.044,0.000,0.033,0.807,0.044,0.000,0.024
657,0.7017,3.788,8.203,-4.974,4.321,7.611,-5.017,-1.151,8.252,-4.992,-0.717,7.580,-5.011,0.049,0.796,0.049,0.000,0.017,0.796,0.049,0.000,0.011
658,0.7167,3.736,8.259,-4.999,4.283,7.677,-4.999,-1.196,8.310,-5.009,-0.760,7.645,-4.995,0.053,0.795,0.054,0.000,0.001,0.794,0.054,0.000,0.005
659,0.7317,3.688,8.311,-5.022,4.239,7.746,-4.981,-1.248,8.370,-5.024,-0.801,7.709,-4.980,0.054,0.789,0.054,0.000,0.019,0.793,0.054,0.000,0.020
660,0.7467,3.644,8.365,-5.033,4.191,7.808,-4.972,-1.304,8.428,-5.034,-0.841,7.769,-4.972,0.051,0.786,0.051,0.000,0.028,0.796,0.051,0.000,0.028
661,0.7617,3.595,8.425,-5.029,4.145,7.859,-4.974,-1.358,8.476,-5.035,-0.884,7.828,-4.972,0.043,0.792,0.043,0.000,0.026,0.798,0.043,0.000,0.028
662,0.7767,3.550,8.481,-5.017,4.097,7.905,-4.984,-1.418,8.528,-5.025,-0.923,7.876,-4.981,0.035,0.801,0.035,0.000,0.016,0.810,0.035,0.000,0.019
663,0.7917,3.503,8.539,-5.002,4.046,7.946,-4.998,-1.477,8.576,-5.003,-0.966,7.923,-4.998,0.026,0.811,0.026,0.000,0.002,0.821,0.026,0.000,0.002
664,0.8067,3.462,8.591,-4.982,3.991,7.989,-5.015,-1.543,8.629,-4.982,-1.006,7.965,-5.015,0.024,0.817,0.024,0.000,0.015,0.837,0.024,0.000,0.015
665,0.8217,3.419,8.642,-4.970,3.939,8.031,-5.026,-1.609,8.681,-4.966,-1.044,8.006,-5.027,0.030,0.827,0.030,0.000,0.026,0.857,0.030,0.000,0.027
666,0.8367,3.368,8.699,-4.968,3.887,8.075,-5.029,-1.669,8.725,-4.958,-1.089,8.059,-5.032,0.028,0.834,0.029,0.000,0.029,0.862,0.029,0.000,0.032
667,0.8517,3.319,8.755,-4.976,3.837,8.123,-5.023,-1.732,8.769,-4.965,-1.131,8.113,-5.026,0.033,0.840,0.034,0.000,0.023,0.868,0.034,0.000,0.026
668,0.8667,3.264,8.813,-4.990,3.788,8.172,-5.009,-1.790,8.809,-4.987,-1.178,8.174,-5.010,0.034,0.844,0.034,0.000,0.009,0.865,0.034,0.000,0.010
669,0.8817,3.208,8.867,-5.008,3.739,8.221,-4.992,-1.850,8.851,-5.012,-1.224,8.231,-4.991,0.038,0.849,0.038,0.000,0.008,0.867,0.038,0.000,0.009
670,0.8967,3.149,8.920,-5.026,3.687,8.275,-4.976,-1.907,8.892,-5.034,-1.277,8.293,-4.973,0.039,0.848,0.040,0.000,0.024,0.860,0.040,0.000,0.027
671,0.9117,3.089,8.968,-5.036,3.636,8.333,-4.968,-1.965,8.937,-5.045,-1.330,8.352,-4.965,0.039,0.846,0.039,0.000,0.032,0.855,0.039,0.000,0.035
672,0.9267,3.019,9.022,-5.035,3.590,8.391,-4.969,-2.014,8.975,-5.043,-1.390,8.420,-4.966,0.036,0.846,0.036,0.000,0.031,0.839,0.036,0.000,0.034
673,0.9417,2.957,9.060,-5.023,3.539,8.460,-4.979,-2.072,9.026,-5.033,-1.443,8.481,-4.975,0.028,0.835,0.028,0.000,0.021,0.834,0.028,0.000,0.025
674,0.9567,2.879,9.113,-5.009,3.496,8.522,-4.992,-2.117,9.060,-5.009,-1.506,8.555,-4.992,0.034,0.835,0.034,0.000,0.008,0.811,0.034,0.000,0.008
675,0.9717,2.808,9.156,-4.991,3.448,8.590,-5.008,-2.170,9.103,-4.990,-1.565,8.623,-5.008,0.036,0.829,0.036,0.000,0.008,0.797,0.036,0.000,0.008
676,0.9867,2.744,9.187,-4.972,3.396,8.661,-5.022,-2.230,9.155,-4.978,-1.620,8.681,-5.020,0.025,0.817,0.026,0.000,0.022,0.793,0.026,0.000,0.020
677,1.0017,2.666,9.232,-4.967,3.351,8.718,-5.027,-2.277,9.192,-4.969,-1.685,8.743,-5.026,0.044,0.822,0.044,0.000,0.027,0.778,0.044,0.000,0.026
678,1.0167,2.599,9.264,-4.973,3.296,8.780,-5.022,-2.337,9.240,-4.974,-1.745,8.795,-5.022,0.043,0.816,0.043,0.000,0.022,0.774,0.043,0.000,0.022
679,1.0317,2.526,9.301,-4.989,3.243,8.835,-5.009,-2.392,9.280,-4.990,-1.808,8.848,-5.009,0.053,0.816,0.053,0.000,0.009,0.766,0.053,0.000,0.009
680,1.0467,2.463,9.331,-5.013,3.184,8.893,-4.991,-2.459,9.327,-5.007,-1.865,8.896,-4.993,0.049,0.809,0.049,0.000,0.009,0.767,0.049,0.000,0.007
681,1.0617,2.395,9.366,-5.030,3.127,8.945,-4.976,-2.521,9.366,-5.027,-1.925,8.945,-4.977,0.052,0.809,0.052,0.000,0.024,0.765,0.052,0.000,0.023
682,1.0767,2.341,9.392,-5.040,3.064,8.996,-4.968,-2.598,9.412,-5.036,-1.975,8.983,-4.969,0.040,0.803,0.040,0.000,0.032,0.777,0.040,0.000,0.031
683,1.0917,2.273,9.428,-5.038,3.008,9.033,-4.969,-2.663,9.446,-5.037,-2.032,9.022,-4.969,0.042,0.812,0.042,0.000,0.031,0.783,0.042,0.000,0.031
684,1.1067,2.218,9.456,-5.026,2.941,9.071,-4.979,-2.742,9.486,-5.025,-2.084,9.052,-4.979,0.032,0.809,0.032,0.000,0.021,0.797,0.032,0.000,0.021
685,1.1217,2.163,9.484,-5.009,2.877,9.101,-4.993,-2.821,9.525,-5.007,-2.133,9.075,-4.994,0.028,0.814,0.028,0.000,0.007,0.818,0.028,0.000,0.006
686,1.1367,2.105,9.512,-4.992,2.808,9.131,-5.009,-2.899,9.561,-4.981,-2.190,9.101,-5.013,0.031,0.813,0.031,0.000,0.009,0.831,0.031,0.000,0.013
687,1.1517,2.038,9.545,-4.984,2.753,9.156,-5.019,-2.968,9.590,-4.960,-2.243,9.127,-5.028,0.028,0.828,0.030,0.000,0.019,0.846,0.030,0.000,0.028
688,1.1667,1.979,9.575,-4.976,2.682,9.190,-5.026,-3.047,9.620,-4.950,-2.301,9.162,-5.035,0.033,0.824,0.034,0.000,0.026,0.853,0.034,0.000,0.035
689,1.1817,1.918,9.605,-4.979,2.617,9.225,-5.023,-3.125,9.647,-4.958,-2.356,9.198,-5.030,0.038,0.825,0.039,0.000,0.023,0.861,0.039,0.000,0.030
690,1.1967,1.856,9.636,-4.991,2.547,9.263,-5.010,-3.201,9.672,-4.980,-2.417,9.240,-5.014,0.042,0.819,0.042,0.000,0.010,0.862,0.042,0.000,0.014
691,1.2117,1.793,9.664,-5.011,2.479,9.301,-4.992,-3.279,9.698,-5.006,-2.476,9.280,-4.994,0.050,0.816,0.050,0.000,0.008,0.865,0.050,0.000,0.006
692,1.2267,1.719,9.698,-5.027,2.416,9.335,-4.977,-3.346,9.716,-5.030,-2.543,9.323,-4.976,0.042,0.819,0.042,0.000,0.023,0.860,0.042,0.000,0.024
693,1.2417,1.650,9.726,-5.037,2.349,9.374,-4.969,-3.419,9.737,-5.040,-2.608,9.367,-4.968,0.044,0.816,0.044,0.000,0.031,0.858,0.044,0.000,0.032
694,1.2567,1.576,9.756,-5.034,2.287,9.414,-4.970,-3.486,9.755,-5.039,-2.675,9.414,-4.969,0.038,0.817,0.039,0.000,0.030,0.852,0.039,0.000,0.031
695,1.2717,1.499,9.784,-5.022,2.224,9.458,-4.980,-3.553,9.772,-5.028,-2.743,9.466,-4.978,0.034,0.816,0.034,0.000,0.020,0.843,0.034,0.000,0.022
696,1.2867,1.418,9.814,-5.005,2.161,9.505,-4.996,-3.615,9.785,-5.006,-2.818,9.523,-4.995,0.027,0.815,0.027,0.000,0.004,0.828,0.027,0.000,0.005
697,1.3017,1.345,9.835,-4.982,2.093,9.555,-5.014,-3.686,9.805,-4.988,-2.888,9.575,-5.011,0.027,0.808,0.027,0.000,0.014,0.821,0.027,0.000,0.011
698,1.3167,1.262,9.861,-4.967,2.029,9.597,-5.026,-3.748,9.818,-4.972,-2.965,9.624,-5.025,0.027,0.810,0.027,0.000,0.026,0.808,0.027,0.000,0.025
699,1.3317,1.182,9.881,-4.961,1.965,9.633,-5.031,-3.814,9.834,-4.967,-3.037,9.663,-5.029,0.030,0.813,0.030,0.000,0.031,0.804,0.030,0.000,0.029
700,1.3467,1.111,9.897,-4.970,1.896,9.666,-5.025,-3.889,9.853,-4.972,-3.104,9.693,-5.024,0.027,0.812,0.027,0.000,0.025,0.806,0.027,0.000,0.024
701,1.3617,1.031,9.914,-4.990,1.825,9.695,-5.009,-3.955,9.869,-4.989,-3.184,9.723,-5.009,0.029,0.811,0.029,0.000,0.009,0.796,0.029,0.000,0.009
702,1.3767,0.949,9.930,-5.008,1.763,9.719,-4.992,-4.020,9.882,-5.011,-3.256,9.748,-4.991,0.036,0.821,0.036,0.000,0.008,0.795,0.036,0.000,0.009
703,1.3917,0.868,9.944,-5.024,1.695,9.742,-4.978,-4.086,9.896,-5.033,-3.333,9.772,-4.974,0.042,0.824,0.042,0.000,0.022,0.790,0.042,0.000,0.026
704,1.4067,0.793,9.956,-5.034,1.626,9.761,-4.969,-4.159,9.909,-5.044,-3.403,9.790,-4.966,0.042,0.828,0.042,0.000,0.031,0.794,0.042,0.000,0.034
705,1.4217,0.720,9.967,-5.033,1.551,9.774,-4.970,-4.234,9.922,-5.042,-3.478,9.803,-4.967,0.041,0.826,0.041,0.000,0.030,0.793,0.041,0.000,0.033
706,1.4367,0.652,9.975,-5.021,1.474,9.783,-4.980,-4.315,9.935,-5.030,-3.547,9.808,-4.977,0.033,0.824,0.033,0.000,0.020,0.799,0.033,0.000,0.023
707,1.4517,0.580,9.981,-5.005,1.403,9.788,-4.995,-4.392,9.948,-5.009,-3.615,9.808,-4.994,0.027,0.828,0.027,0.000,0.005,0.806,0.027,0.000,0.006
708,1.4667,0.513,9.984,-4.986,1.325,9.793,-5.012,-4.474,9.962,-4.987,-3.683,9.807,-5.011,0.016,0.825,0.016,0.000,0.012,0.814,0.016,0.000,0.011
709,1.4817,0.437,9.985,-4.975,1.253,9.801,-5.023,-4.547,9.975,-4.966,-3.757,9.808,-5.026,0.012,0.828,0.012,0.000,0.023,0.817,0.012,0.000,0.026
710,1.4967,0.361,9.988,-4.971,1.186,9.812,-5.027,-4.621,9.985,-4.959,-3.825,9.813,-5.031,0.011,0.835,0.012,0.000,0.027,0.824,0.012,0.000,0.031
711,1.5117,0.292,9.989,-4.979,1.108,9.828,-5.021,-4.701,9.994,-4.966,-3.897,9.824,-5.025,0.006,0.829,0.007,0.000,0.021,0.825,0.007,0.000,0.025
712,1.5267,0.225,9.989,-4.998,1.031,9.845,-5.005,-4.785,10.002,-4.983,-3.963,9.837,-5.011,0.010,0.824,0.011,0.000,0.005,0.832,0.011,0.000,0.011
713,1.5417,0.158,9.988,-5.018,0.960,9.860,-4.989,-4.867,10.008,-5.004,-4.025,9.848,-4.993,0.020,0.826,0.020,0.000,0.011,0.843,0.020,0.000,0.007
714,1.5567,0.080,9.989,-5.031,0.889,9.876,-4.975,-4.939,10.010,-5.029,-4.099,9.862,-4.975,0.018,0.828,0.018,0.000,0.025,0.843,0.018,0.000,0.025
715,1.5717,0.006,9.987,-5.039,0.819,9.893,-4.967,-5.015,10.013,-5.040,-4.168,9.877,-4.967,0.020,0.831,0.020,0.000,0.033,0.846,0.020,0.000,0.033
716,1.5867,-0.074,9.987,-5.037,0.749,9.913,-4.969,-5.085,10.011,-5.037,-4.245,9.898,-4.969,0.016,0.833,0.016,0.000,0.031,0.841,0.016,0.000,0.031
717,1.6017,-0.145,9.984,-5.022,0.672,9.939,-4.981,-5.164,10.012,-5.023,-4.316,9.922,-4.981,0.021,0.829,0.021,0.000,0.019,0.842,0.021,0.000,0.019
718,1.6167,-0.226,9.981,-5.003,0.602,9.966,-4.998,-5.232,10.009,-5.002,-4.395,9.949,-4.998,0.018,0.832,0.018,0.000,0.002,0.836,0.018,0.000,0.002
719,1.6317,-0.298,9.973,-4.977,0.525,9.995,-5.017,-5.311,10.008,-4.986,-4.468,9.973,-5.014,0.023,0.829,0.023,0.000,0.017,0.837,0.023,0.000,0.014
720,1.6467,-0.375,9.967,-4.961,0.454,10.017,-5.030,-5.383,10.004,-4.973,-4.541,9.994,-5.026,0.023,0.834,0.024,0.000,0.030,0.838,0.024,0.000,0.026
721,1.6617,-0.453,9.962,-4.958,0.383,10.031,-5.033,-5.455,9.997,-4.966,-4.616,10.009,-5.030,0.022,0.839,0.022,0.000,0.033,0.839,0.022,0.000,0.030
722,1.6767,-0.535,9.956,-4.968,0.312,10.038,-5.026,-5.522,9.988,-4.970,-4.697,10.019,-5.025,0.021,0.843,0.021,0.000,0.026,0.833,0.021,0.000,0.025
723,1.6917,-0.613,9.949,-4.991,0.240,10.042,-5.010,-5.593,9.978,-4.983,-4.772,10.024,-5.012,0.022,0.847,0.022,0.000,0.010,0.833,0.022,0.000,0.012
724,1.7067,-0.691,9.941,-5.019,0.163,10.044,-4.989,-5.664,9.967,-5.001,-4.853,10.028,-4.995,0.023,0.845,0.024,0.000,0.011,0.827,0.024,0.000,0.005
725,1.7217,-0.762,9.933,-5.041,0.085,10.042,-4.972,-5.742,9.953,-5.015,-4.928,10.030,-4.981,0.018,0.843,0.020,0.000,0.028,0.829,0.020,0.000,0.019
726,1.7367,-0.831,9.925,-5.051,0.012,10.035,-4.964,-5.820,9.938,-5.023,-4.995,10.027,-4.974,0.011,0.845,0.015,0.000,0.036,0.837,0.015,0.000,0.026
727,1.7517,-0.909,9.915,-5.050,-0.062,10.022,-4.965,-5.891,9.922,-5.020,-5.073,10.018,-4.976,0.012,0.845,0.016,0.000,0.035,0.833,0.016,0.000,0.024
728,1.7667,-0.980,9.904,-5.040,-0.136,10.004,-4.974,-5.966,9.905,-5.007,-5.145,10.003,-4.986,0.009,0.843,0.015,0.000,0.026,0.835,0.015,0.000,0.014
729,1.7817,-1.055,9.889,-5.025,-0.211,9.982,-4.988,-6.038,9.889,-4.986,-5.222,9.982,-5.002,0.011,0.841,0.018,0.000,0.012,0.830,0.018,0.000,0.002
730,1.7967,-1.120,9.875,-5.004,-0.293,9.958,-5.005,-6.120,9.871,-4.969,-5.292,9.961,-5.017,0.003,0.831,0.013,0.000,0.005,0.832,0.013,0.000,0.017
731,1.8117,-1.193,9.858,-4.989,-0.368,9.938,-5.017,-6.193,9.853,-4.956,-5.368,9.941,-5.029,0.003,0.829,0.012,0.000,0.017,0.829,0.012,0.000,0.029
732,1.8267,-1.256,9.842,-4.980,-0.450,9.921,-5.022,-6.275,9.833,-4.955,-5.438,9.927,-5.031,0.013,0.820,0.016,0.000,0.022,0.833,0.016,0.000,0.031
733,1.8417,-1.325,9.823,-4.983,-0.525,9.910,-5.018,-6.351,9.812,-4.967,-5.509,9.916,-5.024,0.017,0.819,0.018,0.000,0.018,0.836,0.018,0.000,0.024
734,1.8567,-1.390,9.803,-4.997,-0.605,9.900,-5.005,-6.431,9.791,-4.988,-5.579,9.907,-5.008,0.027,0.812,0.027,0.000,0.005,0.839,0.027,0.000,0.008
735,1.8717,-1.469,9.779,-5.009,-0.672,9.891,-4.991,-6.495,9.772,-5.015,-5.656,9.895,-4.989,0.016,0.818,0.017,0.000,0.009,0.835,0.017,0.000,0.011
736,1.8867,-1.536,9.756,-5.026,-0.750,9.881,-4.977,-6.571,9.749,-5.032,-5.728,9.885,-4.975,0.022,0.814,0.022,0.000,0.023,0.836,0.022,0.000,0.025
737,1.9017,-1.614,9.731,-5.033,-0.821,9.874,-4.971,-6.635,9.726,-5.040,-5.808,9.878,-4.968,0.013,0.818,0.014,0.000,0.029,0.831,0.014,0.000,0.032
738,1.9167,-1.684,9.707,-5.030,-0.896,9.871,-4.974,-6.707,9.701,-5.035,-5.882,9.875,-4.972,0.015,0.816,0.015,0.000,0.026,0.832,0.015,0.000,0.028
739,1.9317,-1.753,9.681,-5.017,-0.966,9.871,-4.984,-6.778,9.674,-5.023,-5.950,9.875,-4.982,0.016,0.822,0.017,0.000,0.016,0.839,0.017,0.000,0.018
740,1.9467,-1.832,9.655,-5.000,-1.037,9.873,-5.000,-6.839,9.647,-5.002,-6.032,9.878,-4.999,0.007,0.829,0.007,0.000,0.000,0.835,0.007,0.000,0.001
741,1.9617,-1.910,9.627,-4.983,-1.101,9.873,-5.014,-6.900,9.619,-4.982,-6.108,9.878,-5.015,0.008,0.842,0.008,0.000,0.014,0.837,0.008,0.000,0.015
742,1.9767,-1.984,9.598,-4.966,-1.177,9.869,-5.028,-6.964,9.589,-4.967,-6.190,9.874,-5.028,0.014,0.844,0.014,0.000,0.028,0.833,0.014,0.000,0.028
743,1.9917,-2.053,9.569,-4.960,-1.252,9.857,-5.032,-7.032,9.558,-4.963,-6.265,9.864,-5.031,0.015,0.844,0.015,0.000,0.032,0.834,0.015,0.000,0.031
744,2.0067,-2.131,9.536,-4.967,-1.321,9.842,-5.026,-7.092,9.529,-4.973,-6.345,9.847,-5.024,0.025,0.850,0.025,0.000,0.026,0.829,0.025,0.000,0.024
745,2.0217,-2.196,9.503,-4.986,-1.395,9.823,-5.011,-7.161,9.497,-4.991,-6.417,9.827,-5.009,0.022,0.848,0.022,0.000,0.011,0.829,0.022,0.000,0.009
746,2.0367,-2.269,9.467,-5.006,-1.463,9.804,-4.993,-7.223,9.467,-5.014,-6.493,9.804,-4.990,0.029,0.852,0.029,0.000,0.007,0.826,0.029,0.000,0.010
747,2.0517,-2.327,9.435,-5.027,-1.539,9.781,-4.977,-7.299,9.431,-5.028,-6.556,9.783,-4.977,0.017,0.849,0.017,0.000,0.023,0.834,0.017,0.000,0.023
748,2.0667,-2.400,9.396,-5.036,-1.603,9.756,-4.970,-7.358,9.400,-5.037,-6.629,9.753,-4.970,0.027,0.856,0.027,0.000,0.030,0.830,0.027,0.000,0.030
749,2.0817,-2.463,9.359,-5.038,-1.673,9.723,-4.970,-7.426,9.364,-5.031,-6.696,9.720,-4.972,0.023,0.853,0.023,0.000,0.030,0.830,0.023,0.000,0.028
750,2.0967,-2.515,9.328,-5.027,-1.750,9.680,-4.980,-7.505,9.321,-5.019,-6.757,9.684,-4.982,0.008,0.839,0.008,0.000,0.020,0.835,0.008,0.000,0.018
751,2.1117,-2.575,9.289,-5.011,-1.828,9.632,-4.994,-7.574,9.283,-4.995,-6.829,9.635,-5.000,0.004,0.823,0.007,0.000,0.006,0.823,0.007,0.000,0.000
752,2.1267,-2.635,9.249,-4.998,-1.900,9.586,-5.008,-7.642,9.245,-4.971,-6.896,9.589,-5.018,0.005,0.813,0.011,0.000,0.008,0.818,0.011,0.000,0.018
753,2.1417,-2.699,9.204,-4.990,-1.972,9.544,-5.018,-7.705,9.210,-4.951,-6.968,9.541,-5.032,0.005,0.805,0.015,0.000,0.018,0.807,0.015,0.000,0.032
754,2.1567,-2.763,9.160,-4.986,-2.037,9.510,-5.021,-7.767,9.173,-4.947,-7.035,9.502,-5.035,0.008,0.805,0.016,0.000,0.021,0.804,0.016,0.000,0.035
755,2.1717,-2.822,9.116,-4.989,-2.114,9.473,-5.016,-7.832,9.132,-4.961,-7.107,9.464,-5.026,0.012,0.794,0.016,0.000,0.016,0.796,0.016,0.000,0.026
756,2.1867,-2.876,9.074,-5.002,-2.190,9.439,-5.003,-7.901,9.089,-4.984,-7.174,9.430,-5.009,0.018,0.785,0.019,0.000,0.003,0.795,0.019,0.000,0.009
757,2.2017,-2.940,9.026,-5.015,-2.258,9.407,-4.988,-7.959,9.048,-5.014,-7.246,9.393,-4.988,0.018,0.784,0.018,0.000,0.012,0.788,0.018,0.000,0.012
758,2.2167,-2.991,8.985,-5.030,-2.330,9.373,-4.974,-8.028,9.001,-5.033,-7.307,9.363,-4.973,0.025,0.779,0.025,0.000,0.026,0.795,0.025,0.000,0.027
759,2.2317,-3.055,8.937,-5.034,-2.395,9.344,-4.968,-8.084,8.958,-5.047,-7.377,9.331,-4.964,0.022,0.783,0.023,0.000,0.032,0.792,0.023,0.000,0.036
760,2.2467,-3.110,8.892,-5.029,-2.465,9.317,-4.971,-8.146,8.909,-5.047,-7.442,9.306,-4.965,0.025,0.783,0.026,0.000,0.029,0.798,0.026,0.000,0.035
761,2.2617,-3.177,8.843,-5.020,-2.524,9.297,-4.981,-8.195,8.863,-5.030,-7.512,9.284,-4.978,0.017,0.797,0.018,0.000,0.019,0.800,0.018,0.000,0.022
762,2.2767,-3.231,8.798,-5.001,-2.593,9.275,-4.998,-8.256,8.812,-5.007,-7.577,9.267,-4.995,0.018,0.803,0.018,0.000,0.002,0.810,0.018,0.000,0.005
763,2.2917,-3.294,8.751,-4.986,-2.656,9.254,-5.013,-8.307,8.761,-4.981,-7.648,9.247,-5.015,0.010,0.814,0.010,0.000,0.013,0.817,0.010,0.000,0.015
764,2.3067,-3.348,8.706,-4.974,-2.717,9.227,-5.023,-8.364,8.706,-4.966,-7.707,9.228,-5.027,0.010,0.825,0.010,0.000,0.023,0.833,0.010,0.000,0.027
765,2.3217,-3.407,8.660,-4.973,-2.775,9.194,-5.026,-8.416,8.651,-4.959,-7.770,9.200,-5.031,0.008,0.834,0.009,0.000,0.026,0.842,0.009,0.000,0.031
766,2.3367,-3.470,8.611,-4.982,-2.832,9.156,-5.019,-8.462,8.597,-4.966,-7.838,9.165,-5.024,0.010,0.841,0.012,0.000,0.019,0.843,0.012,0.000,0.024
767,2.3517,-3.524,8.565,-5.002,-2.893,9.112,-5.003,-8.515,8.538,-4.983,-7.899,9.129,-5.010,0.018,0.840,0.019,0.000,0.003,0.848,0.019,0.000,0.010
768,2.3667,-3.585,8.512,-5.022,-2.950,9.070,-4.985,-8.560,8.485,-5.008,-7.965,9.087,-4.990,0.023,0.845,0.023,0.000,0.015,0.846,0.023,0.000,0.010
769,2.3817,-3.636,8.463,-5.040,-3.011,9.021,-4.970,-8.614,8.426,-5.025,-8.025,9.044,-4.975,0.027,0.843,0.027,0.000,0.030,0.849,0.027,0.000,0.025
770,2.3967,-3.693,8.405,-5.045,-3.067,8.972,-4.965,-8.659,8.374,-5.035,-8.089,8.992,-4.968,0.029,0.843,0.029,0.000,0.035,0.842,0.029,0.000,0.032
771,2.4117,-3.741,8.352,-5.040,-3.124,8.919,-4.968,-8.712,8.316,-5.033,-8.142,8.941,-4.971,0.029,0.840,0.029,0.000,0.032,0.843,0.029,0.000,0.029
772,2.4267,-3.790,8.292,-5.022,-3.184,8.855,-4.982,-8.761,8.263,-5.020,-8.203,8.873,-4.983,0.026,0.827,0.026,0.000,0.018,0.827,0.026,0.000,0.017
773,2.4417,-3.838,8.231,-5.002,-3.240,8.793,-4.999,-8.811,8.210,-4.999,-8.257,8.806,-5.000,0.021,0.818,0.021,0.000,0.001,0.815,0.021,0.000,0.000
774,2.4567,-3.887,8.164,-4.984,-3.295,8.730,-5.016,-8.857,8.162,-4.974,-8.314,8.731,-5.019,0.019,0.809,0.019,0.000,0.016,0.797,0.019,0.000,0.019
775,2.4717,-3.932,8.100,-4.970,-3.350,8.669,-5.028,-8.907,8.109,-4.959,-8.366,8.664,-5.032,0.017,0.803,0.017,0.000,0.028,0.788,0.017,0.000,0.032
776,2.4867,-3.976,8.038,-4.963,-3.408,8.607,-5.032,-8.955,8.053,-4.957,-8.421,8.598,-5.035,0.016,0.792,0.016,0.000,0.032,0.776,0.016,0.000,0.035
777,2.5017,-4.015,7.980,-4.969,-3.463,8.553,-5.027,-9.007,7.991,-4.967,-8.467,8.545,-5.027,0.009,0.789,0.009,0.000,0.027,0.781,0.009,0.000,0.027
778,2.5167,-4.055,7.917,-4.983,-3.517,8.500,-5.013,-9.056,7.933,-4.988,-8.517,8.490,-5.011,0.010,0.787,0.010,0.000,0.013,0.781,0.010,0.000,0.011
779,2.5317,-4.098,7.852,-5.000,-3.571,8.446,-4.996,-9.099,7.876,-5.015,-8.570,8.431,-4.991,0.015,0.786,0.016,0.000,0.004,0.775,0.016,0.000,0.009
780,2.5467,-4.134,7.794,-5.019,-3.628,8.388,-4.981,-9.148,7.810,-5.033,-8.619,8.378,-4.976,0.014,0.779,0.015,0.000,0.019,0.778,0.015,0.000,0.024
781,2.5617,-4.178,7.730,-5.027,-3.679,8.337,-4.974,-9.187,7.750,-5.042,-8.673,8.324,-4.969,0.014,0.782,0.015,0.000,0.026,0.776,0.015,0.000,0.031
782,2.5767,-4.216,7.672,-5.025,-3.732,8.286,-4.977,-9.230,7.681,-5.036,-8.723,8.280,-4.973,0.010,0.783,0.011,0.000,0.023,0.784,0.011,0.000,0.027
783,2.5917,-4.262,7.608,-5.014,-3.779,8.244,-4.987,-9.264,7.618,-5.018,-8.778,8.238,-4.986,0.007,0.796,0.007,0.000,0.013,0.791,0.007,0.000,0.014
784,2.6067,-4.297,7.551,-4.994,-3.829,8.203,-5.003,-9.306,7.547,-5.001,-8.823,8.205,-5.001,0.006,0.807,0.006,0.000,0.003,0.812,0.006,0.000,0.001
785,2.6217,-4.342,7.486,-4.978,-3.873,8.164,-5.019,-9.337,7.482,-4.977,-8.876,8.167,-5.019,0.004,0.825,0.004,0.000,0.019,0.826,0.004,0.000,0.019
786,2.6367,-4.382,7.423,-4.965,-3.911,8.126,-5.030,-9.370,7.414,-4.963,-8.919,8.132,-5.030,0.010,0.847,0.010,0.000,0.030,0.848,0.010,0.000,0.030
787,2.6517,-4.420,7.364,-4.960,-3.954,8.074,-5.034,-9.404,7.341,-4.959,-8.964,8.088,-5.034,0.017,0.855,0.017,0.000,0.034,0.862,0.017,0.000,0.034
788,2.6667,-4.461,7.292,-4.960,-3.958,8.070,-5.033,-9.433,7.281,-4.960,-8.975,8.077,-5.033,0.019,0.924,0.019,0.000,0.033,0.921,0.019,0.000,0.033
789,2.6817,-4.490,7.232,-4.962,-3.971,8.052,-5.032,-9.471,7.206,-4.961,-8.982,8.069,-5.033,0.020,0.977,0.020,0.000,0.032,0.985,0.020,0.000,0.033
790,2.6967,-4.531,7.161,-4.971,-4.006,8.002,-5.023,-9.495,7.142,-4.977,-9.029,8.014,-5.021,0.026,0.990,0.026,0.000,0.023,0.989,0.026,0.000,0.021
791,2.7117,-4.562,7.100,-4.992,-4.049,7.940,-5.006,-9.528,7.068,-4.997,-9.070,7.961,-5.004,0.029,0.990,0.029,0.000,0.006,0.997,0.029,0.000,0.004
792,2.7267,-4.595,7.030,-5.011,-4.090,7.881,-4.989,-9.556,7.001,-5.021,-9.114,7.899,-4.985,0.030,0.993,0.030,0.000,0.011,0.997,0.030,0.000,0.015
793,2.7417,-4.620,6.966,-5.026,-4.135,7.811,-4.976,-9.591,6.927,-5.037,-9.153,7.836,-4.972,0.030,0.985,0.030,0.000,0.024,0.998,0.030,0.000,0.028
794,2.7567,-4.646,6.892,-5.028,-4.178,7.740,-4.972,-9.622,6.862,-5.045,-9.193,7.759,-4.966,0.024,0.977,0.025,0.000,0.028,0.987,0.025,0.000,0.034
795,2.7717,-4.662,6.833,-5.017,-4.225,7.655,-4.980,-9.661,6.782,-5.045,-9.225,7.687,-4.969,0.032,0.954,0.033,0.000,0.020,0.982,0.033,0.000,0.031
796,2.7867,-4.685,6.756,-4.998,-4.268,7.570,-4.994,-9.692,6.718,-5.031,-9.263,7.594,-4.982,0.024,0.933,0.027,0.000,0.006,0.956,0.027,0.000,0.018
797,2.8017,-4.703,6.684,-4.978,-4.311,7.482,-5.010,-9.725,6.650,-5.011,-9.297,7.503,-4.999,0.025,0.910,0.028,0.000,0.010,0.935,0.028,0.000,0.001
798,2.8167,-4.723,6.604,-4.964,-4.353,7.396,-5.025,-9.754,6.588,-4.985,-9.333,7.405,-5.018,0.022,0.888,0.023,0.000,0.025,0.905,0.023,0.000,0.018
799,2.8317,-4.737,6.534,-4.955,-4.398,7.306,-5.034,-9.787,6.515,-4.969,-9.366,7.318,-5.029,0.034,0.862,0.034,0.000,0.034,0.887,0.034,0.000,0.029
800,2.8467,-4.751,6.464,-4.959,-4.438,7.228,-5.033,-9.817,6.442,-4.964,-9.397,7.242,-5.031,0.044,0.849,0.044,0.000,0.033,0.879,0.044,0.000,0.031
801,2.8617,-4.773,6.378,-4.973,-4.473,7.160,-5.022,-9.838,6.384,-4.976,-9.433,7.156,-5.021,0.040,0.847,0.040,0.000,0.022,0.860,0.040,0.000,0.021
802,2.8767,-4.790,6.307,-5.000,-4.511,7.080,-5.001,-9.862,6.311,-4.995,-9.466,7.078,-5.003,0.045,0.833,0.045,0.000,0.001,0.849,0.045,0.000,0.003
803,2.8917,-4.812,6.225,-5.023,-4.543,7.008,-4.981,-9.877,6.248,-5.023,-9.502,6.993,-4.981,0.043,0.828,0.043,0.000,0.019,0.831,0.043,0.000,0.019
804,2.9067,-4.831,6.153,-5.042,-4.575,6.931,-4.965,-9.894,6.174,-5.040,-9.536,6.918,-4.966,0.041,0.820,0.041,0.000,0.035,0.823,0.041,0.000,0.034
805,2.9217,-4.856,6.073,-5.047,-4.601,6.865,-4.961,-9.903,6.108,-5.049,-9.572,6.843,-4.960,0.036,0.824,0.036,0.000,0.039,0.814,0.036,0.000,0.040
806,2.9367,-4.878,6.003,-5.037,-4.627,6.799,-4.968,-9.913,6.032,-5.043,-9.605,6.780,-4.966,0.029,0.827,0.029,0.000,0.032,0.817,0.029,0.000,0.034
807,2.9517,-4.903,5.924,-5.019,-4.650,6.743,-4.983,-9.917,5.964,-5.023,-9.641,6.719,-4.982,0.026,0.841,0.026,0.000,0.017,0.821,0.026,0.000,0.018
808,2.9667,-4.923,5.852,-4.991,-4.674,6.686,-5.005,-9.925,5.888,-5.004,-9.673,6.665,-5.000,0.022,0.854,0.022,0.000,0.005,0.833,0.022,0.000,0.000
809,2.9817,-4.943,5.778,-4.967,-4.696,6.633,-5.023,-9.929,5.814,-4.984,-9.705,6.611,-5.017,0.024,0.871,0.024,0.000,0.023,0.847,0.024,0.000,0.017
810,2.9967,-4.961,5.710,-4.951,-4.719,6.568,-5.036,-9.934,5.734,-4.972,-9.736,6.553,-5.028,0.023,0.877,0.024,0.000,0.036,0.858,0.024,0.000,0.028
811,3.0117,-4.983,5.631,-4.951,-4.737,6.508,-5.036,-9.932,5.664,-4.969,-9.769,6.487,-5.030,0.038,0.889,0.039,0.000,0.036,0.860,0.039,0.000,0.030
812,3.0267,-4.999,5.565,-4.965,-4.757,6.438,-5.026,-9.935,5.582,-4.976,-9.797,6.427,-5.022,0.042,0.890,0.042,0.000,0.026,0.871,0.042,0.000,0.022
813,3.0417,-5.015,5.494,-4.988,-4.776,6.366,-5.009,-9.935,5.504,-4.994,-9.826,6.360,-5.007,0.051,0.890,0.051,0.000,0.009,0.874,0.051,0.000,0.007
814,3.0567,-5.030,5.419,-5.012,-4.795,6.294,-4.989,-9.934,5.429,-5.016,-9.855,6.287,-4.988,0.060,0.890,0.061,0.000,0.011,0.873,0.061,0.000,0.012
815,3.0717,-5.038,5.353,-5.033,-4.816,6.213,-4.973,-9.937,5.345,-5.030,-9.878,6.218,-4.974,0.063,0.881,0.063,0.000,0.027,0.876,0.063,0.000,0.026
816,3.0867,-5.045,5.278,-5.039,-4.835,6.134,-4.968,-9.940,5.270,-5.037,-9.901,6.139,-4.969,0.066,0.874,0.066,0.000,0.032,0.870,0.066,0.000,0.031
817,3.1017,-5.045,5.213,-5.031,-4.857,6.043,-4.974,-9.947,5.186,-5.031,-9.918,6.060,-4.974,0.063,0.855,0.063,0.000,0.026,0.864,0.063,0.000,0.026
818,3.1167,-5.043,5.135,-5.014,-4.877,5.954,-4.989,-9.954,5.114,-5.013,-9.933,5.967,-4.989,0.057,0.838,0.057,0.000,0.011,0.845,0.057,0.000,0.011
819,3.1317,-5.036,5.066,-4.989,-4.899,5.856,-5.008,-9.964,5.033,-4.992,-9.944,5.877,-5.007,0.050,0.813,0.050,0.000,0.008,0.829,0.050,0.000,0.007
820,3.1467,-5.027,4.985,-4.971,-4.920,5.767,-5.025,-9.973,4.964,-4.969,-9.953,5.780,-5.025,0.036,0.797,0.036,0.000,0.025,0.807,0.036,0.000,0.025
821,3.1617,-5.013,4.915,-4.957,-4.941,5.675,-5.036,-9.985,4.884,-4.957,-9.959,5.694,-5.036,0.026,0.779,0.026,0.000,0.036,0.797,0.026,0.000,0.036
822,3.1767,-4.998,4.839,-4.955,-4.960,5.596,-5.037,-9.996,4.810,-4.957,-9.961,5.614,-5.036,0.018,0.773,0.019,0.000,0.037,0.792,0.019,0.000,0.036
823,3.1917,-4.982,4.764,-4.966,-4.977,5.521,-5.028,-10.005,4.735,-4.969,-9.963,5.538,-5.027,0.023,0.772,0.023,0.000,0.028,0.790,0.023,0.000,0.027
824,3.2067,-4.967,4.683,-4.984,-4.992,5.447,-5.011,-10.012,4.667,-4.993,-9.964,5.457,-5.008,0.030,0.773,0.030,0.000,0.011,0.783,0.030,0.000,0.008
825,3.2217,-4.953,4.611,-5.008,-5.004,5.369,-4.992,-10.015,4.589,-5.016,-9.966,5.383,-4.989,0.041,0.769,0.041,0.000,0.008,0.783,0.041,0.000,0.011
826,3.2367,-4.942,4.529,-5.022,-5.013,5.299,-4.978,-10.013,4.522,-5.037,-9.968,5.303,-4.973,0.044,0.775,0.045,0.000,0.022,0.778,0.045,0.000,0.027
827,3.2517,-4.933,4.455,-5.029,-5.018,5.233,-4.972,-10.007,4.446,-5.044,-9.971,5.239,-4.967,0.047,0.784,0.047,0.000,0.028,0.789,0.047,0.000,0.033
828,3.2667,-4.925,4.377,-5.025,-5.020,5.172,-4.976,-9.997,4.375,-5.040,-9.975,5.173,-4.970,0.045,0.798,0.045,0.000,0.024,0.798,0.045,0.000,0.030
829,3.2817,-4.919,4.295,-5.012,-5.020,5.115,-4.987,-9.983,4.309,-5.024,-9.980,5.107,-4.983,0.041,0.817,0.041,0.000,0.013,0.806,0.041,0.000,0.017
830,3.2967,-4.912,4.217,-4.991,-5.019,5.062,-5.004,-9.967,4.239,-5.005,-9.985,5.048,-4.999,0.037,0.838,0.037,0.000,0.004,0.822,0.037,0.000,0.001
831,3.3117,-4.906,4.139,-4.969,-5.017,5.003,-5.022,-9.949,4.168,-4.984,-9.989,4.985,-5.017,0.032,0.854,0.033,0.000,0.022,0.834,0.033,0.000,0.017
832,3.3267,-4.899,4.069,-4.953,-5.013,4.937,-5.034,-9.930,4.091,-4.972,-9.994,4.923,-5.028,0.024,0.864,0.025,0.000,0.034,0.848,0.025,0.000,0.028
833,3.3417,-4.891,3.992,-4.953,-5.008,4.870,-5.036,-9.909,4.021,-4.967,-9.997,4.852,-5.031,0.021,0.871,0.022,0.000,0.036,0.852,0.022,0.000,0.031
834,3.3567,-4.883,3.925,-4.969,-5.001,4.792,-5.025,-9.886,3.940,-4.973,-9.999,4.783,-5.023,0.010,0.868,0.010,0.000,0.025,0.858,0.010,0.000,0.023
835,3.3717,-4.874,3.855,-4.993,-4.993,4.719,-5.007,-9.863,3.864,-4.988,-10.000,4.713,-5.009,0.009,0.868,0.009,0.000,0.007,0.864,0.009,0.000,0.009
836,3.3867,-4.863,3.786,-5.016,-4.983,4.645,-4.989,-9.839,3.788,-5.006,-9.998,4.644,-4.993,0.015,0.868,0.015,0.000,0.011,0.870,0.015,0.000,0.007
837,3.4017,-4.849,3.712,-5.032,-4.972,4.569,-4.975,-9.815,3.716,-5.024,-9.994,4.566,-4.978,0.022,0.867,0.022,0.000,0.025,0.868,0.022,0.000,0.022
838,3.4167,-4.833,3.643,-5.038,-4.960,4.489,-4.970,-9.791,3.641,-5.031,-9.987,4.491,-4.973,0.027,0.861,0.027,0.000,0.030,0.867,0.027,0.000,0.027
839,3.4317,-4.815,3.574,-5.033,-4.946,4.398,-4.974,-9.767,3.565,-5.026,-9.976,4.403,-4.977,0.030,0.843,0.030,0.000,0.026,0.854,0.030,0.000,0.023
840,3.4467,-4.795,3.517,-5.016,-4.931,4.301,-4.987,-9.743,3.479,-5.014,-9.964,4.324,-4.988,0.040,0.819,0.040,0.000,0.013,0.849,0.040,0.000,0.012
841,3.4617,-4.771,3.441,-5.000,-4.918,4.217,-5.002,-9.721,3.412,-4.992,-9.949,4.235,-5.005,0.036,0.809,0.036,0.000,0.002,0.833,0.036,0.000,0.005
842,3.4767,-4.746,3.364,-4.984,-4.902,4.128,-5.017,-9.698,3.347,-4.967,-9.932,4.138,-5.023,0.032,0.793,0.032,0.000,0.017,0.811,0.032,0.000,0.023
843,3.4917,-4.721,3.299,-4.970,-4.886,4.036,-5.029,-9.672,3.271,-4.954,-9.916,4.054,-5.035,0.035,0.775,0.036,0.000,0.029,0.800,0.036,0.000,0.035
844,3.5067,-4.692,3.223,-4.967,-4.870,3.959,-5.031,-9.648,3.206,-4.953,-9.898,3.969,-5.036,0.029,0.771,0.030,0.000,0.031,0.789,0.030,0.000,0.036
845,3.5217,-4.664,3.153,-4.975,-4.854,3.885,-5.023,-9.623,3.137,-4.967,-9.880,3.896,-5.026,0.028,0.770,0.028,0.000,0.023,0.788,0.028,0.000,0.026
846,3.5367,-4.633,3.083,-4.994,-4.835,3.809,-5.006,-9.596,3.068,-4.991,-9.858,3.818,-5.007,0.025,0.766,0.025,0.000,0.006,0.782,0.025,0.000,0.007
847,3.5517,-4.603,3.016,-5.018,-4.816,3.734,-4.987,-9.568,2.996,-5.011,-9.838,3.747,-4.989,0.025,0.764,0.025,0.000,0.013,0.782,0.025,0.000,0.011
848,3.5667,-4.570,2.945,-5.034,-4.797,3.669,-4.974,-9.540,2.931,-5.025,-9.816,3.678,-4.977,0.021,0.770,0.021,0.000,0.026,0.785,0.021,0.000,0.023
849,3.5817,-4.538,2.877,-5.041,-4.775,3.603,-4.969,-9.509,2.862,-5.027,-9.794,3.613,-4.974,0.021,0.776,0.022,0.000,0.031,0.791,0.022,0.000,0.026
850,3.5967,-4.503,2.802,-5.034,-4.754,3.549,-4.975,-9.479,2.802,-5.019,-9.769,3.549,-4.981,0.015,0.792,0.016,0.000,0.025,0.797,0.016,0.000,0.019
851,3.6117,-4.468,2.732,-5.016,-4.734,3.498,-4.989,-9.448,2.738,-5.004,-9.746,3.494,-4.994,0.013,0.812,0.014,0.000,0.011,0.812,0.014,0.000,0.006
852,3.6267,-4.429,2.658,-4.994,-4.712,3.450,-5.007,-9.417,2.679,-4.984,-9.720,3.437,-5.011,0.015,0.833,0.015,0.000,0.007,0.824,0.015,0.000,0.011
853,3.6417,-4.393,2.593,-4.969,-4.690,3.400,-5.025,-9.382,2.612,-4.971,-9.697,3.388,-5.024,0.014,0.853,0.014,0.000,0.025,0.845,0.014,0.000,0.024
854,3.6567,-4.356,2.529,-4.953,-4.665,3.340,-5.037,-9.346,2.545,-4.963,-9.671,3.330,-5.033,0.012,0.863,0.012,0.000,0.037,0.856,0.012,0.000,0.033
855,3.6717,-4.314,2.455,-4.951,-4.643,3.284,-5.038,-9.314,2.489,-4.962,-9.643,3.263,-5.034,0.021,0.877,0.022,0.000,0.038,0.857,0.022,0.000,0.034
856,3.6867,-4.276,2.394,-4.966,-4.616,3.214,-5.027,-9.275,2.421,-4.972,-9.616,3.197,-5.025,0.017,0.876,0.017,0.000,0.027,0.861,0.017,0.000,0.025
857,3.7017,-4.234,2.326,-4.988,-4.589,3.147,-5.008,-9.238,2.361,-4.993,-9.587,3.125,-5.007,0.022,0.878,0.022,0.000,0.008,0.857,0.022,0.000,0.007
858,3.7167,-4.194,2.268,-5.017,-4.560,3.074,-4.987,-9.197,2.293,-5.012,-9.558,3.059,-4.989,0.016,0.874,0.016,0.000,0.013,0.859,0.016,0.000,0.011
859,3.7317,-4.149,2.202,-5.036,-4.533,3.005,-4.972,-9.160,2.233,-5.027,-9.526,2.986,-4.975,0.020,0.874,0.021,0.000,0.028,0.854,0.021,0.000,0.025
860,3.7467,-4.107,2.148,-5.046,-4.501,2.925,-4.966,-9.118,2.164,-5.030,-9.495,2.915,-4.971,0.012,0.863,0.013,0.000,0.034,0.851,0.013,0.000,0.029
861,3.7617,-4.061,2.089,-5.041,-4.472,2.846,-4.970,-9.077,2.100,-5.022,-9.461,2.839,-4.977,0.012,0.853,0.014,0.000,0.030,0.842,0.014,0.000,0.023
862,3.7767,-4.017,2.036,-5.024,-4.437,2.756,-4.984,-9.033,2.031,-5.007,-9.427,2.760,-4.990,0.011,0.832,0.012,0.000,0.016,0.830,0.012,0.000,0.010
863,3.7917,-3.966,1.967,-5.007,-4.408,2.679,-5.000,-8.995,1.980,-4.983,-9.390,2.671,-5.008,0.020,0.825,0.022,0.000,0.000,0.808,0.022,0.000,0.008
864,3.8067,-3.918,1.909,-4.986,-4.374,2.596,-5.016,-8.951,1.920,-4.966,-9.354,2.589,-5.024,0.022,0.812,0.023,0.000,0.016,0.795,0.023,0.000,0.024
865,3.8217,-3.868,1.852,-4.970,-4.338,2.510,-5.028,-8.907,1.859,-4.957,-9.314,2.506,-5.033,0.025,0.795,0.025,0.000,0.028,0.778,0.025,0.000,0.033
866,3.8367,-3.822,1.806,-4.968,-4.301,2.430,-5.029,-8.858,1.789,-4.959,-9.279,2.441,-5.032,0.024,0.783,0.025,0.000,0.029,0.779,0.025,0.000,0.032
867,3.8517,-3.768,1.746,-4.976,-4.268,2.366,-5.020,-8.815,1.734,-4.973,-9.239,2.374,-5.021,0.030,0.787,0.030,0.000,0.020,0.776,0.030,0.000,0.021
868,3.8667,-3.714,1.687,-4.992,-4.232,2.299,-5.005,-8.770,1.681,-4.999,-9.197,2.303,-5.002,0.035,0.786,0.036,0.000,0.005,0.768,0.036,0.000,0.002
869,3.8817,-3.666,1.636,-5.016,-4.190,2.228,-4.985,-8.718,1.620,-5.021,-9.158,2.238,-4.983,0.034,0.779,0.034,0.000,0.015,0.768,0.034,0.000,0.017
870,3.8967,-3.616,1.578,-5.032,-4.149,2.165,-4.972,-8.666,1.569,-5.039,-9.117,2.171,-4.969,0.032,0.781,0.032,0.000,0.028,0.765,0.032,0.000,0.031
871,3.9117,-3.568,1.523,-5.040,-4.106,2.109,-4.966,-8.610,1.515,-5.042,-9.080,2.114,-4.965,0.027,0.785,0.027,0.000,0.034,0.772,0.027,0.000,0.035
872,3.9267,-3.522,1.468,-5.037,-4.057,2.055,-4.971,-8.551,1.463,-5.031,-9.039,2.058,-4.973,0.019,0.787,0.019,0.000,0.029,0.777,0.019,0.000,0.027
873,3.9417,-3.480,1.418,-5.019,-4.008,2.009,-4.985,-8.486,1.408,-5.016,-9.004,2.015,-4.986,0.007,0.794,0.007,0.000,0.015,0.796,0.007,0.000,0.014
874,3.9567,-3.430,1.359,-5.000,-3.961,1.970,-5.003,-8.428,1.363,-4.990,-8.963,1.967,-5.006,0.003,0.809,0.004,0.000,0.003,0.808,0.004,0.000,0.006
875,3.9717,-3.380,1.300,-4.981,-3.917,1.934,-5.019,-8.368,1.319,-4.969,-8.924,1.922,-5.023,0.014,0.828,0.014,0.000,0.019,0.824,0.014,0.000,0.023
876,3.9867,-3.333,1.245,-4.965,-3.864,1.888,-5.031,-8.303,1.274,-4.958,-8.883,1.870,-5.034,0.026,0.833,0.026,0.000,0.031,0.832,0.026,0.000,0.034
877,4.0017,-3.288,1.196,-4.962,-3.810,1.837,-5.032,-8.235,1.225,-4.959,-8.843,1.819,-5.034,0.038,0.833,0.038,0.000,0.032,0.842,0.038,0.000,0.034
878,4.0167,-3.237,1.142,-4.973,-3.759,1.786,-5.023,-8.173,1.182,-4.972,-8.799,1.760,-5.023,0.047,0.835,0.047,0.000,0.023,0.844,0.047,0.000,0.023
879,4.0317,-3.188,1.096,-4.997,-3.708,1.734,-5.005,-8.106,1.133,-4.987,-8.759,1.711,-5.009,0.056,0.836,0.056,0.000,0.005,0.855,0.056,0.000,0.009
880,4.0467,-3.133,1.048,-5.023,-3.658,1.682,-4.985,-8.043,1.087,-5.005,-8.714,1.658,-4.992,0.061,0.839,0.061,0.000,0.015,0.861,0.061,0.000,0.008
881,4.0617,-3.071,0.999,-5.043,-3.609,1.630,-4.970,-7.987,1.045,-5.020,-8.662,1.601,-4.978,0.060,0.842,0.061,0.000,0.030,0.859,0.061,0.000,0.022
882,4.0767,-3.012,0.958,-5.053,-3.557,1.570,-4.963,-7.925,0.995,-5.023,-8.611,1.547,-4.974,0.059,0.836,0.060,0.000,0.037,0.860,0.060,0.000,0.026
883,4.0917,-2.945,0.911,-5.049,-3.508,1.510,-4.967,-7.871,0.954,-5.016,-8.554,1.483,-4.979,0.053,0.834,0.054,0.000,0.033,0.849,0.054,0.000,0.021
884,4.1067,-2.881,0.874,-5.032,-3.456,1.440,-4.981,-7.812,0.905,-5.001,-8.499,1.421,-4.992,0.048,0.822,0.049,0.000,0.019,0.842,0.049,0.000,0.008
885,4.1217,-2.813,0.833,-5.013,-3.407,1.375,-4.997,-7.756,0.862,-4.980,-8.443,1.357,-5.009,0.040,0.816,0.042,0.000,0.003,0.832,0.042,0.000,0.009
886,4.1367,-2.744,0.794,-4.995,-3.359,1.310,-5.013,-7.701,0.818,-4.959,-8.386,1.295,-5.026,0.031,0.812,0.034,0.000,0.013,0.825,0.034,0.000,0.026
887,4.1517,-2.668,0.753,-4.983,-3.311,1.249,-5.024,-7.649,0.778,-4.944,-8.323,1.233,-5.037,0.019,0.812,0.024,0.000,0.024,0.813,0.024,0.000,0.037
888,4.1667,-2.599,0.723,-4.977,-3.260,1.187,-5.026,-7.591,0.730,-4.946,-8.265,1.182,-5.038,0.007,0.809,0.013,0.000,0.026,0.811,0.013,0.000,0.038
889,4.1817,-2.523,0.686,-4.983,-3.211,1.133,-5.019,-7.539,0.689,-4.963,-8.201,1.131,-5.026,0.010,0.813,0.012,0.000,0.019,0.804,0.012,0.000,0.026
890,4.1967,-2.454,0.657,-4.999,-3.157,1.077,-5.004,-7.477,0.643,-4.987,-8.143,1.086,-5.008,0.017,0.813,0.017,0.000,0.004,0.806,0.017,0.000,0.008
891,4.2117,-2.381,0.623,-5.015,-3.105,1.027,-4.988,-7.419,0.604,-5.014,-8.081,1.039,-4.988,0.027,0.817,0.027,0.000,0.012,0.803,0.027,0.000,0.012
892,4.2267,-2.317,0.595,-5.029,-3.051,0.980,-4.976,-7.351,0.561,-5.029,-8.030,1.001,-4.976,0.030,0.822,0.030,0.000,0.024,0.814,0.030,0.000,0.024
893,4.2417,-2.255,0.567,-5.034,-2.990,0.935,-4.971,-7.280,0.520,-5.036,-7.974,0.965,-4.970,0.034,0.822,0.034,0.000,0.029,0.823,0.034,0.000,0.030
894,4.2567,-2.183,0.533,-5.028,-2.936,0.903,-4.976,-7.218,0.488,-5.030,-7.913,0.931,-4.975,0.036,0.834,0.036,0.000,0.024,0.828,0.036,0.000,0.025
895,4.2717,-2.123,0.503,-5.010,-2.869,0.871,-4.990,-7.142,0.452,-5.017,-7.857,0.903,-4.988,0.034,0.835,0.034,0.000,0.010,0.840,0.034,0.000,0.012
896,4.2867,-2.057,0.469,-4.989,-2.806,0.847,-5.007,-7.072,0.424,-4.996,-7.797,0.875,-5.005,0.030,0.843,0.030,0.000,0.007,0.849,0.030,0.000,0.005
897,4.3017,-1.999,0.438,-4.966,-2.737,0.821,-5.025,-6.993,0.394,-4.979,-7.741,0.849,-5.021,0.028,0.845,0.028,0.000,0.025,0.862,0.028,0.000,0.021
898,4.3167,-1.933,0.403,-4.955,-2.672,0.796,-5.035,-6.922,0.370,-4.964,-7.679,0.816,-5.032,0.022,0.851,0.022,0.000,0.035,0.867,0.022,0.000,0.032
899,4.3317,-1.873,0.372,-4.958,-2.602,0.764,-5.035,-6.842,0.344,-4.961,-7.621,0.782,-5.034,0.027,0.848,0.027,0.000,0.035,0.874,0.027,0.000,0.034
900,4.3467,-1.805,0.338,-4.973,-2.537,0.733,-5.023,-6.771,0.323,-4.969,-7.558,0.742,-5.025,0.023,0.850,0.024,0.000,0.023,0.873,0.024,0.000,0.025
901,4.3617,-1.748,0.312,-5.002,-2.465,0.699,-5.003,-6.688,0.297,-4.980,-7.503,0.708,-5.011,0.039,0.845,0.040,0.000,0.003,0.883,0.040,0.000,0.011
902,4.3767,-1.672,0.278,-5.023,-2.405,0.671,-4.986,-6.622,0.280,-5.001,-7.436,0.669,-4.994,0.031,0.853,0.032,0.000,0.014,0.880,0.032,0.000,0.006
903,4.3917,-1.608,0.251,-5.043,-2.333,0.636,-4.971,-6.545,0.259,-5.015,-7.373,0.631,-4.981,0.040,0.848,0.041,0.000,0.029,0.881,0.041,0.000,0.019
904,4.4067,-1.532,0.221,-5.048,-2.267,0.601,-4.966,-6.477,0.243,-5.023,-7.301,0.587,-4.975,0.037,0.848,0.038,0.000,0.034,0.873,0.038,0.000,0.025
905,4.4217,-1.463,0.197,-5.040,-2.196,0.557,-4.972,-6.403,0.222,-5.019,-7.234,0.542,-4.979,0.041,0.839,0.041,0.000,0.028,0.867,0.041,0.000,0.021
906,4.4367,-1.388,0.174,-5.023,-2.131,0.512,-4.985,-6.334,0.204,-5.006,-7.164,0.493,-4.991,0.038,0.835,0.039,0.000,0.015,0.859,0.039,0.000,0.009
907,4.4517,-1.314,0.155,-5.000,-2.061,0.462,-5.003,-6.263,0.183,-4.987,-7.093,0.444,-5.007,0.036,0.826,0.037,0.000,0.003,0.850,0.037,0.000,0.007
908,4.4667,-1.231,0.131,-4.986,-2.003,0.421,-5.016,-6.202,0.170,-4.966,-7.021,0.397,-5.023,0.030,0.832,0.031,0.000,0.016,0.842,0.031,0.000,0.023
909,4.4817,-1.146,0.110,-4.976,-1.939,0.381,-5.026,-6.140,0.155,-4.951,-6.942,0.352,-5.035,0.029,0.834,0.030,0.000,0.026,0.830,0.030,0.000,0.035
910,4.4967,-1.070,0.096,-4.974,-1.870,0.342,-5.027,-6.070,0.135,-4.951,-6.870,0.317,-5.035,0.024,0.832,0.026,0.000,0.027,0.826,0.026,0.000,0.035
911,4.5117,-0.985,0.081,-4.982,-1.806,0.310,-5.019,-6.008,0.120,-4.965,-6.792,0.286,-5.025,0.029,0.836,0.029,0.000,0.019,0.817,0.029,0.000,0.025
912,4.5267,-0.915,0.072,-5.001,-1.735,0.279,-5.004,-5.931,0.100,-4.982,-6.725,0.261,-5.010,0.020,0.835,0.021,0.000,0.004,0.821,0.021,0.000,0.010
913,4.5417,-0.828,0.058,-5.014,-1.674,0.253,-4.990,-5.871,0.087,-5.008,-6.648,0.235,-4.992,0.032,0.845,0.032,0.000,0.010,0.815,0.032,0.000,0.008
914,4.5567,-0.756,0.051,-5.029,-1.601,0.226,-4.977,-5.795,0.070,-5.024,-6.577,0.214,-4.979,0.027,0.842,0.027,0.000,0.023,0.816,0.027,0.000,0.021
915,4.5717,-0.676,0.043,-5.033,-1.532,0.206,-4.973,-5.726,0.056,-5.031,-6.501,0.198,-4.974,0.032,0.846,0.032,0.000,0.027,0.814,0.032,0.000,0.026
916,4.5867,-0.607,0.037,-5.026,-1.456,0.192,-4.978,-5.646,0.042,-5.026,-6.431,0.189,-4.978,0.024,0.843,0.024,0.000,0.022,0.819,0.024,0.000,0.022
917,4.6017,-0.540,0.031,-5.010,-1.384,0.185,-4.990,-5.565,0.030,-5.016,-6.368,0.186,-4.988,0.016,0.846,0.016,0.000,0.010,0.831,0.016,0.000,0.012
918,4.6167,-0.464,0.025,-4.990,-1.312,0.182,-5.007,-5.492,0.020,-4.997,-6.294,0.185,-5.004,0.018,0.849,0.018,0.000,0.007,0.833,0.018,0.000,0.004
919,4.6317,-0.398,0.021,-4.967,-1.232,0.179,-5.024,-5.408,0.012,-4.982,-6.226,0.184,-5.018,0.008,0.845,0.010,0.000,0.024,0.840,0.010,0.000,0.018
920,4.6467,-0.319,0.016,-4.957,-1.164,0.174,-5.033,-5.338,0.005,-4.969,-6.152,0.181,-5.029,0.014,0.852,0.014,0.000,0.033,0.842,0.014,0.000,0.029
921,4.6617,-0.255,0.014,-4.957,-1.082,0.164,-5.033,-5.252,-0.002,-4.967,-6.084,0.174,-5.030,0.010,0.845,0.011,0.000,0.033,0.848,0.011,0.000,0.030
922,4.6767,-0.181,0.012,-4.970,-1.006,0.152,-5.023,-5.175,-0.005,-4.977,-6.010,0.163,-5.021,0.011,0.841,0.012,0.000,0.023,0.847,0.012,0.000,0.021
923,4.6917,-0.116,0.011,-4.996,-0.923,0.140,-5.004,-5.090,-0.009,-4.994,-5.940,0.152,-5.005,0.021,0.832,0.021,0.000,0.004,0.850,0.021,0.000,0.005
924,4.7067,-0.040,0.010,-5.018,-0.848,0.128,-4.985,-5.017,-0.010,-5.016,-5.863,0.141,-4.986,0.019,0.830,0.019,0.000,0.015,0.846,0.019,0.000,0.014
925,4.7217,0.029,0.011,-5.038,-0.768,0.116,-4.971,-4.936,-0.010,-5.030,-5.790,0.129,-4.973,0.026,0.823,0.026,0.000,0.029,0.847,0.026,0.000,0.027
926,4.7367,0.105,0.012,-5.043,-0.695,0.100,-4.966,-4.862,-0.009,-5.036,-5.716,0.114,-4.968,0.024,0.824,0.025,0.000,0.034,0.845,0.025,0.000,0.032
927,4.7517,0.177,0.016,-5.036,-0.617,0.080,-4.971,-4.784,-0.008,-5.031,-5.641,0.094,-4.973,0.028,0.817,0.028,0.000,0.029,0.842,0.028,0.000,0.027
928,4.7667,0.265,0.015,-5.023,-0.550,0.059,-4.983,-4.722,-0.001,-5.013,-5.558,0.069,-4.987,0.013,0.824,0.013,0.000,0.017,0.832,0.013,0.000,0.013
929,4.7817,0.338,0.020,-5.002,-0.472,0.034,-5.001,-4.646,0.004,-4.993,-5.482,0.044,-5.004,0.014,0.819,0.015,0.000,0.001,0.829,0.015,0.000,0.004
930,4.7967,0.421,0.022,-4.985,-0.400,0.014,-5.016,-4.579,0.014,-4.970,-5.399,0.019,-5.022,0.005,0.821,0.008,0.000,0.016,0.821,0.008,0.000,0.022
931,4.8117,0.494,0.028,-4.973,-0.327,-0.003,-5.026,-4.503,0.022,-4.959,-5.329,0.001,-5.031,0.004,0.824,0.007,0.000,0.026,0.826,0.007,0.000,0.031
932,4.8267,0.571,0.033,-4.971,-0.254,-0.013,-5.027,-4.431,0.032,-4.959,-5.253,-0.013,-5.032,0.002,0.826,0.005,0.000,0.027,0.825,0.005,0.000,0.032
933,4.8417,0.653,0.039,-4.977,-0.180,-0.021,-5.020,-4.364,0.044,-4.973,-5.169,-0.024,-5.021,0.011,0.828,0.011,0.000,0.020,0.817,0.011,0.000,0.021
934,4.8567,0.725,0.048,-4.996,-0.099,-0.027,-5.004,-4.286,0.056,-4.992,-5.092,-0.032,-5.006,0.009,0.822,0.009,0.000,0.004,0.816,0.009,0.000,0.006
935,4.8717,0.805,0.057,-5.014,-0.024,-0.032,-4.988,-4.218,0.070,-5.015,-5.010,-0.040,-4.988,0.017,0.823,0.017,0.000,0.012,0.809,0.017,0.000,0.012
936,4.8867,0.874,0.069,-5.029,0.058,-0.035,-4.976,-4.140,0.083,-5.029,-4.933,-0.043,-4.976,0.012,0.817,0.012,0.000,0.024,0.810,0.012,0.000,0.024
937,4.9017,0.953,0.082,-5.031,0.134,-0.032,-4.973,-4.071,0.096,-5.036,-4.851,-0.041,-4.971,0.017,0.817,0.017,0.000,0.027,0.804,0.017,0.000,0.029
938,4.9167,1.026,0.097,-5.023,0.209,-0.024,-4.979,-3.997,0.111,-5.031,-4.777,-0.032,-4.976,0.017,0.816,0.017,0.000,0.021,0.803,0.017,0.000,0.024
939,4.9317,1.099,0.111,-5.004,0.289,-0.006,-4.994,-3.923,0.128,-5.018,-4.697,-0.017,-4.989,0.017,0.809,0.018,0.000,0.006,0.797,0.018,0.000,0.011
940,4.9467,1.161,0.122,-4.977,0.369,0.017,-5.012,-3.839,0.151,-5.006,-4.631,-0.001,-5.002,0.019,0.801,0.021,0.000,0.012,0.804,0.021,0.000,0.002
941,4.9617,1.240,0.139,-4.961,0.436,0.038,-5.027,-3.773,0.171,-4.987,-4.555,0.018,-5.017,0.022,0.806,0.024,0.000,0.027,0.801,0.024,0.000,0.017
942,4.9767,1.308,0.155,-4.950,0.511,0.058,-5.036,-3.696,0.192,-4.976,-4.487,0.034,-5.026,0.024,0.805,0.026,0.000,0.036,0.805,0.026,0.000,0.026
943,4.9917,1.373,0.175,-4.953,0.592,0.073,-5.034,-3.617,0.213,-4.973,-4.414,0.050,-5.027,0.024,0.796,0.025,0.000,0.034,0.806,0.025,0.000,0.027
944,5.0067,1.439,0.198,-4.970,0.668,0.085,-5.022,-3.538,0.232,-4.980,-4.347,0.063,-5.019,0.026,0.794,0.026,0.000,0.022,0.812,0.026,0.000,0.019
945,5.0217,1.495,0.221,-4.999,0.749,0.097,-5.003,-3.451,0.254,-4.991,-4.285,0.076,-5.006,0.040,0.786,0.040,0.000,0.003,0.823,0.040,0.000,0.006
946,5.0367,1.571,0.249,-5.019,0.816,0.108,-4.985,-3.385,0.273,-5.014,-4.211,0.093,-4.987,0.032,0.792,0.032,0.000,0.015,0.822,0.032,0.000,0.013
947,5.0517,1.635,0.276,-5.037,0.895,0.120,-4.971,-3.307,0.295,-5.030,-4.141,0.108,-4.973,0.038,0.788,0.038,0.000,0.029,0.825,0.038,0.000,0.027
948,5.0667,1.712,0.306,-5.040,0.965,0.127,-4.967,-3.242,0.315,-5.039,-4.063,0.121,-4.967,0.029,0.792,0.029,0.000,0.033,0.821,0.029,0.000,0.033
949,5.0817,1.782,0.336,-5.030,1.040,0.131,-4.974,-3.172,0.339,-5.036,-3.989,0.129,-4.972,0.029,0.793,0.029,0.000,0.026,0.821,0.029,0.000,0.028
950,5.0967,1.863,0.366,-5.013,1.106,0.133,-4.988,-3.114,0.364,-5.019,-3.908,0.134,-4.986,0.015,0.802,0.015,0.000,0.012,0.816,0.015,0.000,0.014
951,5.1117,1.934,0.396,-4.992,1.172,0.134,-5.005,-3.046,0.391,-5.000,-3.840,0.137,-5.002,0.013,0.814,0.013,0.000,0.005,0.825,0.013,0.000,0.002
952,5.1267,2.011,0.427,-4.973,1.243,0.137,-5.022,-2.985,0.419,-4.976,-3.759,0.142,-5.021,0.005,0.821,0.005,0.000,0.022,0.822,0.005,0.000,0.021
953,5.1417,2.082,0.458,-4.963,1.313,0.146,-5.031,-2.920,0.449,-4.961,-3.685,0.151,-5.032,0.006,0.828,0.006,0.000,0.031,0.824,0.006,0.000,0.032
954,5.1567,2.167,0.494,-4.963,1.373,0.159,-5.031,-2.868,0.477,-4.960,-3.605,0.169,-5.033,0.024,0.843,0.024,0.000,0.031,0.819,0.024,0.000,0.033
955,5.1717,2.240,0.528,-4.972,1.439,0.176,-5.023,-2.807,0.508,-4.974,-3.532,0.189,-5.022,0.032,0.850,0.032,0.000,0.023,0.818,0.032,0.000,0.022
956,5.1867,2.312,0.563,-4.992,1.510,0.198,-5.005,-2.745,0.541,-4.999,-3.454,0.212,-5.002,0.039,0.851,0.039,0.000,0.005,0.812,0.039,0.000,0.002
957,5.2017,2.377,0.596,-5.013,1.577,0.221,-4.987,-2.677,0.577,-5.020,-3.389,0.233,-4.985,0.035,0.855,0.035,0.000,0.013,0.820,0.035,0.000,0.015
