tick,theta,d1_x_cmd,d1_y_cmd,d1_z_cmd,d1_x_act,d1_y_act,d1_z_act,d1_alpha,d1_beta,d1_e_p,d1_e_a,d1_de_p,d2_x_cmd,d2_y_cmd,d2_z_cmd,d2_x_act,d2_y_act,d2_z_act,d2_alpha,d2_beta,d2_e_p,d2_e_a,d2_de_p
411,-1.5708,2.500,0.015,-5.000,2.500,0.023,-5.015,0.3433,0.7994,0.0226,-0.0045,0.0226,-2.500,0.018,-5.000,-2.500,0.027,-5.027,0.3436,0.7989,0.0270,-0.0095,0.0270
412,-1.5708,2.499,0.017,-5.000,2.499,0.025,-5.006,0.3449,0.7995,0.0254,-0.0031,0.0028,-2.498,0.017,-5.000,-2.497,0.027,-5.019,0.3442,0.8002,0.0268,-0.0070,-0.0002
413,-1.5708,2.498,0.017,-5.000,2.497,0.026,-5.000,0.3443,0.8001,0.0257,-0.0016,0.0003,-2.497,0.016,-5.000,-2.495,0.024,-5.015,0.3436,0.8008,0.0249,-0.0037,-0.0019
414,-1.5708,2.497,0.015,-5.000,2.496,0.023,-5.000,0.3436,0.8009,0.0236,-0.0000,-0.0021,-2.496,0.013,-5.000,-2.494,0.020,-5.015,0.3431,0.8016,0.0211,-0.0003,-0.0038
415,-1.5708,2.496,0.013,-5.000,2.494,0.019,-5.003,0.3430,0.8016,0.0200,0.0015,-0.0036,-2.496,0.010,-5.000,-2.494,0.015,-5.020,0.3420,0.8023,0.0159,0.0030,-0.0053
416,-1.5707,2.495,0.010,-5.000,2.492,0.014,-5.010,0.3427,0.8018,0.0166,0.0031,-0.0035,-2.496,0.005,-5.000,-2.494,0.007,-5.029,0.3411,0.8029,0.0096,0.0063,-0.0063
417,-1.5707,2.494,0.007,-5.000,2.491,0.011,-5.018,0.3430,0.8013,0.0148,0.0046,-0.0018,-2.496,0.001,-5.000,-2.495,0.001,-5.037,0.3412,0.8027,0.0048,0.0087,-0.0048
418,-1.5706,2.493,0.006,-5.000,2.489,0.009,-5.023,0.3435,0.8009,0.0147,0.0055,-0.0001,-2.498,-0.002,-5.000,-2.497,-0.003,-5.044,0.3428,0.8015,0.0041,0.0104,-0.0007
419,-1.5706,2.493,0.006,-5.000,2.488,0.008,-5.026,0.3438,0.8006,0.0154,0.0062,0.0007,-2.500,-0.004,-5.000,-2.501,-0.006,-5.046,0.3436,0.8006,0.0067,0.0115,0.0026
420,-1.5705,2.492,0.005,-5.000,2.487,0.008,-5.023,0.3442,0.8002,0.0171,0.0065,0.0017,-2.503,-0.005,-5.000,-2.506,-0.008,-5.042,0.3441,0.8002,0.0108,0.0117,0.0041
421,-1.5704,2.491,0.006,-5.000,2.485,0.009,-5.017,0.3445,0.7999,0.0194,0.0065,0.0023,-2.507,-0.006,-5.000,-2.512,-0.009,-5.035,0.3445,0.7998,0.0168,0.0112,0.0059
422,-1.5702,2.490,0.006,-5.000,2.483,0.009,-5.010,0.3448,0.7997,0.0220,0.0062,0.0026,-2.510,-0.007,-5.000,-2.517,-0.010,-5.029,0.3452,0.7992,0.0223,0.0102,0.0055
423,-1.5701,2.489,0.007,-5.000,2.481,0.011,-5.004,0.3450,0.7994,0.0251,0.0056,0.0031,-2.515,-0.007,-5.000,-2.524,-0.011,-5.022,0.3459,0.7985,0.0297,0.0085,0.0075
424,-1.5699,2.488,0.010,-5.000,2.480,0.015,-5.002,0.3454,0.7990,0.0289,0.0047,0.0039,-2.519,-0.006,-5.000,-2.532,-0.009,-5.019,0.3467,0.7976,0.0372,0.0060,0.0074
425,-1.5697,2.488,0.014,-5.000,2.479,0.022,-5.004,0.3459,0.7984,0.0339,0.0031,0.0050,-2.523,-0.003,-5.000,-2.539,-0.005,-5.020,0.3470,0.7973,0.0443,0.0032,0.0072
426,-1.5695,2.489,0.020,-5.000,2.480,0.030,-5.010,0.3466,0.7977,0.0403,0.0012,0.0064,-2.528,0.001,-5.000,-2.546,0.002,-5.025,0.3477,0.7965,0.0526,-0.0005,0.0083
427,-1.5692,2.490,0.026,-5.000,2.481,0.040,-5.019,0.3474,0.7968,0.0483,-0.0011,0.0080,-2.531,0.006,-5.000,-2.552,0.009,-5.031,0.3484,0.7960,0.0610,-0.0042,0.0084
428,-1.5689,2.492,0.031,-5.000,2.482,0.048,-5.027,0.3476,0.7968,0.0549,-0.0029,0.0066,-2.534,0.010,-5.000,-2.558,0.015,-5.036,0.3489,0.7956,0.0690,-0.0077,0.0081
429,-1.5685,2.494,0.035,-5.000,2.485,0.054,-5.032,0.3477,0.7967,0.0604,-0.0044,0.0055,-2.536,0.013,-5.000,-2.562,0.020,-5.039,0.3493,0.7954,0.0760,-0.0105,0.0070
430,-1.5682,2.496,0.038,-5.000,2.487,0.059,-5.032,0.3476,0.7969,0.0641,-0.0055,0.0038,-2.538,0.015,-5.000,-2.566,0.023,-5.039,0.3496,0.7952,0.0823,-0.0125,0.0062
431,-1.5677,2.499,0.040,-5.000,2.490,0.061,-5.026,0.3474,0.7972,0.0662,-0.0059,0.0020,-2.539,0.017,-5.000,-2.568,0.026,-5.034,0.3497,0.7951,0.0875,-0.0133,0.0052
432,-1.5673,2.501,0.041,-5.000,2.492,0.062,-5.018,0.3471,0.7975,0.0670,-0.0057,0.0008,-2.539,0.018,-5.000,-2.570,0.028,-5.027,0.3499,0.7949,0.0922,-0.0131,0.0048
433,-1.5668,2.504,0.040,-5.000,2.495,0.061,-5.010,0.3465,0.7980,0.0663,-0.0050,-0.0007,-2.540,0.020,-5.000,-2.572,0.030,-5.019,0.3502,0.7947,0.0970,-0.0117,0.0047
434,-1.5662,2.507,0.038,-5.000,2.498,0.058,-5.004,0.3457,0.7990,0.0630,-0.0037,-0.0033,-2.540,0.020,-5.000,-2.573,0.030,-5.013,0.3502,0.7946,0.1008,-0.0094,0.0038
435,-1.5656,2.510,0.034,-5.000,2.501,0.051,-5.003,0.3447,0.8002,0.0570,-0.0019,-0.0060,-2.539,0.018,-5.000,-2.574,0.027,-5.012,0.3501,0.7947,0.1036,-0.0059,0.0028
436,-1.5650,2.512,0.028,-5.000,2.502,0.043,-5.006,0.3443,0.8006,0.0508,-0.0003,-0.0062,-2.538,0.013,-5.000,-2.574,0.020,-5.016,0.3499,0.7948,0.1054,-0.0021,0.0018
437,-1.5643,2.513,0.021,-5.000,2.503,0.033,-5.013,0.3437,0.8013,0.0438,0.0016,-0.0070,-2.537,0.006,-5.000,-2.574,0.009,-5.026,0.3499,0.7948,0.1069,0.0022,0.0015
438,-1.5635,2.515,0.014,-5.000,2.504,0.021,-5.022,0.3436,0.8012,0.0382,0.0035,-0.0055,-2.534,-0.001,-5.000,-2.573,-0.002,-5.037,0.3502,0.7946,0.1088,0.0059,0.0019
439,-1.5627,2.517,0.007,-5.000,2.505,0.011,-5.029,0.3444,0.8000,0.0368,0.0051,-0.0015,-2.532,-0.007,-5.000,-2.570,-0.011,-5.047,0.3505,0.7943,0.1112,0.0089,0.0023
440,-1.5619,2.520,0.002,-5.000,2.507,0.004,-5.033,0.3455,0.7991,0.0382,0.0063,0.0014,-2.528,-0.012,-5.000,-2.567,-0.018,-5.053,0.3507,0.7942,0.1134,0.0110,0.0023
441,-1.5610,2.522,-0.001,-5.000,2.508,-0.002,-5.032,0.3461,0.7985,0.0413,0.0070,0.0030,-2.524,-0.015,-5.000,-2.564,-0.023,-5.053,0.3506,0.7942,0.1152,0.0121,0.0018
442,-1.5600,2.525,-0.005,-5.000,2.510,-0.008,-5.025,0.3464,0.7981,0.0449,0.0072,0.0036,-2.520,-0.017,-5.000,-2.560,-0.027,-5.048,0.3507,0.7942,0.1169,0.0121,0.0017
443,-1.5590,2.528,-0.008,-5.000,2.511,-0.012,-5.015,0.3469,0.7977,0.0493,0.0071,0.0044,-2.516,-0.019,-5.000,-2.556,-0.029,-5.041,0.3511,0.7938,0.1193,0.0115,0.0024
444,-1.5579,2.531,-0.011,-5.000,2.512,-0.017,-5.005,0.3475,0.7970,0.0549,0.0067,0.0056,-2.512,-0.021,-5.000,-2.553,-0.032,-5.033,0.3513,0.7936,0.1218,0.0100,0.0025
445,-1.5567,2.533,-0.012,-5.000,2.513,-0.019,-4.999,0.3478,0.7967,0.0605,0.0061,0.0056,-2.508,-0.022,-5.000,-2.550,-0.034,-5.027,0.3517,0.7931,0.1251,0.0079,0.0033
446,-1.5555,2.535,-0.011,-5.000,2.513,-0.017,-4.997,0.3480,0.7965,0.0655,0.0046,0.0050,-2.504,-0.021,-5.000,-2.548,-0.032,-5.026,0.3519,0.7929,0.1284,0.0049,0.0033
447,-1.5542,2.538,-0.008,-5.000,2.514,-0.012,-4.999,0.3480,0.7965,0.0696,0.0025,0.0041,-2.501,-0.018,-5.000,-2.546,-0.028,-5.029,0.3521,0.7927,0.1319,0.0015,0.0035
448,-1.5529,2.542,-0.002,-5.000,2.516,-0.004,-5.006,0.3481,0.7964,0.0733,-0.0001,0.0037,-2.497,-0.013,-5.000,-2.544,-0.021,-5.036,0.3524,0.7924,0.1355,-0.0028,0.0036
449,-1.5515,2.546,0.004,-5.000,2.519,0.006,-5.016,0.3487,0.7958,0.0782,-0.0027,0.0049,-2.494,-0.009,-5.000,-2.543,-0.014,-5.043,0.3530,0.7918,0.1402,-0.0064,0.0047
450,-1.5500,2.549,0.009,-5.000,2.520,0.013,-5.023,0.3496,0.7949,0.0850,-0.0047,0.0069,-2.489,-0.004,-5.000,-2.541,-0.006,-5.051,0.3535,0.7915,0.1450,-0.0103,0.0048
451,-1.5484,2.553,0.012,-5.000,2.521,0.018,-5.028,0.3504,0.7942,0.0927,-0.0062,0.0077,-2.485,-0.001,-5.000,-2.538,-0.002,-5.054,0.3539,0.7911,0.1498,-0.0130,0.0049
452,-1.5468,2.556,0.013,-5.000,2.521,0.019,-5.025,0.3509,0.7937,0.1004,-0.0071,0.0077,-2.480,0.001,-5.000,-2.535,0.001,-5.051,0.3543,0.7908,0.1546,-0.0146,0.0048
453,-1.5451,2.559,0.013,-5.000,2.522,0.019,-5.018,0.3515,0.7932,0.1082,-0.0072,0.0078,-2.475,0.002,-5.000,-2.531,0.002,-5.044,0.3548,0.7903,0.1599,-0.0150,0.0053
454,-1.5433,2.563,0.012,-5.000,2.523,0.018,-5.008,0.3520,0.7927,0.1160,-0.0067,0.0078,-2.469,0.003,-5.000,-2.527,0.003,-5.035,0.3550,0.7902,0.1644,-0.0139,0.0045
455,-1.5414,2.567,0.010,-5.000,2.524,0.015,-4.999,0.3525,0.7922,0.1238,-0.0055,0.0078,-2.462,0.002,-5.000,-2.522,0.003,-5.027,0.3552,0.7899,0.1690,-0.0119,0.0045
456,-1.5395,2.571,0.007,-5.000,2.525,0.009,-4.994,0.3531,0.7916,0.1320,-0.0040,0.0082,-2.455,0.001,-5.000,-2.516,-0.000,-5.023,0.3553,0.7897,0.1728,-0.0089,0.0039
457,-1.5375,2.576,0.001,-5.000,2.526,0.000,-4.992,0.3537,0.7909,0.1405,-0.0021,0.0086,-2.447,-0.003,-5.000,-2.510,-0.007,-5.023,0.3554,0.7895,0.1764,-0.0048,0.0036
458,-1.5354,2.581,-0.006,-5.000,2.528,-0.011,-4.994,0.3546,0.7900,0.1502,-0.0000,0.0096,-2.439,-0.009,-5.000,-2.504,-0.016,-5.030,0.3560,0.7888,0.1817,-0.0007,0.0052
459,-1.5332,2.586,-0.014,-5.000,2.529,-0.023,-4.998,0.3556,0.7891,0.1607,0.0022,0.0106,-2.432,-0.018,-5.000,-2.498,-0.030,-5.041,0.3570,0.7879,0.1888,0.0037,0.0072
460,-1.5309,2.592,-0.022,-5.000,2.532,-0.036,-5.005,0.3566,0.7881,0.1720,0.0043,0.0112,-2.425,-0.026,-5.000,-2.494,-0.043,-5.052,0.3584,0.7865,0.1987,0.0074,0.0099
461,-1.5286,2.598,-0.028,-5.000,2.535,-0.046,-5.010,0.3575,0.7874,0.1831,0.0061,0.0112,-2.418,-0.033,-5.000,-2.491,-0.053,-5.062,0.3596,0.7854,0.2099,0.0106,0.0112
462,-1.5262,2.604,-0.032,-5.000,2.538,-0.052,-5.012,0.3582,0.7867,0.1938,0.0072,0.0106,-2.412,-0.036,-5.000,-2.489,-0.059,-5.065,0.3606,0.7845,0.2213,0.0123,0.0115
463,-1.5237,2.611,-0.034,-5.000,2.542,-0.056,-5.009,0.3587,0.7863,0.2034,0.0077,0.0096,-2.407,-0.038,-5.000,-2.487,-0.062,-5.062,0.3615,0.7836,0.2329,0.0131,0.0115
464,-1.5211,2.620,-0.036,-5.000,2.547,-0.060,-5.001,0.3592,0.7858,0.2120,0.0077,0.0086,-2.400,-0.039,-5.000,-2.485,-0.065,-5.052,0.3624,0.7828,0.2445,0.0131,0.0116
465,-1.5184,2.628,-0.038,-5.000,2.553,-0.063,-4.992,0.3599,0.7852,0.2207,0.0075,0.0087,-2.394,-0.041,-5.000,-2.483,-0.068,-5.040,0.3634,0.7818,0.2562,0.0121,0.0118
466,-1.5156,2.637,-0.039,-5.000,2.558,-0.065,-4.983,0.3605,0.7845,0.2293,0.0071,0.0086,-2.387,-0.041,-5.000,-2.480,-0.069,-5.028,0.3642,0.7810,0.2675,0.0101,0.0112
467,-1.5127,2.646,-0.038,-5.000,2.564,-0.065,-4.978,0.3612,0.7839,0.2379,0.0061,0.0085,-2.380,-0.039,-5.000,-2.478,-0.066,-5.021,0.3650,0.7802,0.2786,0.0075,0.0111
468,-1.5098,2.655,-0.035,-5.000,2.570,-0.060,-4.978,0.3615,0.7836,0.2452,0.0041,0.0073,-2.373,-0.035,-5.000,-2.476,-0.060,-5.019,0.3658,0.7794,0.2895,0.0038,0.0109
469,-1.5067,2.664,-0.029,-5.000,2.576,-0.051,-4.984,0.3620,0.7831,0.2524,0.0015,0.0072,-2.366,-0.029,-5.000,-2.474,-0.051,-5.021,0.3667,0.7784,0.3007,-0.0002,0.0112
470,-1.5036,2.674,-0.022,-5.000,2.581,-0.040,-4.995,0.3626,0.7824,0.2598,-0.0015,0.0074,-2.359,-0.022,-5.000,-2.472,-0.041,-5.027,0.3678,0.7774,0.3120,-0.0046,0.0113
471,-1.5003,2.684,-0.014,-5.000,2.588,-0.029,-5.006,0.3634,0.7818,0.2675,-0.0042,0.0077,-2.350,-0.015,-5.000,-2.468,-0.031,-5.034,0.3688,0.7766,0.3230,-0.0089,0.0109
472,-1.4970,2.695,-0.008,-5.000,2.595,-0.020,-5.016,0.3642,0.7810,0.2757,-0.0063,0.0083,-2.340,-0.009,-5.000,-2.463,-0.022,-5.040,0.3697,0.7758,0.3336,-0.0126,0.0106
473,-1.4936,2.706,-0.003,-5.000,2.602,-0.013,-5.021,0.3651,0.7801,0.2848,-0.0078,0.0090,-2.330,-0.004,-5.000,-2.458,-0.015,-5.041,0.3708,0.7747,0.3447,-0.0151,0.0111
474,-1.4900,2.718,0.000,-5.000,2.611,-0.009,-5.019,0.3659,0.7794,0.2938,-0.0084,0.0090,-2.320,-0.001,-5.000,-2.452,-0.011,-5.037,0.3721,0.7735,0.3568,-0.0163,0.0122
475,-1.4864,2.730,0.003,-5.000,2.620,-0.005,-5.012,0.3666,0.7787,0.3025,-0.0081,0.0088,-2.309,0.002,-5.000,-2.446,-0.008,-5.028,0.3731,0.7725,0.3687,-0.0164,0.0118
476,-1.4827,2.743,0.006,-5.000,2.628,-0.002,-5.003,0.3676,0.7777,0.3125,-0.0073,0.0100,-2.298,0.004,-5.000,-2.441,-0.005,-5.018,0.3744,0.7711,0.3816,-0.0151,0.0129
477,-1.4789,2.755,0.007,-5.000,2.637,-0.002,-4.996,0.3687,0.7766,0.3234,-0.0059,0.0109,-2.287,0.006,-5.000,-2.435,-0.003,-5.009,0.3755,0.7700,0.3945,-0.0127,0.0129
478,-1.4749,2.768,0.006,-5.000,2.645,-0.004,-4.992,0.3697,0.7755,0.3346,-0.0042,0.0113,-2.274,0.006,-5.000,-2.427,-0.004,-5.004,0.3764,0.7691,0.4064,-0.0090,0.0120
479,-1.4709,2.782,0.002,-5.000,2.655,-0.011,-4.992,0.3705,0.7747,0.3453,-0.0017,0.0106,-2.261,0.003,-5.000,-2.418,-0.010,-5.006,0.3772,0.7682,0.4176,-0.0044,0.0112
480,-1.4668,2.797,-0.003,-5.000,2.665,-0.021,-4.997,0.3718,0.7734,0.3573,0.0008,0.0120,-2.246,-0.001,-5.000,-2.408,-0.018,-5.014,0.3784,0.7670,0.4294,0.0001,0.0118
481,-1.4626,2.811,-0.009,-5.000,2.675,-0.031,-5.005,0.3732,0.7721,0.3704,0.0032,0.0130,-2.232,-0.006,-5.000,-2.399,-0.028,-5.024,0.3800,0.7654,0.4430,0.0042,0.0135
482,-1.4582,2.826,-0.014,-5.000,2.684,-0.042,-5.013,0.3747,0.7707,0.3844,0.0055,0.0140,-2.217,-0.012,-5.000,-2.389,-0.039,-5.038,0.3814,0.7641,0.4563,0.0086,0.0134
483,-1.4538,2.841,-0.019,-5.000,2.694,-0.050,-5.018,0.3761,0.7693,0.3987,0.0073,0.0144,-2.203,-0.016,-5.000,-2.380,-0.047,-5.048,0.3830,0.7625,0.4710,0.0118,0.0147
484,-1.4493,2.856,-0.021,-5.000,2.704,-0.056,-5.019,0.3773,0.7681,0.4126,0.0084,0.0139,-2.187,-0.017,-5.000,-2.370,-0.051,-5.051,0.3842,0.7614,0.4845,0.0139,0.0135
485,-1.4446,2.872,-0.021,-5.000,2.715,-0.059,-5.014,0.3783,0.7672,0.4253,0.0090,0.0127,-2.172,-0.017,-5.000,-2.361,-0.053,-5.048,0.3857,0.7599,0.4986,0.0146,0.0141
486,-1.4399,2.889,-0.021,-5.000,2.727,-0.060,-5.004,0.3794,0.7661,0.4378,0.0089,0.0125,-2.154,-0.018,-5.000,-2.348,-0.056,-5.038,0.3864,0.7592,0.5101,0.0143,0.0115
487,-1.4350,2.903,-0.020,-5.000,2.734,-0.061,-4.998,0.3820,0.7634,0.4557,0.0087,0.0179,-2.137,-0.017,-5.000,-2.337,-0.058,-5.030,0.3882,0.7574,0.5240,0.0133,0.0139
488,-1.4301,2.920,-0.018,-5.000,2.746,-0.060,-4.987,0.3824,0.7631,0.4685,0.0082,0.0128,-2.119,-0.017,-5.000,-2.324,-0.059,-5.022,0.3892,0.7564,0.5363,0.0115,0.0123
489,-1.4250,2.937,-0.015,-5.000,2.757,-0.057,-4.981,0.3839,0.7616,0.4821,0.0071,0.0135,-2.100,-0.016,-5.000,-2.308,-0.060,-5.017,0.3897,0.7557,0.5459,0.0088,0.0097
490,-1.4198,2.955,-0.009,-5.000,2.770,-0.050,-4.982,0.3848,0.7607,0.4941,0.0048,0.0120,-2.078,-0.012,-5.000,-2.289,-0.056,-5.017,0.3899,0.7555,0.5525,0.0047,0.0066
491,-1.4145,2.973,-0.000,-5.000,2.782,-0.039,-4.989,0.3860,0.7594,0.5064,0.0017,0.0123,-2.056,-0.006,-5.000,-2.270,-0.049,-5.022,0.3907,0.7547,0.5595,0.0002,0.0070
492,-1.4092,2.992,0.009,-5.000,2.795,-0.026,-5.001,0.3871,0.7583,0.5181,-0.0016,0.0118,-2.034,0.001,-5.000,-2.251,-0.041,-5.030,0.3912,0.7542,0.5657,-0.0047,0.0061
493,-1.4037,3.012,0.020,-5.000,2.810,-0.011,-5.016,0.3879,0.7575,0.5282,-0.0050,0.0101,-2.010,0.008,-5.000,-2.231,-0.031,-5.039,0.3919,0.7536,0.5717,-0.0094,0.0060
494,-1.3981,3.033,0.028,-5.000,2.825,-0.001,-5.026,0.3895,0.7560,0.5402,-0.0075,0.0119,-1.986,0.016,-5.000,-2.209,-0.022,-5.046,0.3923,0.7532,0.5766,-0.0138,0.0049
495,-1.3923,3.054,0.034,-5.000,2.840,0.006,-5.030,0.3909,0.7545,0.5529,-0.0090,0.0128,-1.962,0.022,-5.000,-2.189,-0.015,-5.049,0.3936,0.7519,0.5844,-0.0165,0.0077
496,-1.3865,3.075,0.039,-5.000,2.855,0.009,-5.026,0.3924,0.7530,0.5665,-0.0098,0.0135,-1.937,0.028,-5.000,-2.167,-0.010,-5.046,0.3942,0.7513,0.5912,-0.0180,0.0068
497,-1.3806,3.097,0.043,-5.000,2.872,0.013,-5.015,0.3936,0.7518,0.5790,-0.0096,0.0126,-1.913,0.033,-5.000,-2.147,-0.005,-5.038,0.3953,0.7502,0.5997,-0.0179,0.0084
498,-1.3745,3.119,0.047,-5.000,2.886,0.015,-5.005,0.3956,0.7498,0.5943,-0.0088,0.0152,-1.888,0.037,-5.000,-2.127,-0.002,-5.030,0.3967,0.7487,0.6102,-0.0166,0.0105
499,-1.3684,3.143,0.051,-5.000,2.905,0.017,-4.994,0.3964,0.7489,0.6063,-0.0072,0.0120,-1.862,0.041,-5.000,-2.104,0.001,-5.022,0.3970,0.7483,0.6176,-0.0135,0.0074
500,-1.3621,3.167,0.053,-5.000,2.923,0.016,-4.988,0.3979,0.7474,0.6193,-0.0052,0.0130,-1.835,0.044,-5.000,-2.081,0.001,-5.019,0.3980,0.7472,0.6260,-0.0094,0.0084
501,-1.3557,3.192,0.053,-5.000,2.943,0.012,-4.988,0.3993,0.7459,0.6325,-0.0027,0.0131,-1.809,0.044,-5.000,-2.060,-0.003,-5.021,0.3998,0.7454,0.6381,-0.0048,0.0121
502,-1.3492,3.219,0.051,-5.000,2.965,0.003,-4.992,0.4006,0.7445,0.6452,0.0004,0.0127,-1.783,0.042,-5.000,-2.038,-0.012,-5.030,0.4013,0.7439,0.6509,0.0003,0.0128
503,-1.3426,3.245,0.049,-5.000,2.984,-0.005,-4.999,0.4027,0.7424,0.6608,0.0033,0.0156,-1.758,0.040,-5.000,-2.021,-0.020,-5.040,0.4039,0.7412,0.6686,0.0046,0.0177
504,-1.3359,3.271,0.047,-5.000,3.005,-0.014,-5.007,0.4043,0.7408,0.6757,0.0060,0.0149,-1.732,0.038,-5.000,-2.002,-0.029,-5.052,0.4058,0.7392,0.6862,0.0089,0.0175
505,-1.3291,3.298,0.047,-5.000,3.025,-0.020,-5.014,0.4062,0.7388,0.6916,0.0081,0.0159,-1.705,0.039,-5.000,-1.982,-0.035,-5.061,0.4074,0.7375,0.7023,0.0124,0.0161
506,-1.3222,3.325,0.048,-5.000,3.046,-0.024,-5.017,0.4078,0.7371,0.7069,0.0095,0.0153,-1.679,0.042,-5.000,-1.963,-0.036,-5.063,0.4093,0.7356,0.7185,0.0143,0.0162
507,-1.3151,3.354,0.051,-5.000,3.069,-0.027,-5.015,0.4093,0.7356,0.7209,0.0102,0.0141,-1.652,0.046,-5.000,-1.942,-0.035,-5.058,0.4108,0.7339,0.7336,0.0149,0.0151
508,-1.3079,3.383,0.054,-5.000,3.093,-0.028,-5.008,0.4107,0.7340,0.7343,0.0102,0.0134,-1.624,0.052,-5.000,-1.921,-0.032,-5.047,0.4125,0.7322,0.7485,0.0144,0.0149
509,-1.3007,3.413,0.058,-5.000,3.117,-0.029,-4.999,0.4122,0.7325,0.7474,0.0098,0.0130,-1.595,0.058,-5.000,-1.898,-0.029,-5.034,0.4138,0.7308,0.7615,0.0129,0.0130
510,-1.2933,3.443,0.063,-5.000,3.142,-0.028,-4.992,0.4136,0.7310,0.7602,0.0090,0.0128,-1.566,0.065,-5.000,-1.875,-0.025,-5.023,0.4156,0.7289,0.7758,0.0105,0.0143
511,-1.2858,3.475,0.069,-5.000,3.169,-0.024,-4.989,0.4145,0.7300,0.7702,0.0072,0.0100,-1.535,0.074,-5.000,-1.851,-0.017,-5.017,0.4166,0.7277,0.7874,0.0068,0.0115
512,-1.2782,3.507,0.079,-5.000,3.198,-0.016,-4.993,0.4153,0.7291,0.7788,0.0043,0.0085,-1.506,0.085,-5.000,-1.828,-0.007,-5.016,0.4186,0.7257,0.8016,0.0029,0.0142
513,-1.2704,3.539,0.091,-5.000,3.224,-0.004,-5.002,0.4165,0.7278,0.7885,0.0007,0.0097,-1.475,0.097,-5.000,-1.803,0.006,-5.019,0.4194,0.7248,0.8118,-0.0019,0.0103
514,-1.2626,3.571,0.104,-5.000,3.252,0.010,-5.014,0.4176,0.7267,0.7977,-0.0031,0.0092,-1.442,0.112,-5.000,-1.773,0.022,-5.026,0.4198,0.7243,0.8185,-0.0075,0.0066
515,-1.2547,3.604,0.118,-5.000,3.279,0.024,-5.026,0.4187,0.7255,0.8071,-0.0064,0.0094,-1.409,0.126,-5.000,-1.745,0.037,-5.034,0.4210,0.7230,0.8270,-0.0122,0.0085
516,-1.2466,3.638,0.131,-5.000,3.309,0.037,-5.035,0.4194,0.7246,0.8148,-0.0091,0.0077,-1.374,0.140,-5.000,-1.714,0.052,-5.040,0.4214,0.7225,0.8330,-0.0163,0.0060
517,-1.2384,3.672,0.142,-5.000,3.337,0.046,-5.035,0.4212,0.7229,0.8261,-0.0107,0.0113,-1.339,0.153,-5.000,-1.684,0.064,-5.041,0.4228,0.7210,0.8421,-0.0188,0.0092
518,-1.2301,3.705,0.152,-5.000,3.364,0.053,-5.029,0.4231,0.7208,0.8402,-0.0114,0.0140,-1.305,0.165,-5.000,-1.654,0.075,-5.036,0.4240,0.7197,0.8518,-0.0199,0.0097
519,-1.2217,3.741,0.163,-5.000,3.396,0.062,-5.017,0.4234,0.7203,0.8482,-0.0112,0.0080,-1.269,0.177,-5.000,-1.624,0.085,-5.027,0.4252,0.7184,0.8615,-0.0197,0.0096
520,-1.2132,3.777,0.175,-5.000,3.428,0.070,-5.005,0.4248,0.7188,0.8581,-0.0100,0.0099,-1.233,0.190,-5.000,-1.592,0.096,-5.017,0.4262,0.7173,0.8706,-0.0180,0.0092
521,-1.2046,3.815,0.186,-5.000,3.463,0.078,-4.995,0.4254,0.7181,0.8654,-0.0080,0.0072,-1.195,0.202,-5.000,-1.557,0.106,-5.009,0.4267,0.7167,0.8766,-0.0146,0.0060
522,-1.1959,3.853,0.195,-5.000,3.497,0.082,-4.991,0.4270,0.7165,0.8756,-0.0055,0.0103,-1.158,0.213,-5.000,-1.523,0.112,-5.007,0.4282,0.7151,0.8864,-0.0105,0.0097
523,-1.1870,3.893,0.203,-5.000,3.534,0.083,-4.993,0.4278,0.7156,0.8836,-0.0023,0.0080,-1.119,0.221,-5.000,-1.488,0.113,-5.010,0.4293,0.7139,0.8956,-0.0054,0.0093
524,-1.1781,3.932,0.211,-5.000,3.569,0.082,-4.999,0.4296,0.7138,0.8955,0.0008,0.0119,-1.081,0.227,-5.000,-1.456,0.110,-5.019,0.4317,0.7115,0.9105,-0.0003,0.0149
525,-1.1690,3.972,0.218,-5.000,3.606,0.081,-5.009,0.4308,0.7124,0.9062,0.0041,0.0108,-1.043,0.233,-5.000,-1.425,0.106,-5.031,0.4338,0.7092,0.9271,0.0046,0.0166
526,-1.1598,4.011,0.226,-5.000,3.640,0.081,-5.018,0.4328,0.7103,0.9204,0.0068,0.0141,-1.005,0.240,-5.000,-1.393,0.103,-5.044,0.4359,0.7068,0.9443,0.0089,0.0171
527,-1.1506,4.050,0.237,-5.000,3.674,0.085,-5.024,0.4344,0.7084,0.9343,0.0088,0.0140,-0.967,0.249,-5.000,-1.361,0.105,-5.052,0.4376,0.7049,0.9593,0.0124,0.0151
528,-1.1412,4.089,0.249,-5.000,3.707,0.091,-5.024,0.4362,0.7064,0.9486,0.0101,0.0142,-0.929,0.262,-5.000,-1.331,0.111,-5.053,0.4398,0.7025,0.9763,0.0143,0.0170
529,-1.1317,4.127,0.264,-5.000,3.739,0.099,-5.019,0.4380,0.7044,0.9633,0.0106,0.0147,-0.891,0.276,-5.000,-1.299,0.120,-5.046,0.4413,0.7007,0.9903,0.0149,0.0140
530,-1.1220,4.167,0.279,-5.000,3.773,0.110,-5.010,0.4393,0.7028,0.9755,0.0105,0.0122,-0.853,0.291,-5.000,-1.268,0.128,-5.035,0.4435,0.6983,1.0068,0.0143,0.0165
531,-1.1123,4.206,0.296,-5.000,3.806,0.123,-4.999,0.4410,0.7010,0.9883,0.0100,0.0128,-0.813,0.307,-5.000,-1.235,0.139,-5.023,0.4449,0.6965,1.0200,0.0126,0.0132
532,-1.1025,4.243,0.315,-5.000,3.834,0.136,-4.992,0.4437,0.6982,1.0067,0.0091,0.0184,-0.775,0.324,-5.000,-1.205,0.150,-5.017,0.4474,0.6939,1.0372,0.0102,0.0172
533,-1.0926,4.281,0.335,-5.000,3.864,0.154,-4.990,0.4453,0.6963,1.0213,0.0072,0.0147,-0.734,0.344,-5.000,-1.169,0.169,-5.015,0.4481,0.6930,1.0465,0.0061,0.0093
534,-1.0825,4.321,0.360,-5.000,3.898,0.179,-4.994,0.4460,0.6953,1.0303,0.0039,0.0090,-0.694,0.367,-5.000,-1.135,0.189,-5.018,0.4495,0.6914,1.0569,0.0014,0.0105
535,-1.0724,4.360,0.386,-5.000,3.931,0.207,-5.005,0.4472,0.6940,1.0393,0.0000,0.0090,-0.653,0.392,-5.000,-1.097,0.214,-5.024,0.4499,0.6908,1.0624,-0.0042,0.0055
536,-1.0621,4.402,0.416,-5.000,3.970,0.240,-5.019,0.4471,0.6939,1.0420,-0.0042,0.0027,-0.612,0.415,-5.000,-1.063,0.236,-5.031,0.4517,0.6889,1.0740,-0.0092,0.0116
537,-1.0518,4.444,0.443,-5.000,4.008,0.269,-5.032,0.4479,0.6930,1.0474,-0.0074,0.0054,-0.570,0.440,-5.000,-1.025,0.259,-5.038,0.4524,0.6878,1.0820,-0.0139,0.0080
538,-1.0413,4.484,0.467,-5.000,4.041,0.290,-5.038,0.4501,0.6907,1.0609,-0.0094,0.0135,-0.527,0.463,-5.000,-0.986,0.278,-5.042,0.4534,0.6866,1.0901,-0.0176,0.0081
539,-1.0307,4.528,0.492,-5.000,4.085,0.313,-5.038,0.4497,0.6909,1.0634,-0.0109,0.0025,-0.484,0.485,-5.000,-0.947,0.296,-5.041,0.4546,0.6852,1.0994,-0.0200,0.0093
540,-1.0201,4.573,0.516,-5.000,4.127,0.333,-5.031,0.4508,0.6896,1.0702,-0.0114,0.0067,-0.439,0.507,-5.000,-0.904,0.312,-5.034,0.4554,0.6842,1.1067,-0.0210,0.0074
541,-1.0093,4.617,0.540,-5.000,4.169,0.353,-5.018,0.4517,0.6886,1.0769,-0.0111,0.0068,-0.396,0.529,-5.000,-0.865,0.327,-5.023,0.4570,0.6824,1.1180,-0.0205,0.0112
542,-0.9984,4.663,0.565,-5.000,4.214,0.373,-5.004,0.4520,0.6882,1.0807,-0.0098,0.0037,-0.352,0.551,-5.000,-0.826,0.343,-5.013,0.4585,0.6808,1.1291,-0.0186,0.0111
543,-0.9874,4.709,0.588,-5.000,4.256,0.390,-4.995,0.4535,0.6867,1.0898,-0.0080,0.0092,-0.306,0.575,-5.000,-0.782,0.360,-5.004,0.4592,0.6799,1.1360,-0.0150,0.0069
544,-0.9764,4.755,0.610,-5.000,4.302,0.405,-4.991,0.4543,0.6857,1.0965,-0.0054,0.0067,-0.259,0.597,-5.000,-0.736,0.375,-5.003,0.4601,0.6789,1.1427,-0.0102,0.0067
545,-0.9652,4.802,0.631,-5.000,4.345,0.415,-4.993,0.4562,0.6838,1.1084,-0.0024,0.0119,-0.214,0.619,-5.000,-0.696,0.385,-5.008,0.4626,0.6764,1.1580,-0.0057,0.0153
546,-0.9539,4.849,0.651,-5.000,4.391,0.423,-5.001,0.4574,0.6823,1.1188,0.0011,0.0104,-0.168,0.639,-5.000,-0.653,0.394,-5.018,0.4643,0.6745,1.1710,-0.0005,0.0130
547,-0.9425,4.895,0.672,-5.000,4.433,0.431,-5.010,0.4596,0.6799,1.1343,0.0041,0.0154,-0.119,0.660,-5.000,-0.605,0.403,-5.031,0.4653,0.6731,1.1808,0.0050,0.0098
548,-0.9311,4.941,0.694,-5.000,4.474,0.441,-5.020,0.4615,0.6777,1.1497,0.0068,0.0154,-0.072,0.682,-5.000,-0.561,0.413,-5.043,0.4670,0.6711,1.1936,0.0092,0.0128
549,-0.9195,4.988,0.718,-5.000,4.520,0.455,-5.025,0.4626,0.6761,1.1604,0.0089,0.0107,-0.024,0.708,-5.000,-0.512,0.430,-5.049,0.4676,0.6701,1.2006,0.0125,0.0069
550,-0.9078,5.031,0.744,-5.000,4.555,0.469,-5.025,0.4657,0.6729,1.1809,0.0100,0.0205,0.021,0.735,-5.000,-0.471,0.448,-5.047,0.4695,0.6680,1.2136,0.0140,0.0130
551,-0.8961,5.078,0.771,-5.000,4.601,0.488,-5.019,0.4662,0.6717,1.1895,0.0106,0.0086,0.069,0.764,-5.000,-0.422,0.471,-5.036,0.4696,0.6675,1.2176,0.0143,0.0040
552,-0.8842,5.125,0.801,-5.000,4.647,0.509,-5.008,0.4673,0.6705,1.1977,0.0104,0.0082,0.115,0.794,-5.000,-0.380,0.491,-5.023,0.4715,0.6656,1.2298,0.0136,0.0122
553,-0.8723,5.171,0.830,-5.000,4.689,0.529,-4.997,0.4691,0.6686,1.2102,0.0099,0.0124,0.162,0.825,-5.000,-0.333,0.515,-5.010,0.4723,0.6644,1.2372,0.0119,0.0074
554,-0.8602,5.217,0.863,-5.000,4.735,0.555,-4.989,0.4700,0.6674,1.2182,0.0086,0.0080,0.209,0.857,-5.000,-0.287,0.541,-5.001,0.4732,0.6634,1.2439,0.0092,0.0067
555,-0.8481,5.262,0.897,-5.000,4.776,0.583,-4.987,0.4713,0.6658,1.2279,0.0064,0.0098,0.257,0.893,-5.000,-0.237,0.572,-4.998,0.4732,0.6633,1.2449,0.0052,0.0009
556,-0.8359,5.307,0.935,-5.000,4.818,0.616,-4.992,0.4722,0.6648,1.2350,0.0030,0.0070,0.305,0.931,-5.000,-0.187,0.608,-5.003,0.4729,0.6637,1.2436,0.0001,-0.0012
557,-0.8236,5.351,0.975,-5.000,4.860,0.654,-5.002,0.4728,0.6640,1.2395,-0.0009,0.0045,0.351,0.970,-5.000,-0.140,0.644,-5.012,0.4734,0.6631,1.2456,-0.0052,0.0020
558,-0.8112,5.395,1.016,-5.000,4.903,0.694,-5.014,0.4732,0.6635,1.2433,-0.0049,0.0037,0.398,1.009,-5.000,-0.089,0.683,-5.023,0.4715,0.6644,1.2425,-0.0107,-0.0031
559,-0.7987,5.438,1.056,-5.000,4.942,0.730,-5.024,0.4744,0.6621,1.2523,-0.0079,0.0090,0.444,1.048,-5.000,-0.046,0.716,-5.032,0.4739,0.6624,1.2502,-0.0150,0.0077
560,-0.7861,5.484,1.098,-5.000,4.989,0.769,-5.030,0.4742,0.6621,1.2534,-0.0106,0.0012,0.490,1.087,-5.000,0.001,0.749,-5.038,0.4744,0.6618,1.2548,-0.0185,0.0047
561,-0.7734,5.530,1.136,-5.000,5.033,0.801,-5.029,0.4754,0.6607,1.2608,-0.0120,0.0074,0.537,1.127,-5.000,0.050,0.783,-5.038,0.4745,0.6618,1.2574,-0.0209,0.0025
562,-0.7607,5.577,1.176,-5.000,5.082,0.834,-5.020,0.4757,0.6603,1.2641,-0.0125,0.0033,0.583,1.166,-5.000,0.093,0.814,-5.033,0.4759,0.6599,1.2661,-0.0218,0.0087
563,-0.7479,5.624,1.216,-5.000,5.131,0.867,-5.008,0.4762,0.6596,1.2678,-0.0119,0.0037,0.628,1.206,-5.000,0.137,0.847,-5.023,0.4770,0.6586,1.2748,-0.0213,0.0087
564,-0.7350,5.669,1.255,-5.000,5.176,0.897,-4.997,0.4776,0.6582,1.2772,-0.0105,0.0093,0.672,1.247,-5.000,0.180,0.880,-5.014,0.4782,0.6572,1.2837,-0.0193,0.0089
565,-0.7220,5.716,1.295,-5.000,5.224,0.927,-4.990,0.4785,0.6571,1.2842,-0.0083,0.0071,0.718,1.289,-5.000,0.226,0.915,-5.009,0.4789,0.6563,1.2892,-0.0159,0.0055
566,-0.7089,5.761,1.332,-5.000,5.265,0.949,-4.989,0.4812,0.6544,1.3021,-0.0058,0.0179,0.762,1.329,-5.000,0.269,0.944,-5.010,0.4809,0.6544,1.3019,-0.0117,0.0127
567,-0.6958,5.808,1.369,-5.000,5.314,0.972,-4.994,0.4827,0.6524,1.3141,-0.0024,0.0120,0.808,1.369,-5.000,0.314,0.972,-5.018,0.4824,0.6526,1.3134,-0.0064,0.0115
568,-0.6826,5.854,1.406,-5.000,5.358,0.991,-5.003,0.4852,0.6497,1.3323,0.0009,0.0182,0.852,1.408,-5.000,0.355,0.996,-5.031,0.4850,0.6499,1.3311,-0.0015,0.0178
569,-0.6693,5.897,1.443,-5.000,5.398,1.010,-5.012,0.4881,0.6463,1.3553,0.0038,0.0229,0.896,1.448,-5.000,0.396,1.021,-5.045,0.4873,0.6471,1.3494,0.0032,0.0183
570,-0.6559,5.941,1.483,-5.000,5.440,1.033,-5.021,0.4904,0.6432,1.3740,0.0065,0.0187,0.938,1.490,-5.000,0.437,1.050,-5.057,0.4892,0.6445,1.3651,0.0073,0.0157
571,-0.6425,5.986,1.526,-5.000,5.485,1.063,-5.026,0.4918,0.6410,1.3866,0.0089,0.0127,0.981,1.536,-5.000,0.478,1.084,-5.063,0.4906,0.6425,1.3773,0.0102,0.0121
572,-0.6290,6.029,1.571,-5.000,5.530,1.098,-5.024,0.4931,0.6393,1.3966,0.0102,0.0100,1.024,1.584,-5.000,0.523,1.127,-5.060,0.4910,0.6415,1.3816,0.0119,0.0043
573,-0.6154,6.072,1.618,-5.000,5.572,1.132,-5.016,0.4947,0.6374,1.4090,0.0107,0.0124,1.065,1.632,-5.000,0.561,1.164,-5.050,0.4927,0.6397,1.3944,0.0123,0.0128
574,-0.6017,6.115,1.666,-5.000,5.618,1.172,-5.004,0.4954,0.6361,1.4151,0.0106,0.0062,1.107,1.683,-5.000,0.607,1.209,-5.036,0.4930,0.6390,1.3972,0.0117,0.0029
575,-0.5880,6.156,1.715,-5.000,5.657,1.209,-4.994,0.4973,0.6342,1.4291,0.0101,0.0139,1.149,1.733,-5.000,0.650,1.251,-5.024,0.4941,0.6379,1.4047,0.0101,0.0074
576,-0.5742,6.197,1.766,-5.000,5.699,1.253,-4.987,0.4982,0.6328,1.4358,0.0089,0.0067,1.191,1.786,-5.000,0.696,1.299,-5.016,0.4942,0.6377,1.4054,0.0071,0.0007
577,-0.5604,6.237,1.820,-5.000,5.742,1.301,-4.985,0.4986,0.6321,1.4391,0.0069,0.0033,1.231,1.838,-5.000,0.735,1.343,-5.015,0.4955,0.6364,1.4140,0.0037,0.0086
578,-0.5465,6.277,1.876,-5.000,5.785,1.354,-4.989,0.4985,0.6322,1.4387,0.0037,-0.0004,1.271,1.894,-5.000,0.782,1.399,-5.020,0.4938,0.6380,1.4091,-0.0012,-0.0049
579,-0.5325,6.316,1.934,-5.000,5.829,1.412,-4.999,0.4977,0.6334,1.4353,-0.0001,-0.0034,1.310,1.950,-5.000,0.822,1.448,-5.028,0.4954,0.6363,1.4139,-0.0060,0.0048
580,-0.5185,6.354,1.993,-5.000,5.876,1.475,-5.011,0.4945,0.6368,1.4250,-0.0043,-0.0103,1.349,2.006,-5.000,0.870,1.506,-5.039,0.4920,0.6390,1.4067,-0.0113,-0.0072
581,-0.5044,6.394,2.053,-5.000,5.920,1.532,-5.021,0.4954,0.6353,1.4225,-0.0074,-0.0025,1.389,2.064,-5.000,0.919,1.563,-5.048,0.4909,0.6398,1.4004,-0.0160,-0.0063
582,-0.4902,6.433,2.111,-5.000,5.967,1.589,-5.026,0.4940,0.6367,1.4175,-0.0099,-0.0050,1.431,2.122,-5.000,0.964,1.612,-5.052,0.4934,0.6388,1.4017,-0.0192,0.0013
583,-0.4760,6.474,2.169,-5.000,6.014,1.641,-5.022,0.4949,0.6364,1.4161,-0.0113,-0.0015,1.470,2.177,-5.000,1.006,1.656,-5.049,0.4945,0.6370,1.4102,-0.0210,0.0085
584,-0.4618,6.513,2.227,-5.000,6.056,1.689,-5.012,0.4962,0.6351,1.4214,-0.0117,0.0053,1.509,2.232,-5.000,1.050,1.703,-5.040,0.4949,0.6366,1.4143,-0.0219,0.0042
585,-0.4475,6.551,2.285,-5.000,6.102,1.742,-4.998,0.4961,0.6354,1.4212,-0.0112,-0.0002,1.548,2.290,-5.000,1.098,1.755,-5.026,0.4943,0.6372,1.4132,-0.0211,-0.0011
586,-0.4331,6.588,2.342,-5.000,6.144,1.789,-4.987,0.4970,0.6341,1.4274,-0.0099,0.0062,1.586,2.347,-5.000,1.141,1.803,-5.014,0.4955,0.6358,1.4181,-0.0190,0.0048
587,-0.4187,6.625,2.399,-5.000,6.186,1.834,-4.981,0.4982,0.6329,1.4359,-0.0080,0.0085,1.624,2.405,-5.000,1.187,1.853,-5.006,0.4959,0.6355,1.4204,-0.0155,0.0023
588,-0.4043,6.662,2.454,-5.000,6.227,1.876,-4.981,0.4998,0.6312,1.4475,-0.0056,0.0116,1.661,2.461,-5.000,1.229,1.894,-5.005,0.4976,0.6337,1.4319,-0.0114,0.0115
589,-0.3898,6.699,2.511,-5.000,6.271,1.919,-4.987,0.5011,0.6295,1.4573,-0.0025,0.0098,1.699,2.516,-5.000,1.274,1.934,-5.012,0.4992,0.6318,1.4434,-0.0062,0.0115
590,-0.3752,6.734,2.567,-5.000,6.311,1.958,-4.997,0.5033,0.6272,1.4733,0.0005,0.0161,1.735,2.570,-5.000,1.314,1.968,-5.023,0.5019,0.6291,1.4630,-0.0013,0.0196
591,-0.3607,6.769,2.624,-5.000,6.352,2.002,-5.010,0.5046,0.6251,1.4846,0.0038,0.0112,1.770,2.626,-5.000,1.356,2.006,-5.037,0.5039,0.6263,1.4790,0.0036,0.0161
592,-0.3460,6.802,2.683,-5.000,6.390,2.046,-5.019,0.5063,0.6230,1.4983,0.0063,0.0137,1.803,2.683,-5.000,1.393,2.046,-5.047,0.5060,0.6235,1.4968,0.0073,0.0178
593,-0.3314,6.833,2.742,-5.000,6.424,2.090,-5.023,0.5082,0.6206,1.5140,0.0081,0.0157,1.835,2.742,-5.000,1.430,2.091,-5.049,0.5077,0.6211,1.5105,0.0097,0.0137
594,-0.3167,6.865,2.806,-5.000,6.465,2.146,-5.020,0.5086,0.6193,1.5167,0.0094,0.0027,1.866,2.803,-5.000,1.467,2.140,-5.044,0.5090,0.6191,1.5209,0.0110,0.0103
595,-0.3020,6.895,2.869,-5.000,6.502,2.200,-5.012,0.5094,0.6185,1.5231,0.0098,0.0064,1.895,2.864,-5.000,1.500,2.187,-5.033,0.5108,0.6171,1.5354,0.0112,0.0146
596,-0.2872,6.926,2.934,-5.000,6.543,2.259,-5.001,0.5095,0.6185,1.5232,0.0097,0.0001,1.926,2.928,-5.000,1.540,2.242,-5.017,0.5115,0.6156,1.5398,0.0105,0.0044
597,-0.2724,6.955,2.999,-5.000,6.580,2.316,-4.993,0.5100,0.6176,1.5276,0.0091,0.0043,1.955,2.992,-5.000,1.575,2.295,-5.004,0.5126,0.6145,1.5483,0.0090,0.0085
598,-0.2576,6.983,3.065,-5.000,6.616,2.377,-4.989,0.5103,0.6174,1.5289,0.0079,0.0013,1.982,3.059,-5.000,1.612,2.358,-4.996,0.5124,0.6144,1.5474,0.0063,-0.0008
599,-0.2427,7.009,3.133,-5.000,6.653,2.443,-4.991,0.5088,0.6184,1.5256,0.0058,-0.0033,2.009,3.128,-5.000,1.646,2.422,-4.995,0.5126,0.6143,1.5469,0.0027,-0.0005
600,-0.2279,7.035,3.202,-5.000,6.686,2.508,-4.998,0.5094,0.6181,1.5244,0.0030,-0.0012,2.034,3.196,-5.000,1.681,2.491,-5.001,0.5111,0.6160,1.5422,-0.0016,-0.0047
601,-0.2130,7.059,3.271,-5.000,6.726,2.590,-5.012,0.5037,0.6253,1.5061,-0.0009,-0.0183,2.058,3.266,-5.000,1.716,2.562,-5.011,0.5092,0.6177,1.5352,-0.0063,-0.0070
602,-0.1981,7.085,3.345,-5.000,6.764,2.665,-5.026,0.5033,0.6256,1.4945,-0.0043,-0.0116,2.082,3.336,-5.000,1.754,2.640,-5.024,0.5054,0.6219,1.5210,-0.0113,-0.0142
603,-0.1831,7.110,3.416,-5.000,6.804,2.742,-5.037,0.5004,0.6288,1.4797,-0.0074,-0.0148,2.106,3.408,-5.000,1.789,2.710,-5.033,0.5061,0.6207,1.5153,-0.0151,-0.0056
604,-0.1682,7.136,3.489,-5.000,6.840,2.809,-5.039,0.5025,0.6263,1.4772,-0.0093,-0.0025,2.130,3.478,-5.000,1.825,2.783,-5.037,0.5039,0.6231,1.5063,-0.0182,-0.0091
605,-0.1532,7.160,3.558,-5.000,6.877,2.877,-5.032,0.5012,0.6276,1.4725,-0.0105,-0.0047,2.154,3.552,-5.000,1.858,2.849,-5.034,0.5067,0.6219,1.5058,-0.0198,-0.0005
606,-0.1383,7.182,3.630,-5.000,6.908,2.940,-5.018,0.5031,0.6264,1.4745,-0.0107,0.0020,2.174,3.620,-5.000,1.887,2.908,-5.025,0.5076,0.6203,1.5121,-0.0203,0.0063
607,-0.1233,7.202,3.699,-5.000,6.940,3.010,-5.001,0.5012,0.6276,1.4709,-0.0100,-0.0036,2.194,3.689,-5.000,1.920,2.980,-5.012,0.5046,0.6223,1.5065,-0.0195,-0.0056
608,-0.1083,7.220,3.769,-5.000,6.965,3.068,-4.989,0.5040,0.6256,1.4809,-0.0089,0.0100,2.214,3.762,-5.000,1.951,3.045,-5.003,0.5071,0.6215,1.5073,-0.0175,0.0008
609,-0.0933,7.238,3.840,-5.000,6.992,3.133,-4.981,0.5044,0.6248,1.4833,-0.0070,0.0024,2.234,3.832,-5.000,1.983,3.113,-4.999,0.5059,0.6220,1.5048,-0.0143,-0.0024
610,-0.0783,7.253,3.908,-5.000,7.016,3.190,-4.981,0.5059,0.6235,1.4946,-0.0048,0.0113,2.252,3.902,-5.000,2.012,3.172,-5.004,0.5080,0.6203,1.5128,-0.0106,0.0080
611,-0.0633,7.268,3.975,-5.000,7.039,3.244,-4.987,0.5077,0.6214,1.5088,-0.0022,0.0142,2.269,3.971,-5.000,2.040,3.231,-5.016,0.5092,0.6190,1.5208,-0.0060,0.0080
612,-0.0483,7.282,4.044,-5.000,7.061,3.302,-4.997,0.5092,0.6194,1.5195,0.0007,0.0107,2.283,4.036,-5.000,2.061,3.279,-5.029,0.5118,0.6165,1.5414,-0.0020,0.0206
613,-0.0333,7.293,4.110,-5.000,7.080,3.352,-5.006,0.5115,0.6168,1.5393,0.0032,0.0198,2.296,4.105,-5.000,2.084,3.337,-5.046,0.5133,0.6141,1.5521,0.0024,0.0107
614,-0.0183,7.304,4.178,-5.000,7.099,3.409,-5.014,0.5132,0.6142,1.5524,0.0055,0.0131,2.307,4.174,-5.000,2.104,3.396,-5.057,0.5146,0.6122,1.5638,0.0057,0.0117
615,-0.0033,7.314,4.250,-5.000,7.118,3.474,-5.017,0.5138,0.6128,1.5572,0.0075,0.0047,2.318,4.247,-5.000,2.124,3.465,-5.061,0.5149,0.6115,1.5647,0.0080,0.0009
616,0.0117,7.324,4.322,-5.000,7.138,3.542,-5.012,0.5141,0.6123,1.5593,0.0086,0.0022,2.326,4.318,-5.000,2.142,3.532,-5.055,0.5152,0.6109,1.5677,0.0090,0.0030
617,0.0267,7.332,4.392,-5.000,7.155,3.606,-5.001,0.5148,0.6115,1.5656,0.0091,0.0063,2.334,4.389,-5.000,2.158,3.595,-5.044,0.5161,0.6099,1.5759,0.0091,0.0082
618,0.0417,7.339,4.465,-5.000,7.172,3.677,-4.988,0.5149,0.6115,1.5656,0.0093,-0.0001,2.341,4.461,-5.000,2.177,3.669,-5.030,0.5144,0.6109,1.5720,0.0086,-0.0040
619,0.0567,7.344,4.537,-5.000,7.186,3.744,-4.978,0.5154,0.6107,1.5694,0.0093,0.0039,2.347,4.536,-5.000,2.192,3.740,-5.019,0.5157,0.6104,1.5718,0.0074,-0.0002
620,0.0717,7.348,4.611,-5.000,7.200,3.815,-4.974,0.5155,0.6107,1.5697,0.0087,0.0002,2.351,4.609,-5.000,2.208,3.822,-5.012,0.5120,0.6142,1.5613,0.0053,-0.0104
621,0.0867,7.350,4.683,-5.000,7.212,3.891,-4.976,0.5136,0.6121,1.5652,0.0071,-0.0045,2.354,4.685,-5.000,2.222,3.902,-5.013,0.5116,0.6153,1.5526,0.0023,-0.0087
622,0.1017,7.352,4.758,-5.000,7.226,3.979,-4.986,0.5092,0.6179,1.5483,0.0042,-0.0168,2.357,4.761,-5.000,2.237,3.994,-5.021,0.5067,0.6214,1.5324,-0.0018,-0.0201
623,0.1167,7.354,4.836,-5.000,7.239,4.064,-5.000,0.5085,0.6193,1.5351,0.0010,-0.0132,2.360,4.839,-5.000,2.251,4.080,-5.031,0.5054,0.6226,1.5174,-0.0059,-0.0150
624,0.1317,7.355,4.913,-5.000,7.250,4.142,-5.013,0.5091,0.6185,1.5291,-0.0018,-0.0061,2.362,4.916,-5.000,2.266,4.165,-5.041,0.5033,0.6247,1.5034,-0.0099,-0.0140
625,0.1467,7.356,4.987,-5.000,7.263,4.230,-5.026,0.5045,0.6240,1.5122,-0.0045,-0.0169,2.364,4.993,-5.000,2.281,4.247,-5.048,0.5023,0.6257,1.4928,-0.0132,-0.0106
626,0.1617,7.356,5.065,-5.000,7.275,4.306,-5.030,0.5061,0.6219,1.5073,-0.0062,-0.0049,2.365,5.068,-5.000,2.295,4.325,-5.048,0.5021,0.6257,1.4864,-0.0155,-0.0064
627,0.1767,7.355,5.139,-5.000,7.286,4.386,-5.025,0.5044,0.6239,1.4994,-0.0073,-0.0078,2.365,5.143,-5.000,2.308,4.406,-5.041,0.5003,0.6278,1.4775,-0.0168,-0.0089
628,0.1917,7.353,5.214,-5.000,7.296,4.459,-5.014,0.5059,0.6226,1.4983,-0.0075,-0.0011,2.364,5.218,-5.000,2.318,4.473,-5.029,0.5039,0.6251,1.4828,-0.0171,0.0054
629,0.2067,7.349,5.287,-5.000,7.304,4.537,-5.001,0.5036,0.6249,1.4916,-0.0069,-0.0067,2.361,5.290,-5.000,2.328,4.551,-5.015,0.5009,0.6272,1.4768,-0.0163,-0.0060
630,0.2217,7.345,5.362,-5.000,7.312,4.608,-4.991,0.5056,0.6233,1.4927,-0.0059,0.0011,2.357,5.366,-5.000,2.336,4.621,-5.004,0.5035,0.6259,1.4787,-0.0146,0.0019
631,0.2367,7.340,5.432,-5.000,7.318,4.671,-4.986,0.5069,0.6221,1.5024,-0.0046,0.0097,2.351,5.439,-5.000,2.341,4.694,-4.998,0.5036,0.6260,1.4786,-0.0119,-0.0001
632,0.2517,7.333,5.504,-5.000,7.324,4.741,-4.988,0.5073,0.6212,1.5048,-0.0027,0.0024,2.343,5.508,-5.000,2.343,4.757,-5.001,0.5050,0.6244,1.4888,-0.0088,0.0102
633,0.2667,7.325,5.573,-5.000,7.327,4.802,-4.994,0.5087,0.6200,1.5159,-0.0005,0.0111,2.333,5.578,-5.000,2.342,4.820,-5.012,0.5063,0.6228,1.4981,-0.0048,0.0093
634,0.2817,7.315,5.642,-5.000,7.328,4.862,-5.004,0.5102,0.6181,1.5280,0.0018,0.0121,2.320,5.644,-5.000,2.338,4.872,-5.024,0.5090,0.6202,1.5188,-0.0012,0.0206
635,0.2967,7.304,5.710,-5.000,7.327,4.924,-5.015,0.5115,0.6162,1.5389,0.0042,0.0109,2.306,5.712,-5.000,2.331,4.929,-5.037,0.5109,0.6174,1.5335,0.0026,0.0148
636,0.3117,7.291,5.782,-5.000,7.324,4.993,-5.023,0.5119,0.6152,1.5415,0.0065,0.0026,2.289,5.782,-5.000,2.321,4.996,-5.046,0.5115,0.6159,1.5384,0.0061,0.0049
637,0.3267,7.277,5.852,-5.000,7.320,5.060,-5.024,0.5125,0.6145,1.5468,0.0081,0.0053,2.272,5.853,-5.000,2.311,5.064,-5.046,0.5120,0.6151,1.5427,0.0083,0.0043
638,0.3417,7.262,5.922,-5.000,7.316,5.134,-5.018,0.5114,0.6151,1.5448,0.0090,-0.0021,2.254,5.924,-5.000,2.300,5.135,-5.038,0.5121,0.6151,1.5435,0.0093,0.0008
639,0.3567,7.247,5.994,-5.000,7.312,5.203,-5.007,0.5127,0.6141,1.5484,0.0094,0.0036,2.235,5.994,-5.000,2.287,5.206,-5.024,0.5119,0.6152,1.5432,0.0096,-0.0004
640,0.3717,7.232,6.064,-5.000,7.308,5.271,-4.995,0.5131,0.6135,1.5523,0.0097,0.0038,2.215,6.064,-5.000,2.273,5.284,-5.008,0.5090,0.6176,1.5361,0.0094,-0.0071
641,0.3867,7.214,6.134,-5.000,7.303,5.340,-4.984,0.5135,0.6131,1.5547,0.0098,0.0025,2.194,6.137,-5.000,2.260,5.358,-4.996,0.5096,0.6170,1.5333,0.0086,-0.0028
642,0.4017,7.196,6.203,-5.000,7.295,5.420,-4.979,0.5105,0.6158,1.5475,0.0094,-0.0073,2.173,6.207,-5.000,2.245,5.441,-4.990,0.5060,0.6217,1.5202,0.0069,-0.0131
643,0.4167,7.177,6.276,-5.000,7.286,5.498,-4.983,0.5100,0.6166,1.5411,0.0081,-0.0064,2.151,6.281,-5.000,2.232,5.523,-4.992,0.5054,0.6229,1.5094,0.0043,-0.0107
644,0.4317,7.157,6.348,-5.000,7.275,5.587,-4.993,0.5054,0.6225,1.5228,0.0055,-0.0183,2.130,6.355,-5.000,2.220,5.614,-4.999,0.5011,0.6288,1.4889,0.0002,-0.0206
645,0.4467,7.136,6.424,-5.000,7.265,5.673,-5.007,0.5048,0.6238,1.5089,0.0025,-0.0140,2.110,6.430,-5.000,2.210,5.698,-5.010,0.5004,0.6293,1.4754,-0.0039,-0.0135
646,0.4617,7.114,6.498,-5.000,7.254,5.751,-5.020,0.5059,0.6229,1.5028,-0.0000,-0.0061,2.089,6.503,-5.000,2.202,5.780,-5.021,0.4992,0.6304,1.4646,-0.0079,-0.0107
647,0.4767,7.091,6.568,-5.000,7.242,5.831,-5.030,0.5038,0.6253,1.4934,-0.0023,-0.0094,2.068,6.574,-5.000,2.193,5.858,-5.028,0.4989,0.6303,1.4583,-0.0110,-0.0063
648,0.4917,7.067,6.639,-5.000,7.227,5.913,-5.033,0.5019,0.6273,1.4827,-0.0040,-0.0106,2.046,6.645,-5.000,2.183,5.936,-5.029,0.4974,0.6319,1.4505,-0.0133,-0.0077
649,0.5067,7.040,6.711,-5.000,7.211,5.984,-5.027,0.5036,0.6253,1.4813,-0.0048,-0.0015,2.021,6.716,-5.000,2.171,6.006,-5.023,0.5000,0.6304,1.4518,-0.0144,0.0013
650,0.5217,7.013,6.779,-5.000,7.192,6.061,-5.013,0.5015,0.6279,1.4742,-0.0050,-0.0070,1.997,6.782,-5.000,2.159,6.068,-5.013,0.5011,0.6289,1.4599,-0.0145,0.0081
651,0.5367,6.984,6.849,-5.000,7.173,6.131,-5.000,0.5033,0.6263,1.4743,-0.0046,0.0001,1.971,6.848,-5.000,2.145,6.136,-5.001,0.5015,0.6284,1.4630,-0.0138,0.0031
652,0.5517,6.955,6.914,-5.000,7.155,6.198,-4.990,0.5037,0.6258,1.4773,-0.0039,0.0030,1.943,6.915,-5.000,2.129,6.205,-4.992,0.5016,0.6285,1.4632,-0.0120,0.0002
653,0.5667,6.924,6.980,-5.000,7.134,6.264,-4.986,0.5041,0.6254,1.4797,-0.0028,0.0024,1.913,6.980,-5.000,2.110,6.269,-4.990,0.5023,0.6274,1.4684,-0.0096,0.0052
654,0.5817,6.893,7.042,-5.000,7.114,6.321,-4.989,0.5056,0.6240,1.4918,-0.0014,0.0122,1.882,7.041,-5.000,2.089,6.322,-4.995,0.5043,0.6255,1.4835,-0.0069,0.0151
655,0.5967,6.861,7.101,-5.000,7.094,6.369,-4.996,0.5081,0.6213,1.5116,0.0001,0.0198,1.848,7.100,-5.000,2.066,6.370,-5.007,0.5068,0.6228,1.5019,-0.0038,0.0184
656,0.6117,6.828,7.161,-5.000,7.072,6.420,-5.006,0.5101,0.6184,1.5276,0.0022,0.0160,1.812,7.158,-5.000,2.038,6.417,-5.023,0.5093,0.6198,1.5207,-0.0001,0.0189
657,0.6267,6.792,7.221,-5.000,7.046,6.477,-5.017,0.5114,0.6164,1.5377,0.0044,0.0100,1.773,7.217,-5.000,2.006,6.470,-5.039,0.5107,0.6174,1.5321,0.0038,0.0114
658,0.6417,6.757,7.281,-5.000,7.022,6.532,-5.023,0.5128,0.6146,1.5492,0.0062,0.0116,1.734,7.275,-5.000,1.974,6.523,-5.049,0.5119,0.6156,1.5427,0.0066,0.0106
659,0.6567,6.721,7.344,-5.000,6.996,6.596,-5.022,0.5132,0.6134,1.5521,0.0074,0.0029,1.694,7.337,-5.000,1.939,6.587,-5.050,0.5117,0.6154,1.5420,0.0084,-0.0007
660,0.6717,6.685,7.406,-5.000,6.971,6.662,-5.013,0.5133,0.6135,1.5525,0.0080,0.0003,1.654,7.398,-5.000,1.907,6.648,-5.041,0.5122,0.6148,1.5444,0.0089,0.0023
661,0.6867,6.648,7.467,-5.000,6.946,6.724,-5.001,0.5138,0.6127,1.5575,0.0083,0.0050,1.616,7.456,-5.000,1.879,6.704,-5.028,0.5132,0.6138,1.5529,0.0087,0.0085
662,0.7017,6.610,7.528,-5.000,6.917,6.791,-4.987,0.5131,0.6132,1.5560,0.0089,-0.0015,1.576,7.516,-5.000,1.847,6.769,-5.013,0.5123,0.6140,1.5509,0.0082,-0.0020
663,0.7167,6.571,7.588,-5.000,6.891,6.849,-4.979,0.5146,0.6119,1.5641,0.0095,0.0082,1.536,7.577,-5.000,1.817,6.831,-5.002,0.5134,0.6132,1.5534,0.0074,0.0024
664,0.7317,6.532,7.647,-5.000,6.858,6.921,-4.976,0.5117,0.6142,1.5569,0.0094,-0.0073,1.496,7.637,-5.000,1.786,6.895,-4.998,0.5132,0.6135,1.5527,0.0059,-0.0006
665,0.7467,6.491,7.710,-5.000,6.828,6.992,-4.981,0.5113,0.6149,1.5509,0.0080,-0.0059,1.456,7.697,-5.000,1.754,6.969,-5.002,0.5097,0.6176,1.5419,0.0033,-0.0108
666,0.7617,6.452,7.772,-5.000,6.796,7.074,-4.994,0.5072,0.6204,1.5339,0.0053,-0.0170,1.416,7.760,-5.000,1.723,7.048,-5.012,0.5074,0.6207,1.5278,-0.0005,-0.0141
667,0.7767,6.411,7.838,-5.000,6.769,7.147,-5.008,0.5093,0.6182,1.5291,0.0024,-0.0048,1.376,7.823,-5.000,1.698,7.115,-5.024,0.5096,0.6178,1.5265,-0.0039,-0.0013
668,0.7917,6.371,7.900,-5.000,6.739,7.223,-5.023,0.5071,0.6212,1.5190,-0.0006,-0.0100,1.337,7.882,-5.000,1.668,7.192,-5.037,0.5055,0.6223,1.5146,-0.0077,-0.0119
669,0.8067,6.329,7.962,-5.000,6.706,7.300,-5.034,0.5052,0.6233,1.5078,-0.0029,-0.0112,1.295,7.945,-5.000,1.641,7.260,-5.045,0.5072,0.6205,1.5126,-0.0103,-0.0020
670,0.8217,6.284,8.023,-5.000,6.675,7.365,-5.035,0.5077,0.6207,1.5082,-0.0043,0.0004,1.253,8.002,-5.000,1.610,7.329,-5.045,0.5055,0.6218,1.5076,-0.0122,-0.0050
671,0.8367,6.240,8.080,-5.000,6.640,7.431,-5.027,0.5063,0.6218,1.5050,-0.0048,-0.0032,1.209,8.061,-5.000,1.579,7.391,-5.037,0.5076,0.6208,1.5095,-0.0131,0.0019
672,0.8517,6.194,8.137,-5.000,6.606,7.493,-5.015,0.5076,0.6208,1.5073,-0.0047,0.0023,1.165,8.117,-5.000,1.547,7.452,-5.023,0.5078,0.6205,1.5115,-0.0131,0.0020
673,0.8667,6.148,8.192,-5.000,6.572,7.553,-5.002,0.5079,0.6204,1.5097,-0.0042,0.0024,1.120,8.173,-5.000,1.516,7.513,-5.009,0.5082,0.6199,1.5140,-0.0123,0.0025
674,0.8817,6.101,8.246,-5.000,6.537,7.612,-4.993,0.5084,0.6199,1.5136,-0.0036,0.0038,1.075,8.227,-5.000,1.484,7.572,-4.999,0.5088,0.6191,1.5183,-0.0106,0.0044
675,0.8967,6.051,8.299,-5.000,6.497,7.670,-4.989,0.5087,0.6195,1.5150,-0.0024,0.0014,1.027,8.280,-5.000,1.449,7.630,-4.998,0.5092,0.6186,1.5210,-0.0083,0.0026
676,0.9117,6.001,8.348,-5.000,6.458,7.719,-4.992,0.5098,0.6185,1.5245,-0.0011,0.0095,0.979,8.329,-5.000,1.414,7.678,-5.005,0.5107,0.6173,1.5330,-0.0059,0.0120
677,0.9267,5.950,8.395,-5.000,6.418,7.764,-5.001,0.5113,0.6167,1.5363,0.0006,0.0118,0.928,8.376,-5.000,1.376,7.721,-5.017,0.5126,0.6151,1.5478,-0.0030,0.0148
678,0.9417,5.898,8.440,-5.000,6.380,7.804,-5.010,0.5134,0.6143,1.5539,0.0023,0.0176,0.876,8.421,-5.000,1.337,7.761,-5.033,0.5147,0.6126,1.5627,-0.0000,0.0149
679,0.9567,5.844,8.486,-5.000,6.334,7.851,-5.021,0.5144,0.6123,1.5606,0.0042,0.0067,0.823,8.466,-5.000,1.294,7.804,-5.047,0.5161,0.6105,1.5742,0.0029,0.0115
680,0.9717,5.791,8.532,-5.000,6.292,7.896,-5.028,0.5155,0.6110,1.5705,0.0058,0.0099,0.768,8.514,-5.000,1.247,7.857,-5.056,0.5163,0.6097,1.5748,0.0051,0.0006
681,0.9867,5.736,8.579,-5.000,6.247,7.948,-5.028,0.5160,0.6099,1.5736,0.0069,0.0031,0.715,8.561,-5.000,1.199,7.914,-5.054,0.5146,0.6110,1.5709,0.0060,-0.0038
682,1.0017,5.682,8.626,-5.000,6.202,8.000,-5.019,0.5163,0.6094,1.5760,0.0075,0.0024,0.659,8.609,-5.000,1.155,7.967,-5.044,0.5159,0.6101,1.5722,0.0060,0.0013
683,1.0167,5.628,8.671,-5.000,6.160,8.048,-5.007,0.5171,0.6086,1.5835,0.0078,0.0075,0.606,8.654,-5.000,1.114,8.015,-5.030,0.5168,0.6092,1.5800,0.0059,0.0078
684,1.0317,5.573,8.715,-5.000,6.116,8.096,-4.995,0.5180,0.6075,1.5901,0.0086,0.0067,0.551,8.700,-5.000,1.066,8.072,-5.014,0.5153,0.6101,1.5764,0.0059,-0.0036
685,1.0467,5.517,8.759,-5.000,6.071,8.146,-4.986,0.5185,0.6066,1.5943,0.0094,0.0042,0.495,8.747,-5.000,1.022,8.126,-5.004,0.5165,0.6094,1.5767,0.0054,0.0003
686,1.0617,5.461,8.803,-5.000,6.020,8.204,-4.983,0.5160,0.6086,1.5883,0.0095,-0.0060,0.442,8.794,-5.000,0.974,8.190,-5.000,0.5134,0.6127,1.5679,0.0038,-0.0088
687,1.0767,5.404,8.850,-5.000,5.971,8.263,-4.988,0.5156,0.6093,1.5831,0.0083,-0.0052,0.387,8.844,-5.000,0.931,8.254,-5.004,0.5136,0.6129,1.5623,0.0013,-0.0056
688,1.0917,5.348,8.897,-5.000,5.917,8.332,-5.000,0.5118,0.6143,1.5678,0.0057,-0.0154,0.334,8.893,-5.000,0.885,8.327,-5.013,0.5101,0.6170,1.5489,-0.0022,-0.0134
689,1.1067,5.288,8.946,-5.000,5.870,8.391,-5.013,0.5143,0.6117,1.5651,0.0032,-0.0027,0.277,8.943,-5.000,0.846,8.388,-5.023,0.5130,0.6139,1.5495,-0.0051,0.0006
690,1.1217,5.230,8.991,-5.000,5.819,8.452,-5.026,0.5126,0.6142,1.5573,0.0006,-0.0077,0.225,8.990,-5.000,0.800,8.456,-5.034,0.5093,0.6174,1.5403,-0.0080,-0.0092
691,1.1367,5.170,9.035,-5.000,5.762,8.512,-5.034,0.5106,0.6166,1.5469,-0.0015,-0.0104,0.166,9.038,-5.000,0.756,8.515,-5.038,0.5117,0.6157,1.5404,-0.0100,0.0001
692,1.1517,5.107,9.077,-5.000,5.709,8.562,-5.031,0.5123,0.6145,1.5459,-0.0027,-0.0010,0.109,9.081,-5.000,0.712,8.571,-5.036,0.5119,0.6152,1.5424,-0.0111,0.0020
693,1.1667,5.046,9.116,-5.000,5.651,8.614,-5.019,0.5104,0.6167,1.5399,-0.0033,-0.0060,0.052,9.121,-5.000,0.669,8.620,-5.028,0.5128,0.6141,1.5504,-0.0116,0.0080
694,1.1817,4.983,9.156,-5.000,5.598,8.663,-5.005,0.5119,0.6154,1.5401,-0.0033,0.0002,-0.007,9.161,-5.000,0.616,8.676,-5.014,0.5105,0.6154,1.5457,-0.0115,-0.0047
695,1.1967,4.922,9.194,-5.000,5.546,8.711,-4.992,0.5121,0.6151,1.5414,-0.0030,0.0014,-0.069,9.202,-5.000,0.560,8.731,-5.001,0.5099,0.6163,1.5407,-0.0107,-0.0050
696,1.2117,4.860,9.230,-5.000,5.494,8.755,-4.983,0.5125,0.6147,1.5451,-0.0025,0.0036,-0.133,9.240,-5.000,0.508,8.777,-4.994,0.5120,0.6150,1.5429,-0.0093,0.0022
697,1.2267,4.796,9.264,-5.000,5.437,8.798,-4.981,0.5126,0.6144,1.5455,-0.0018,0.0004,-0.196,9.275,-5.000,0.449,8.822,-4.995,0.5114,0.6155,1.5415,-0.0074,-0.0013
698,1.2417,4.732,9.295,-5.000,5.382,8.834,-4.987,0.5135,0.6137,1.5526,-0.0007,0.0072,-0.262,9.305,-5.000,0.393,8.857,-5.003,0.5127,0.6144,1.5480,-0.0053,0.0065
699,1.2567,4.666,9.324,-5.000,5.322,8.869,-4.998,0.5138,0.6130,1.5546,0.0008,0.0020,-0.328,9.333,-5.000,0.335,8.887,-5.016,0.5138,0.6133,1.5554,-0.0029,0.0074
700,1.2717,4.602,9.351,-5.000,5.269,8.897,-5.010,0.5151,0.6118,1.5666,0.0023,0.0120,-0.397,9.359,-5.000,0.269,8.917,-5.032,0.5141,0.6126,1.5563,0.0000,0.0009
701,1.2867,4.535,9.379,-5.000,5.211,8.930,-5.021,0.5158,0.6104,1.5717,0.0040,0.0051,-0.463,9.385,-5.000,0.212,8.944,-5.044,0.5150,0.6117,1.5654,0.0024,0.0090
702,1.3017,4.469,9.407,-5.000,5.148,8.968,-5.027,0.5148,0.6108,1.5697,0.0055,-0.0019,-0.530,9.411,-5.000,0.143,8.981,-5.050,0.5127,0.6136,1.5591,0.0045,-0.0063
703,1.3167,4.402,9.435,-5.000,5.090,9.005,-5.025,0.5159,0.6100,1.5726,0.0063,0.0029,-0.599,9.439,-5.000,0.074,9.021,-5.046,0.5110,0.6156,1.5506,0.0054,-0.0085
704,1.3317,4.336,9.463,-5.000,5.031,9.041,-5.017,0.5162,0.6096,1.5753,0.0068,0.0026,-0.669,9.468,-5.000,0.010,9.059,-5.034,0.5120,0.6145,1.5481,0.0055,-0.0025
705,1.3467,4.269,9.489,-5.000,4.968,9.080,-5.004,0.5148,0.6105,1.5724,0.0075,-0.0029,-0.737,9.494,-5.000,-0.049,9.092,-5.018,0.5133,0.6135,1.5522,0.0056,0.0041
706,1.3617,4.201,9.516,-5.000,4.903,9.119,-4.993,0.5139,0.6115,1.5684,0.0087,-0.0040,-0.804,9.518,-5.000,-0.119,9.130,-5.002,0.5103,0.6165,1.5442,0.0059,-0.0080
707,1.3767,4.132,9.542,-5.000,4.842,9.156,-4.988,0.5154,0.6109,1.5688,0.0094,0.0003,-0.874,9.545,-5.000,-0.183,9.167,-4.991,0.5110,0.6157,1.5414,0.0057,-0.0028
708,1.3917,4.065,9.568,-5.000,4.780,9.195,-4.989,0.5144,0.6114,1.5671,0.0094,-0.0017,-0.942,9.572,-5.000,-0.252,9.211,-4.988,0.5083,0.6191,1.5313,0.0045,-0.0100
709,1.4067,3.998,9.595,-5.000,4.717,9.238,-4.996,0.5133,0.6123,1.5632,0.0083,-0.0038,-1.011,9.601,-5.000,-0.314,9.256,-4.993,0.5094,0.6182,1.5276,0.0022,-0.0037
710,1.4217,3.931,9.623,-5.000,4.649,9.287,-5.009,0.5106,0.6160,1.5519,0.0058,-0.0113,-1.079,9.629,-5.000,-0.380,9.305,-5.004,0.5073,0.6210,1.5187,-0.0010,-0.0089
711,1.4367,3.860,9.651,-5.000,4.585,9.333,-5.023,0.5117,0.6150,1.5476,0.0034,-0.0044,-1.148,9.658,-5.000,-0.440,9.350,-5.016,0.5086,0.6192,1.5178,-0.0042,-0.0009
712,1.4517,3.792,9.676,-5.000,4.528,9.372,-5.034,0.5133,0.6137,1.5511,0.0014,0.0036,-1.214,9.681,-5.000,-0.495,9.387,-5.026,0.5097,0.6182,1.5250,-0.0067,0.0072
713,1.4667,3.723,9.699,-5.000,4.458,9.413,-5.040,0.5110,0.6164,1.5439,-0.0003,-0.0073,-1.282,9.704,-5.000,-0.560,9.426,-5.031,0.5080,0.6191,1.5217,-0.0090,-0.0033
714,1.4817,3.651,9.720,-5.000,4.393,9.446,-5.036,0.5122,0.6148,1.5434,-0.0013,-0.0005,-1.353,9.724,-5.000,-0.623,9.458,-5.029,0.5096,0.6181,1.5243,-0.0102,0.0026
715,1.4967,3.581,9.738,-5.000,4.321,9.480,-5.024,0.5100,0.6174,1.5368,-0.0018,-0.0066,-1.422,9.742,-5.000,-0.692,9.491,-5.019,0.5075,0.6195,1.5204,-0.0107,-0.0039
716,1.5117,3.508,9.757,-5.000,4.255,9.511,-5.009,0.5115,0.6158,1.5370,-0.0017,0.0001,-1.494,9.760,-5.000,-0.763,9.523,-5.005,0.5067,0.6205,1.5155,-0.0106,-0.0049
717,1.5267,3.438,9.773,-5.000,4.185,9.542,-4.995,0.5102,0.6173,1.5331,-0.0011,-0.0038,-1.566,9.775,-5.000,-0.824,9.547,-4.995,0.5093,0.6186,1.5224,-0.0098,0.0069
718,1.5417,3.366,9.787,-5.000,4.121,9.567,-4.988,0.5116,0.6160,1.5373,-0.0004,0.0042,-1.637,9.788,-5.000,-0.892,9.570,-4.989,0.5095,0.6183,1.5234,-0.0085,0.0010
719,1.5567,3.296,9.798,-5.000,4.057,9.587,-4.986,0.5123,0.6152,1.5428,0.0003,0.0055,-1.710,9.796,-5.000,-0.968,9.587,-4.990,0.5076,0.6199,1.5188,-0.0067,-0.0046
720,1.5717,3.224,9.806,-5.000,3.992,9.602,-4.992,0.5130,0.6142,1.5489,0.0012,0.0061,-1.785,9.802,-5.000,-1.039,9.596,-4.999,0.5093,0.6186,1.5206,-0.0046,0.0018
721,1.5867,3.151,9.811,-5.000,3.920,9.614,-5.004,0.5129,0.6139,1.5487,0.0025,-0.0003,-1.860,9.803,-5.000,-1.116,9.601,-5.013,0.5079,0.6201,1.5165,-0.0017,-0.0041
722,1.6017,3.080,9.815,-5.000,3.858,9.622,-5.016,0.5141,0.6129,1.5585,0.0040,0.0098,-1.933,9.804,-5.000,-1.183,9.603,-5.026,0.5097,0.6185,1.5230,0.0008,0.0065
723,1.6167,3.008,9.818,-5.000,3.789,9.631,-5.027,0.5145,0.6119,1.5615,0.0056,0.0029,-2.007,9.805,-5.000,-1.258,9.608,-5.039,0.5088,0.6188,1.5212,0.0033,-0.0018
724,1.6317,2.936,9.821,-5.000,3.714,9.643,-5.032,0.5128,0.6132,1.5578,0.0071,-0.0037,-2.080,9.807,-5.000,-1.340,9.619,-5.044,0.5055,0.6226,1.5109,0.0052,-0.0103
725,1.6467,2.861,9.826,-5.000,3.645,9.656,-5.029,0.5142,0.6122,1.5598,0.0079,0.0020,-2.156,9.810,-5.000,-1.421,9.632,-5.040,0.5040,0.6245,1.5002,0.0060,-0.0107
726,1.6617,2.790,9.828,-5.000,3.571,9.670,-5.018,0.5123,0.6135,1.5559,0.0084,-0.0039,-2.232,9.812,-5.000,-1.496,9.642,-5.027,0.5050,0.6233,1.4966,0.0061,-0.0036
727,1.6767,2.715,9.831,-5.000,3.501,9.681,-5.003,0.5138,0.6128,1.5571,0.0093,0.0012,-2.306,9.813,-5.000,-1.564,9.650,-5.013,0.5066,0.6221,1.4999,0.0062,0.0034
728,1.6917,2.642,9.832,-5.000,3.430,9.693,-4.989,0.5138,0.6129,1.5571,0.0105,0.0000,-2.378,9.812,-5.000,-1.637,9.657,-4.998,0.5053,0.6229,1.4975,0.0063,-0.0025
729,1.7067,2.571,9.833,-5.000,3.353,9.708,-4.979,0.5106,0.6154,1.5499,0.0114,-0.0073,-2.451,9.811,-5.000,-1.716,9.667,-4.989,0.5030,0.6258,1.4889,0.0060,-0.0086
730,1.7217,2.496,9.837,-5.000,3.281,9.725,-4.977,0.5118,0.6146,1.5479,0.0111,-0.0019,-2.526,9.813,-5.000,-1.795,9.681,-4.989,0.5021,0.6271,1.4806,0.0046,-0.0083
731,1.7367,2.424,9.841,-5.000,3.209,9.746,-4.984,0.5117,0.6148,1.5461,0.0092,-0.0019,-2.601,9.815,-5.000,-1.865,9.697,-4.996,0.5038,0.6254,1.4797,0.0023,-0.0009
732,1.7517,2.351,9.845,-5.000,3.138,9.769,-4.996,0.5121,0.6148,1.5452,0.0062,-0.0009,-2.673,9.818,-5.000,-1.938,9.716,-5.008,0.5026,0.6270,1.4754,-0.0010,-0.0043
733,1.7667,2.278,9.849,-5.000,3.068,9.790,-5.010,0.5126,0.6145,1.5454,0.0031,0.0002,-2.743,9.818,-5.000,-1.998,9.730,-5.019,0.5047,0.6249,1.4853,-0.0038,0.0098
734,1.7817,2.205,9.849,-5.000,2.997,9.807,-5.022,0.5127,0.6143,1.5457,0.0006,0.0003,-2.814,9.817,-5.000,-2.068,9.743,-5.030,0.5048,0.6244,1.4861,-0.0067,0.0009
735,1.7967,2.133,9.846,-5.000,2.919,9.818,-5.027,0.5106,0.6167,1.5399,-0.0012,-0.0059,-2.884,9.812,-5.000,-2.132,9.750,-5.034,0.5056,0.6235,1.4932,-0.0085,0.0070
736,1.8117,2.059,9.839,-5.000,2.847,9.822,-5.023,0.5119,0.6153,1.5400,-0.0021,0.0002,-2.956,9.805,-5.000,-2.202,9.753,-5.030,0.5058,0.6231,1.4947,-0.0098,0.0015
737,1.8267,1.986,9.831,-5.000,2.769,9.826,-5.012,0.5099,0.6175,1.5346,-0.0022,-0.0055,-3.024,9.797,-5.000,-2.261,9.755,-5.020,0.5072,0.6216,1.5069,-0.0103,0.0122
738,1.8417,1.912,9.823,-5.000,2.698,9.828,-4.999,0.5114,0.6160,1.5356,-0.0019,0.0011,-3.094,9.788,-5.000,-2.326,9.758,-5.007,0.5081,0.6201,1.5135,-0.0100,0.0067
739,1.8567,1.841,9.813,-5.000,2.627,9.830,-4.988,0.5116,0.6158,1.5378,-0.0015,0.0021,-3.164,9.778,-5.000,-2.390,9.759,-4.996,0.5091,0.6190,1.5205,-0.0090,0.0070
740,1.8717,1.769,9.802,-5.000,2.557,9.830,-4.981,0.5120,0.6154,1.5403,-0.0008,0.0026,-3.235,9.766,-5.000,-2.460,9.756,-4.990,0.5094,0.6185,1.5219,-0.0071,0.0014
741,1.8867,1.698,9.787,-5.000,2.482,9.823,-4.981,0.5110,0.6164,1.5373,0.0001,-0.0031,-3.307,9.750,-5.000,-2.531,9.747,-4.994,0.5095,0.6185,1.5220,-0.0049,0.0002
742,1.9017,1.626,9.769,-5.000,2.413,9.812,-4.986,0.5119,0.6155,1.5399,0.0014,0.0027,-3.377,9.730,-5.000,-2.598,9.732,-5.005,0.5101,0.6178,1.5261,-0.0026,0.0041
743,1.9167,1.557,9.750,-5.000,2.350,9.798,-4.995,0.5128,0.6146,1.5477,0.0028,0.0078,-3.447,9.709,-5.000,-2.667,9.714,-5.020,0.5105,0.6173,1.5287,-0.0000,0.0026
744,1.9317,1.487,9.728,-5.000,2.274,9.780,-5.006,0.5110,0.6158,1.5432,0.0048,-0.0045,-3.517,9.686,-5.000,-2.736,9.695,-5.036,0.5106,0.6170,1.5297,0.0026,0.0010
745,1.9467,1.416,9.707,-5.000,2.205,9.765,-5.013,0.5123,0.6147,1.5445,0.0066,0.0013,-3.587,9.665,-5.000,-2.806,9.681,-5.048,0.5105,0.6171,1.5300,0.0048,0.0003
746,1.9617,1.346,9.685,-5.000,2.130,9.751,-5.016,0.5105,0.6160,1.5408,0.0079,-0.0037,-3.656,9.647,-5.000,-2.881,9.672,-5.053,0.5082,0.6192,1.5245,0.0061,-0.0055
747,1.9767,1.275,9.664,-5.000,2.062,9.739,-5.011,0.5120,0.6149,1.5432,0.0087,0.0024,-3.727,9.629,-5.000,-2.956,9.666,-5.045,0.5079,0.6196,1.5201,0.0062,-0.0044
748,1.9917,1.207,9.642,-5.000,1.988,9.724,-5.001,0.5103,0.6161,1.5398,0.0093,-0.0034,-3.798,9.611,-5.000,-3.024,9.660,-5.030,0.5094,0.6184,1.5221,0.0059,0.0021
749,2.0067,1.136,9.619,-5.000,1.920,9.709,-4.990,0.5117,0.6155,1.5410,0.0100,0.0012,-3.865,9.592,-5.000,-3.087,9.654,-5.014,0.5103,0.6175,1.5295,0.0058,0.0073
750,2.0217,1.069,9.596,-5.000,1.855,9.696,-4.982,0.5124,0.6146,1.5467,0.0109,0.0057,-3.933,9.573,-5.000,-3.161,9.648,-4.998,0.5085,0.6189,1.5249,0.0055,-0.0046
751,2.0367,1.002,9.573,-5.000,1.778,9.682,-4.978,0.5091,0.6172,1.5392,0.0115,-0.0074,-4.003,9.554,-5.000,-3.230,9.644,-4.989,0.5101,0.6176,1.5268,0.0047,0.0019
752,2.0517,0.931,9.551,-5.000,1.699,9.673,-4.982,0.5080,0.6187,1.5311,0.0108,-0.0081,-4.071,9.536,-5.000,-3.297,9.644,-4.988,0.5106,0.6171,1.5304,0.0029,0.0036
753,2.0667,0.859,9.531,-5.000,1.626,9.669,-4.991,0.5097,0.6175,1.5296,0.0086,-0.0015,-4.140,9.519,-5.000,-3.368,9.647,-4.995,0.5108,0.6168,1.5311,-0.0002,0.0007
754,2.0817,0.791,9.511,-5.000,1.559,9.668,-5.004,0.5111,0.6164,1.5352,0.0058,0.0056,-4.206,9.502,-5.000,-3.433,9.650,-5.005,0.5117,0.6160,1.5393,-0.0033,0.0082
755,2.0967,0.722,9.492,-5.000,1.481,9.667,-5.020,0.5094,0.6181,1.5301,0.0023,-0.0051,-4.272,9.484,-5.000,-3.496,9.651,-5.016,0.5127,0.6145,1.5487,-0.0063,0.0094
756,2.1117,0.652,9.470,-5.000,1.410,9.661,-5.030,0.5108,0.6168,1.5312,-0.0004,0.0011,-4.339,9.462,-5.000,-3.564,9.648,-5.025,0.5133,0.6134,1.5532,-0.0088,0.0045
757,2.1267,0.584,9.444,-5.000,1.339,9.649,-5.034,0.5108,0.6167,1.5318,-0.0022,0.0006,-4.404,9.438,-5.000,-3.627,9.639,-5.028,0.5142,0.6123,1.5617,-0.0102,0.0084
758,2.1417,0.518,9.416,-5.000,1.264,9.632,-5.027,0.5089,0.6187,1.5267,-0.0035,-0.0051,-4.471,9.411,-5.000,-3.696,9.626,-5.023,0.5146,0.6118,1.5632,-0.0111,0.0016
759,2.1567,0.451,9.386,-5.000,1.197,9.615,-5.014,0.5104,0.6172,1.5291,-0.0039,0.0024,-4.535,9.382,-5.000,-3.760,9.612,-5.013,0.5152,0.6109,1.5692,-0.0112,0.0059
760,2.1717,0.385,9.355,-5.000,1.126,9.595,-4.998,0.5096,0.6178,1.5273,-0.0034,-0.0018,-4.598,9.353,-5.000,-3.820,9.598,-5.002,0.5165,0.6095,1.5800,-0.0106,0.0108
761,2.1867,0.321,9.323,-5.000,1.062,9.575,-4.986,0.5108,0.6169,1.5319,-0.0024,0.0046,-4.663,9.322,-5.000,-3.885,9.581,-4.994,0.5172,0.6083,1.5841,-0.0094,0.0041
762,2.2017,0.257,9.287,-5.000,0.994,9.547,-4.979,0.5104,0.6172,1.5305,-0.0010,-0.0015,-4.726,9.289,-5.000,-3.956,9.556,-4.991,0.5157,0.6093,1.5806,-0.0075,-0.0035
763,2.2167,0.195,9.249,-5.000,0.932,9.517,-4.980,0.5111,0.6165,1.5335,0.0005,0.0030,-4.791,9.251,-5.000,-4.023,9.528,-4.996,0.5166,0.6089,1.5798,-0.0051,-0.0007
764,2.2317,0.134,9.209,-5.000,0.870,9.482,-4.987,0.5113,0.6161,1.5355,0.0022,0.0020,-4.853,9.211,-5.000,-4.097,9.490,-5.009,0.5133,0.6129,1.5693,-0.0023,-0.0106
765,2.2467,0.076,9.168,-5.000,0.814,9.449,-4.997,0.5121,0.6153,1.5426,0.0039,0.0071,-4.917,9.169,-5.000,-4.166,9.452,-5.024,0.5134,0.6131,1.5625,0.0004,-0.0068
766,2.2617,0.016,9.126,-5.000,0.748,9.410,-5.009,0.5101,0.6167,1.5380,0.0060,-0.0047,-4.978,9.127,-5.000,-4.236,9.414,-5.038,0.5119,0.6148,1.5545,0.0030,-0.0080
767,2.2767,-0.045,9.084,-5.000,0.687,9.376,-5.017,0.5117,0.6154,1.5401,0.0077,0.0022,-5.041,9.086,-5.000,-4.313,9.377,-5.049,0.5087,0.6184,1.5409,0.0051,-0.0137
768,2.2917,-0.105,9.044,-5.000,0.622,9.344,-5.018,0.5110,0.6160,1.5389,0.0088,-0.0012,-5.106,9.046,-5.000,-4.383,9.348,-5.050,0.5099,0.6169,1.5364,0.0063,-0.0044
769,2.3067,-0.164,9.004,-5.000,0.563,9.316,-5.012,0.5121,0.6149,1.5446,0.0093,0.0056,-5.168,9.008,-5.000,-4.456,9.319,-5.041,0.5082,0.6191,1.5285,0.0066,-0.0079
770,2.3217,-0.223,8.962,-5.000,0.499,9.284,-4.999,0.5121,0.6150,1.5443,0.0096,-0.0002,-5.229,8.968,-5.000,-4.517,9.294,-5.029,0.5109,0.6166,1.5340,0.0065,0.0055
771,2.3367,-0.281,8.921,-5.000,0.439,9.255,-4.987,0.5127,0.6141,1.5487,0.0102,0.0044,-5.289,8.928,-5.000,-4.582,9.266,-5.014,0.5111,0.6164,1.5345,0.0063,0.0005
772,2.3517,-0.339,8.880,-5.000,0.379,9.226,-4.977,0.5132,0.6134,1.5529,0.0107,0.0042,-5.348,8.887,-5.000,-4.651,9.235,-5.002,0.5092,0.6179,1.5301,0.0057,-0.0044
773,2.3667,-0.396,8.839,-5.000,0.319,9.199,-4.973,0.5138,0.6127,1.5578,0.0106,0.0049,-5.408,8.846,-5.000,-4.714,9.209,-4.997,0.5109,0.6166,1.5334,0.0045,0.0033
774,2.3817,-0.455,8.798,-5.000,0.253,9.173,-4.977,0.5141,0.6125,1.5587,0.0089,0.0009,-5.467,8.805,-5.000,-4.780,9.183,-4.999,0.5111,0.6164,1.5337,0.0020,0.0003
775,2.3967,-0.512,8.760,-5.000,0.192,9.153,-4.987,0.5150,0.6114,1.5666,0.0061,0.0079,-5.524,8.766,-5.000,-4.841,9.160,-5.007,0.5120,0.6156,1.5415,-0.0010,0.0078
776,2.4117,-0.568,8.721,-5.000,0.137,9.135,-5.000,0.5168,0.6097,1.5806,0.0032,0.0140,-5.580,8.725,-5.000,-4.900,9.138,-5.019,0.5131,0.6142,1.5507,-0.0043,0.0091
777,2.4267,-0.626,8.680,-5.000,0.070,9.111,-5.016,0.5175,0.6083,1.5830,-0.0002,0.0024,-5.636,8.683,-5.000,-4.958,9.112,-5.030,0.5141,0.6127,1.5598,-0.0073,0.0091
778,2.4417,-0.682,8.637,-5.000,0.008,9.084,-5.026,0.5180,0.6077,1.5879,-0.0025,0.0049,-5.691,8.638,-5.000,-5.020,9.080,-5.038,0.5144,0.6119,1.5619,-0.0100,0.0021
779,2.4567,-0.738,8.592,-5.000,-0.060,9.049,-5.028,0.5163,0.6090,1.5836,-0.0041,-0.0043,-5.743,8.592,-5.000,-5.073,9.049,-5.039,0.5155,0.6107,1.5726,-0.0114,0.0107
780,2.4717,-0.792,8.544,-5.000,-0.118,9.017,-5.022,0.5180,0.6075,1.5895,-0.0049,0.0059,-5.796,8.544,-5.000,-5.131,9.013,-5.032,0.5161,0.6095,1.5766,-0.0124,0.0040
781,2.4867,-0.846,8.497,-5.000,-0.186,8.980,-5.009,0.5160,0.6092,1.5842,-0.0050,-0.0053,-5.849,8.495,-5.000,-5.193,8.973,-5.018,0.5153,0.6102,1.5748,-0.0127,-0.0018
782,2.5017,-0.901,8.448,-5.000,-0.247,8.945,-4.995,0.5178,0.6077,1.5864,-0.0042,0.0022,-5.901,8.445,-5.000,-5.250,8.935,-5.005,0.5164,0.6091,1.5786,-0.0119,0.0038
783,2.5167,-0.954,8.398,-5.000,-0.310,8.904,-4.984,0.5168,0.6085,1.5839,-0.0029,-0.0024,-5.951,8.394,-5.000,-5.311,8.891,-4.993,0.5148,0.6102,1.5753,-0.0103,-0.0033
784,2.5317,-1.004,8.346,-5.000,-0.366,8.863,-4.979,0.5179,0.6077,1.5864,-0.0012,0.0025,-6.001,8.340,-5.000,-5.363,8.850,-4.989,0.5168,0.6089,1.5809,-0.0082,0.0055
785,2.5467,-1.052,8.292,-5.000,-0.417,8.820,-4.981,0.5186,0.6070,1.5925,0.0004,0.0061,-6.049,8.285,-5.000,-5.425,8.794,-4.993,0.5129,0.6130,1.5696,-0.0053,-0.0112
786,2.5617,-1.098,8.237,-5.000,-0.476,8.766,-4.990,0.5157,0.6099,1.5843,0.0025,-0.0082,-6.098,8.226,-5.000,-5.483,8.736,-5.004,0.5122,0.6144,1.5597,-0.0023,-0.0099
787,2.5767,-1.145,8.178,-5.000,-0.530,8.713,-5.002,0.5159,0.6094,1.5804,0.0047,-0.0039,-6.145,8.166,-5.000,-5.548,8.671,-5.019,0.5077,0.6202,1.5396,0.0010,-0.0201
788,2.5917,-1.191,8.120,-5.000,-0.588,8.655,-5.014,0.5130,0.6127,1.5701,0.0071,-0.0103,-6.194,8.105,-5.000,-5.604,8.616,-5.031,0.5094,0.6179,1.5332,0.0037,-0.0064
789,2.6067,-1.238,8.061,-5.000,-0.641,8.603,-5.022,0.5141,0.6113,1.5675,0.0091,-0.0026,-6.241,8.048,-5.000,-5.664,8.560,-5.041,0.5067,0.6209,1.5220,0.0060,-0.0112
790,2.6217,-1.283,8.004,-5.000,-0.689,8.557,-5.023,0.5157,0.6102,1.5730,0.0103,0.0055,-6.289,7.990,-5.000,-5.730,8.505,-5.042,0.5042,0.6239,1.5081,0.0073,-0.0139
791,2.6367,-1.326,7.947,-5.000,-0.745,8.504,-5.017,0.5134,0.6118,1.5680,0.0111,-0.0050,-6.338,7.931,-5.000,-5.788,8.456,-5.033,0.5054,0.6225,1.5033,0.0078,-0.0048
792,2.6517,-1.370,7.888,-5.000,-0.800,8.451,-5.006,0.5127,0.6126,1.5630,0.0116,-0.0050,-6.384,7.874,-5.000,-5.849,8.401,-5.017,0.5030,0.6255,1.4931,0.0077,-0.0102
793,2.6667,-1.415,7.828,-5.000,-0.852,8.402,-4.995,0.5146,0.6119,1.5635,0.0122,0.0005,-6.429,7.813,-5.000,-5.903,8.349,-5.001,0.5039,0.6245,1.4895,0.0073,-0.0036
794,2.6817,-1.456,7.771,-5.000,-0.899,8.358,-4.988,0.5153,0.6108,1.5701,0.0124,0.0066,-6.473,7.754,-5.000,-5.956,8.298,-4.989,0.5041,0.6244,1.4875,0.0063,-0.0020
795,2.6967,-1.499,7.714,-5.000,-0.956,8.307,-4.987,0.5134,0.6118,1.5663,0.0116,-0.0038,-6.516,7.695,-5.000,-6.008,8.250,-4.984,0.5052,0.6238,1.4890,0.0045,0.0014
796,2.7117,-1.543,7.656,-5.000,-1.008,8.264,-4.994,0.5156,0.6104,1.5713,0.0094,0.0050,-6.557,7.638,-5.000,-6.058,8.205,-4.986,0.5060,0.6232,1.4942,0.0016,0.0052
797,2.7267,-1.586,7.599,-5.000,-1.062,8.221,-5.009,0.5162,0.6097,1.5749,0.0054,0.0036,-6.598,7.580,-5.000,-6.108,8.159,-4.996,0.5065,0.6224,1.4981,-0.0020,0.0039
798,2.7417,-1.626,7.542,-5.000,-1.111,8.182,-5.026,0.5176,0.6085,1.5859,0.0016,0.0110,-6.637,7.522,-5.000,-6.155,8.113,-5.010,0.5072,0.6215,1.5048,-0.0060,0.0067
799,2.7567,-1.665,7.483,-5.000,-1.161,8.136,-5.044,0.5183,0.6072,1.5907,-0.0021,0.0048,-6.672,7.464,-5.000,-6.192,8.073,-5.022,0.5091,0.6194,1.5221,-0.0089,0.0173
800,2.7717,-1.702,7.423,-5.000,-1.207,8.087,-5.054,0.5189,0.6063,1.5964,-0.0045,0.0057,-6.706,7.404,-5.000,-6.231,8.026,-5.030,0.5105,0.6172,1.5330,-0.0113,0.0109
801,2.7867,-1.738,7.360,-5.000,-1.251,8.032,-5.055,0.5192,0.6058,1.5979,-0.0059,0.0015,-6.741,7.341,-5.000,-6.274,7.971,-5.032,0.5109,0.6164,1.5356,-0.0132,0.0027
802,2.8017,-1.772,7.296,-5.000,-1.299,7.969,-5.046,0.5168,0.6080,1.5920,-0.0066,-0.0059,-6.774,7.278,-5.000,-6.313,7.918,-5.025,0.5116,0.6154,1.5417,-0.0140,0.0061
803,2.8167,-1.806,7.229,-5.000,-1.341,7.912,-5.032,0.5185,0.6068,1.5923,-0.0063,0.0003,-6.808,7.213,-5.000,-6.356,7.860,-5.011,0.5117,0.6156,1.5417,-0.0139,0.0001
804,2.8317,-1.839,7.164,-5.000,-1.383,7.853,-5.017,0.5186,0.6068,1.5924,-0.0052,0.0001,-6.839,7.149,-5.000,-6.395,7.806,-4.999,0.5123,0.6145,1.5466,-0.0125,0.0048
805,2.8467,-1.869,7.099,-5.000,-1.420,7.796,-5.007,0.5191,0.6061,1.5969,-0.0038,0.0045,-6.869,7.084,-5.000,-6.432,7.747,-4.991,0.5128,0.6139,1.5494,-0.0101,0.0029
806,2.8617,-1.897,7.032,-5.000,-1.462,7.725,-5.001,0.5155,0.6102,1.5861,-0.0017,-0.0108,-6.897,7.016,-5.000,-6.468,7.684,-4.990,0.5124,0.6143,1.5483,-0.0069,-0.0011
807,2.8767,-1.926,6.961,-5.000,-1.501,7.654,-5.001,0.5151,0.6109,1.5779,0.0005,-0.0083,-6.923,6.947,-5.000,-6.506,7.608,-4.998,0.5084,0.6191,1.5355,-0.0029,-0.0129
808,2.8917,-1.952,6.891,-5.000,-1.542,7.574,-5.007,0.5105,0.6163,1.5599,0.0031,-0.0180,-6.949,6.875,-5.000,-6.542,7.532,-5.011,0.5076,0.6205,1.5245,0.0008,-0.0110
809,2.9067,-1.979,6.818,-5.000,-1.579,7.499,-5.014,0.5100,0.6168,1.5480,0.0057,-0.0118,-6.974,6.803,-5.000,-6.581,7.449,-5.030,0.5026,0.6262,1.5040,0.0046,-0.0205
810,2.9217,-2.003,6.750,-5.000,-1.597,7.461,-5.018,0.5188,0.6091,1.5785,0.0069,0.0304,-6.998,6.736,-5.000,-6.600,7.411,-5.038,0.5111,0.6180,1.5333,0.0061,0.0293
811,2.9367,-2.024,6.687,-5.000,-1.614,7.425,-5.021,0.5240,0.6030,1.6094,0.0082,0.0309,-7.020,6.673,-5.000,-6.615,7.380,-5.044,0.5186,0.6101,1.5702,0.0072,0.0370
812,2.9517,-2.043,6.624,-5.000,-1.650,7.353,-5.024,0.5172,0.6068,1.6016,0.0102,-0.0078,-7.041,6.610,-5.000,-6.652,7.310,-5.054,0.5123,0.6134,1.5625,0.0094,-0.0077
813,2.9667,-2.066,6.553,-5.000,-1.684,7.284,-5.020,0.5167,0.6073,1.5958,0.0115,-0.0058,-7.066,6.540,-5.000,-6.692,7.240,-5.054,0.5106,0.6154,1.5530,0.0104,-0.0095
814,2.9817,-2.089,6.483,-5.000,-1.721,7.210,-5.008,0.5141,0.6106,1.5845,0.0122,-0.0114,-7.090,6.469,-5.000,-6.727,7.176,-5.044,0.5124,0.6140,1.5514,0.0104,-0.0016
815,2.9967,-2.112,6.410,-5.000,-1.752,7.147,-4.995,0.5174,0.6081,1.5859,0.0126,0.0014,-7.112,6.400,-5.000,-6.758,7.116,-5.031,0.5136,0.6130,1.5557,0.0099,0.0044
816,3.0117,-2.132,6.342,-5.000,-1.785,7.079,-4.982,0.5151,0.6093,1.5817,0.0129,-0.0042,-7.132,6.332,-5.000,-6.793,7.045,-5.016,0.5105,0.6158,1.5480,0.0089,-0.0078
817,3.0267,-2.153,6.272,-5.000,-1.821,7.008,-4.972,0.5132,0.6117,1.5734,0.0126,-0.0083,-7.154,6.260,-5.000,-6.824,6.982,-5.007,0.5129,0.6140,1.5490,0.0071,0.0011
818,3.0417,-2.174,6.200,-5.000,-1.857,6.941,-4.969,0.5136,0.6115,1.5690,0.0111,-0.0044,-7.172,6.192,-5.000,-6.853,6.924,-5.005,0.5137,0.6132,1.5549,0.0043,0.0059
819,3.0567,-2.195,6.130,-5.000,-1.889,6.883,-4.975,0.5161,0.6099,1.5749,0.0082,0.0059,-7.190,6.125,-5.000,-6.879,6.869,-5.010,0.5150,0.6119,1.5653,0.0006,0.0104
820,3.0717,-2.213,6.063,-5.000,-1.919,6.828,-4.988,0.5174,0.6086,1.5848,0.0041,0.0099,-7.206,6.057,-5.000,-6.905,6.811,-5.021,0.5161,0.6103,1.5739,-0.0038,0.0086
821,3.0867,-2.231,5.996,-5.000,-1.948,6.775,-5.003,0.5190,0.6069,1.5964,-0.0002,0.0116,-7.219,5.990,-5.000,-6.925,6.758,-5.033,0.5176,0.6084,1.5883,-0.0076,0.0143
822,3.1017,-2.248,5.927,-5.000,-1.980,6.715,-5.019,0.5196,0.6055,1.6009,-0.0041,0.0045,-7.231,5.920,-5.000,-6.945,6.697,-5.044,0.5185,0.6066,1.5955,-0.0111,0.0073
823,3.1167,-2.263,5.858,-5.000,-2.008,6.654,-5.029,0.5201,0.6047,1.6059,-0.0068,0.0050,-7.241,5.851,-5.000,-6.962,6.636,-5.049,0.5194,0.6054,1.6036,-0.0134,0.0081
824,3.1317,-2.278,5.789,-5.000,-2.039,6.583,-5.029,0.5179,0.6063,1.6009,-0.0086,-0.0049,-7.250,5.779,-5.000,-6.981,6.565,-5.046,0.5186,0.6059,1.6017,-0.0150,-0.0019
825,3.1467,-2.292,5.715,-5.000,-2.067,6.516,-5.022,0.5195,0.6055,1.6012,-0.0094,0.0003,-7.259,5.706,-5.000,-6.999,6.498,-5.037,0.5196,0.6052,1.6039,-0.0155,0.0022
826,3.1617,-2.303,5.646,-5.000,-2.090,6.455,-5.012,0.5202,0.6045,1.6082,-0.0090,0.0070,-7.267,5.637,-5.000,-7.015,6.437,-5.026,0.5204,0.6040,1.6119,-0.0152,0.0080
827,3.1767,-2.313,5.574,-5.000,-2.114,6.388,-5.001,0.5206,0.6040,1.6092,-0.0076,0.0011,-7.273,5.566,-5.000,-7.033,6.364,-5.014,0.5185,0.6049,1.6079,-0.0135,-0.0040
828,3.1917,-2.322,5.502,-5.000,-2.137,6.311,-4.993,0.5178,0.6067,1.6018,-0.0052,-0.0075,-7.280,5.492,-5.000,-7.050,6.288,-5.009,0.5174,0.6066,1.6014,-0.0107,-0.0065
829,3.2067,-2.329,5.427,-5.000,-2.156,6.236,-4.990,0.5179,0.6071,1.5965,-0.0025,-0.0053,-7.285,5.417,-5.000,-7.065,6.214,-5.011,0.5176,0.6068,1.5970,-0.0073,-0.0044
830,3.2217,-2.334,5.353,-5.000,-2.175,6.150,-4.994,0.5138,0.6124,1.5803,0.0006,-0.0161,-7.289,5.343,-5.000,-7.079,6.142,-5.019,0.5182,0.6066,1.5948,-0.0037,-0.0022
831,3.2367,-2.338,5.277,-5.000,-2.193,6.060,-5.003,0.5104,0.6163,1.5613,0.0040,-0.0190,-7.291,5.270,-5.000,-7.095,6.054,-5.034,0.5127,0.6138,1.5759,0.0006,-0.0189
832,3.2517,-2.342,5.199,-5.000,-2.209,5.977,-5.013,0.5098,0.6168,1.5489,0.0071,-0.0124,-7.294,5.193,-5.000,-7.111,5.972,-5.050,0.5118,0.6146,1.5629,0.0041,-0.0130
833,3.2667,-2.344,5.123,-5.000,-2.223,5.896,-5.023,0.5086,0.6180,1.5384,0.0098,-0.0105,-7.297,5.118,-5.000,-7.128,5.886,-5.064,0.5085,0.6183,1.5461,0.0073,-0.0168
834,3.2817,-2.346,5.047,-5.000,-2.237,5.818,-5.029,0.5082,0.6184,1.5313,0.0119,-0.0071,-7.301,5.042,-5.000,-7.144,5.812,-5.071,0.5102,0.6162,1.5411,0.0092,-0.0049
835,3.2967,-2.346,4.973,-5.000,-2.249,5.736,-5.027,0.5059,0.6210,1.5207,0.0132,-0.0106,-7.303,4.969,-5.000,-7.161,5.736,-5.067,0.5088,0.6178,1.5344,0.0101,-0.0068
836,3.3117,-2.345,4.897,-5.000,-2.259,5.668,-5.019,0.5094,0.6183,1.5239,0.0136,0.0032,-7.304,4.896,-5.000,-7.174,5.673,-5.057,0.5116,0.6156,1.5407,0.0102,0.0064
837,3.3267,-2.343,4.825,-5.000,-2.270,5.594,-5.008,0.5081,0.6192,1.5215,0.0138,-0.0024,-7.303,4.825,-5.000,-7.188,5.598,-5.040,0.5093,0.6173,1.5355,0.0095,-0.0053
838,3.3417,-2.341,4.752,-5.000,-2.281,5.515,-4.996,0.5057,0.6214,1.5141,0.0135,-0.0074,-7.302,4.751,-5.000,-7.200,5.530,-5.026,0.5113,0.6160,1.5371,0.0082,0.0016
839,3.3567,-2.340,4.676,-5.000,-2.293,5.445,-4.990,0.5084,0.6198,1.5155,0.0124,0.0014,-7.300,4.679,-5.000,-7.211,5.459,-5.016,0.5110,0.6162,1.5363,0.0056,-0.0008
840,3.3717,-2.337,4.604,-5.000,-2.305,5.375,-4.991,0.5086,0.6196,1.5163,0.0098,0.0008,-7.295,4.611,-5.000,-7.219,5.402,-5.014,0.5130,0.6146,1.5499,0.0025,0.0136
841,3.3867,-2.333,4.535,-5.000,-2.315,5.314,-4.999,0.5101,0.6181,1.5279,0.0059,0.0117,-7.289,4.542,-5.000,-7.225,5.343,-5.018,0.5145,0.6126,1.5618,-0.0016,0.0119
842,3.4017,-2.328,4.466,-5.000,-2.324,5.253,-5.013,0.5116,0.6162,1.5387,0.0010,0.0108,-7.282,4.473,-5.000,-7.229,5.281,-5.028,0.5155,0.6109,1.5705,-0.0063,0.0088
843,3.4167,-2.320,4.400,-5.000,-2.329,5.202,-5.025,0.5142,0.6135,1.5601,-0.0030,0.0214,-7.272,4.405,-5.000,-7.229,5.222,-5.040,0.5168,0.6092,1.5826,-0.0102,0.0121
844,3.4317,-2.312,4.330,-5.000,-2.334,5.138,-5.037,0.5153,0.6111,1.5691,-0.0068,0.0090,-7.261,4.335,-5.000,-7.229,5.155,-5.051,0.5173,0.6080,1.5860,-0.0138,0.0034
845,3.4467,-2.302,4.261,-5.000,-2.338,5.075,-5.041,0.5164,0.6096,1.5782,-0.0092,0.0091,-7.249,4.265,-5.000,-7.226,5.088,-5.056,0.5177,0.6074,1.5901,-0.0159,0.0040
846,3.4617,-2.292,4.192,-5.000,-2.341,5.013,-5.038,0.5177,0.6080,1.5894,-0.0106,0.0112,-7.236,4.194,-5.000,-7.224,5.017,-5.053,0.5179,0.6076,1.5908,-0.0172,0.0007
847,3.4767,-2.280,4.120,-5.000,-2.342,4.939,-5.027,0.5170,0.6080,1.5877,-0.0112,-0.0016,-7.222,4.123,-5.000,-7.223,4.947,-5.043,0.5179,0.6077,1.5909,-0.0176,0.0001
848,3.4917,-2.266,4.049,-5.000,-2.340,4.870,-5.013,0.5181,0.6070,1.5911,-0.0104,0.0033,-7.209,4.052,-5.000,-7.221,4.876,-5.029,0.5180,0.6075,1.5913,-0.0169,0.0004
849,3.5067,-2.250,3.978,-5.000,-2.334,4.793,-5.000,0.5163,0.6084,1.5869,-0.0079,-0.0041,-7.194,3.983,-5.000,-7.219,4.799,-5.015,0.5150,0.6092,1.5853,-0.0149,-0.0060
850,3.5217,-2.232,3.905,-5.000,-2.327,4.719,-4.993,0.5169,0.6081,1.5852,-0.0049,-0.0018,-7.178,3.910,-5.000,-7.216,4.726,-5.008,0.5158,0.6090,1.5824,-0.0121,-0.0029
851,3.5367,-2.213,3.834,-5.000,-2.317,4.642,-4.992,0.5157,0.6101,1.5793,-0.0016,-0.0058,-7.162,3.839,-5.000,-7.213,4.647,-5.009,0.5140,0.6113,1.5748,-0.0085,-0.0075
852,3.5517,-2.193,3.763,-5.000,-2.305,4.554,-4.997,0.5113,0.6155,1.5628,0.0022,-0.0165,-7.146,3.767,-5.000,-7.209,4.564,-5.016,0.5119,0.6145,1.5625,-0.0043,-0.0123
853,3.5667,-2.171,3.688,-5.000,-2.292,4.470,-5.005,0.5103,0.6164,1.5508,0.0057,-0.0120,-7.130,3.693,-5.000,-7.206,4.470,-5.029,0.5072,0.6209,1.5395,0.0002,-0.0230
854,3.5817,-2.149,3.616,-5.000,-2.279,4.387,-5.015,0.5084,0.6183,1.5388,0.0090,-0.0119,-7.113,3.617,-5.000,-7.204,4.383,-5.042,0.5062,0.6218,1.5236,0.0041,-0.0159
855,3.5967,-2.126,3.543,-5.000,-2.264,4.307,-5.023,0.5074,0.6193,1.5293,0.0119,-0.0096,-7.095,3.543,-5.000,-7.201,4.293,-5.054,0.5029,0.6256,1.5050,0.0073,-0.0186
856,3.6117,-2.101,3.472,-5.000,-2.247,4.224,-5.026,0.5051,0.6220,1.5172,0.0141,-0.0121,-7.076,3.468,-5.000,-7.197,4.216,-5.059,0.5047,0.6232,1.4997,0.0093,-0.0053
857,3.6267,-2.075,3.400,-5.000,-2.232,4.158,-5.021,0.5090,0.6187,1.5213,0.0150,0.0041,-7.056,3.398,-5.000,-7.192,4.149,-5.055,0.5070,0.6214,1.5046,0.0101,0.0049
858,3.6417,-2.048,3.334,-5.000,-2.212,4.082,-5.009,0.5059,0.6209,1.5150,0.0153,-0.0063,-7.034,3.331,-5.000,-7.183,4.071,-5.044,0.5042,0.6237,1.4983,0.0102,-0.0064
859,3.6567,-2.020,3.263,-5.000,-2.195,4.013,-4.995,0.5083,0.6200,1.5155,0.0151,0.0005,-7.010,3.261,-5.000,-7.174,4.005,-5.031,0.5069,0.6216,1.5036,0.0095,0.0053
860,3.6717,-1.993,3.196,-5.000,-2.178,3.945,-4.982,0.5085,0.6195,1.5176,0.0145,0.0021,-6.986,3.193,-5.000,-7.163,3.935,-5.019,0.5070,0.6216,1.5038,0.0078,0.0002
861,3.6867,-1.965,3.130,-5.000,-2.162,3.881,-4.974,0.5092,0.6184,1.5230,0.0129,0.0054,-6.959,3.126,-5.000,-7.148,3.861,-5.011,0.5058,0.6225,1.5008,0.0049,-0.0030
862,3.7017,-1.936,3.065,-5.000,-2.144,3.815,-4.974,0.5100,0.6177,1.5273,0.0094,0.0044,-6.930,3.058,-5.000,-7.130,3.793,-5.011,0.5070,0.6216,1.5020,0.0008,0.0012
863,3.7167,-1.906,3.003,-5.000,-2.127,3.759,-4.982,0.5117,0.6161,1.5407,0.0047,0.0133,-6.900,2.995,-5.000,-7.111,3.734,-5.017,0.5081,0.6206,1.5115,-0.0035,0.0095
864,3.7317,-1.874,2.940,-5.000,-2.106,3.702,-4.996,0.5132,0.6142,1.5512,-0.0009,0.0105,-6.866,2.932,-5.000,-7.086,3.672,-5.028,0.5086,0.6195,1.5167,-0.0083,0.0052
865,3.7467,-1.842,2.880,-5.000,-2.085,3.649,-5.010,0.5148,0.6121,1.5659,-0.0054,0.0147,-6.831,2.871,-5.000,-7.059,3.614,-5.038,0.5095,0.6183,1.5252,-0.0121,0.0085
866,3.7617,-1.808,2.817,-5.000,-2.062,3.587,-5.023,0.5156,0.6105,1.5714,-0.0090,0.0056,-6.794,2.808,-5.000,-7.027,3.549,-5.047,0.5091,0.6186,1.5245,-0.0154,-0.0007
867,3.7767,-1.774,2.755,-5.000,-2.040,3.524,-5.027,0.5162,0.6096,1.5768,-0.0112,0.0054,-6.756,2.745,-5.000,-6.996,3.484,-5.049,0.5094,0.6186,1.5249,-0.0173,0.0005
868,3.7917,-1.740,2.693,-5.000,-2.019,3.464,-5.023,0.5172,0.6084,1.5853,-0.0125,0.0085,-6.718,2.684,-5.000,-6.964,3.417,-5.043,0.5081,0.6192,1.5227,-0.0184,-0.0023
869,3.8067,-1.706,2.631,-5.000,-1.995,3.394,-5.011,0.5157,0.6091,1.5823,-0.0127,-0.0031,-6.680,2.621,-5.000,-6.933,3.350,-5.032,0.5076,0.6197,1.5200,-0.0185,-0.0026
870,3.8217,-1.669,2.567,-5.000,-1.970,3.330,-4.997,0.5173,0.6080,1.5854,-0.0116,0.0031,-6.641,2.559,-5.000,-6.901,3.284,-5.019,0.5077,0.6199,1.5180,-0.0173,-0.0020
871,3.8367,-1.632,2.506,-5.000,-1.942,3.259,-4.984,0.5153,0.6095,1.5808,-0.0091,-0.0045,-6.601,2.497,-5.000,-6.870,3.217,-5.008,0.5073,0.6202,1.5156,-0.0149,-0.0024
872,3.8517,-1.593,2.443,-5.000,-1.914,3.191,-4.978,0.5158,0.6094,1.5785,-0.0060,-0.0023,-6.562,2.436,-5.000,-6.839,3.148,-5.004,0.5059,0.6214,1.5105,-0.0115,-0.0051
873,3.8667,-1.554,2.381,-5.000,-1.884,3.119,-4.978,0.5147,0.6113,1.5724,-0.0025,-0.0061,-6.523,2.373,-5.000,-6.805,3.068,-5.008,0.5021,0.6266,1.4947,-0.0071,-0.0159
874,3.8817,-1.515,2.318,-5.000,-1.852,3.039,-4.985,0.5109,0.6161,1.5571,0.0015,-0.0153,-6.483,2.307,-5.000,-6.776,2.991,-5.019,0.5019,0.6276,1.4830,-0.0026,-0.0117
875,3.8967,-1.474,2.254,-5.000,-1.821,2.963,-4.995,0.5104,0.6163,1.5475,0.0052,-0.0097,-6.445,2.242,-5.000,-6.746,2.907,-5.035,0.4982,0.6322,1.4646,0.0021,-0.0184
876,3.9117,-1.433,2.191,-5.000,-1.790,2.889,-5.006,0.5091,0.6176,1.5386,0.0086,-0.0089,-6.405,2.177,-5.000,-6.719,2.832,-5.050,0.4987,0.6313,1.4560,0.0057,-0.0086
877,3.9267,-1.391,2.130,-5.000,-1.755,2.811,-5.014,0.5062,0.6208,1.5256,0.0117,-0.0130,-6.365,2.115,-5.000,-6.692,2.762,-5.060,0.4990,0.6306,1.4525,0.0084,-0.0035
878,3.9417,-1.347,2.067,-5.000,-1.725,2.749,-5.016,0.5099,0.6177,1.5279,0.0135,0.0023,-6.323,2.055,-5.000,-6.664,2.698,-5.062,0.5005,0.6297,1.4545,0.0100,0.0021
879,3.9567,-1.303,2.011,-5.000,-1.691,2.683,-5.011,0.5085,0.6186,1.5254,0.0146,-0.0025,-6.281,1.997,-5.000,-6.632,2.633,-5.053,0.5003,0.6300,1.4540,0.0108,-0.0005
880,3.9717,-1.259,1.953,-5.000,-1.653,2.612,-4.999,0.5059,0.6208,1.5176,0.0150,-0.0078,-6.237,1.941,-5.000,-6.602,2.574,-5.038,0.5011,0.6289,1.4590,0.0106,0.0050
881,3.9867,-1.212,1.893,-5.000,-1.619,2.548,-4.986,0.5081,0.6199,1.5168,0.0149,-0.0008,-6.192,1.885,-5.000,-6.567,2.510,-5.021,0.5003,0.6295,1.4574,0.0092,-0.0016
882,4.0017,-1.167,1.837,-5.000,-1.586,2.486,-4.976,0.5086,0.6194,1.5182,0.0142,0.0014,-6.147,1.833,-5.000,-6.538,2.463,-5.011,0.5030,0.6272,1.4735,0.0072,0.0161
883,4.0167,-1.120,1.782,-5.000,-1.550,2.422,-4.971,0.5084,0.6196,1.5176,0.0123,-0.0006,-6.098,1.780,-5.000,-6.498,2.407,-5.004,0.5036,0.6260,1.4760,0.0036,0.0026
884,4.0317,-1.072,1.728,-5.000,-1.513,2.365,-4.974,0.5093,0.6186,1.5217,0.0085,0.0041,-6.047,1.730,-5.000,-6.455,2.356,-5.005,0.5044,0.6252,1.4818,-0.0011,0.0058
885,4.0467,-1.023,1.679,-5.000,-1.477,2.318,-4.984,0.5110,0.6171,1.5344,0.0035,0.0127,-5.995,1.683,-5.000,-6.412,2.313,-5.012,0.5057,0.6237,1.4935,-0.0056,0.0117
886,4.0617,-0.972,1.632,-5.000,-1.439,2.275,-4.997,0.5129,0.6148,1.5492,-0.0017,0.0148,-5.942,1.638,-5.000,-6.366,2.271,-5.023,0.5069,0.6219,1.5043,-0.0100,0.0108
887,4.0767,-0.921,1.586,-5.000,-1.401,2.233,-5.011,0.5146,0.6124,1.5642,-0.0061,0.0150,-5.885,1.592,-5.000,-6.314,2.225,-5.034,0.5073,0.6210,1.5077,-0.0140,0.0033
888,4.0917,-0.871,1.541,-5.000,-1.366,2.191,-5.020,0.5168,0.6096,1.5816,-0.0092,0.0174,-5.831,1.547,-5.000,-6.269,2.183,-5.040,0.5084,0.6196,1.5182,-0.0165,0.0105
889,4.1067,-0.818,1.492,-5.000,-1.324,2.137,-5.022,0.5172,0.6081,1.5849,-0.0117,0.0033,-5.775,1.502,-5.000,-6.215,2.130,-5.041,0.5063,0.6208,1.5142,-0.0186,-0.0040
890,4.1217,-0.767,1.444,-5.000,-1.285,2.085,-5.015,0.5179,0.6073,1.5913,-0.0132,0.0064,-5.718,1.454,-5.000,-6.165,2.080,-5.034,0.5080,0.6204,1.5146,-0.0194,0.0004
891,4.1367,-0.713,1.395,-5.000,-1.241,2.028,-5.001,0.5181,0.6074,1.5915,-0.0134,0.0002,-5.662,1.409,-5.000,-6.111,2.026,-5.021,0.5054,0.6216,1.5099,-0.0192,-0.0047
892,4.1517,-0.659,1.348,-5.000,-1.199,1.976,-4.986,0.5186,0.6063,1.5961,-0.0120,0.0046,-5.605,1.363,-5.000,-6.066,1.982,-5.009,0.5083,0.6195,1.5174,-0.0180,0.0075
893,4.1667,-0.604,1.302,-5.000,-1.154,1.923,-4.974,0.5190,0.6060,1.5976,-0.0092,0.0015,-5.549,1.320,-5.000,-6.014,1.929,-4.998,0.5064,0.6207,1.5136,-0.0154,-0.0038
894,4.1817,-0.549,1.255,-5.000,-1.107,1.865,-4.968,0.5180,0.6065,1.5954,-0.0058,-0.0022,-5.491,1.273,-5.000,-5.967,1.878,-4.993,0.5082,0.6200,1.5144,-0.0119,0.0008
895,4.1967,-0.494,1.208,-5.000,-1.059,1.804,-4.968,0.5171,0.6082,1.5900,-0.0022,-0.0054,-5.436,1.228,-5.000,-5.917,1.819,-4.995,0.5055,0.6224,1.5072,-0.0076,-0.0071
896,4.2117,-0.439,1.159,-5.000,-1.008,1.736,-4.976,0.5137,0.6124,1.5766,0.0020,-0.0135,-5.380,1.180,-5.000,-5.872,1.762,-5.004,0.5065,0.6218,1.5046,-0.0034,-0.0027
897,4.2267,-0.382,1.110,-5.000,-0.960,1.672,-4.987,0.5137,0.6121,1.5695,0.0058,-0.0071,-5.325,1.134,-5.000,-5.828,1.705,-5.017,0.5066,0.6219,1.5025,0.0007,-0.0020
898,4.2417,-0.325,1.063,-5.000,-0.912,1.609,-4.999,0.5128,0.6128,1.5635,0.0093,-0.0059,-5.269,1.089,-5.000,-5.785,1.650,-5.030,0.5070,0.6216,1.5029,0.0043,0.0003
899,4.2567,-0.267,1.017,-5.000,-0.862,1.550,-5.007,0.5123,0.6131,1.5592,0.0123,-0.0043,-5.213,1.046,-5.000,-5.739,1.596,-5.041,0.5065,0.6220,1.5020,0.0071,-0.0009
900,4.2717,-0.208,0.974,-5.000,-0.806,1.490,-5.010,0.5099,0.6158,1.5500,0.0144,-0.0092,-5.156,1.006,-5.000,-5.696,1.551,-5.043,0.5077,0.6207,1.5101,0.0087,0.0081
901,4.2867,-0.145,0.930,-5.000,-0.754,1.438,-5.005,0.5116,0.6148,1.5481,0.0154,-0.0020,-5.098,0.968,-5.000,-5.652,1.508,-5.038,0.5089,0.6193,1.5192,0.0094,0.0090
902,4.3017,-0.084,0.890,-5.000,-0.700,1.387,-4.995,0.5117,0.6150,1.5467,0.0157,-0.0013,-5.040,0.930,-5.000,-5.606,1.465,-5.026,0.5099,0.6179,1.5273,0.0092,0.0081
903,4.3167,-0.024,0.851,-5.000,-0.643,1.334,-4.983,0.5093,0.6165,1.5410,0.0153,-0.0057,-4.982,0.892,-5.000,-5.561,1.420,-5.012,0.5109,0.6167,1.5347,0.0079,0.0073
904,4.3317,0.041,0.812,-5.000,-0.589,1.289,-4.975,0.5119,0.6151,1.5438,0.0142,0.0027,-4.923,0.855,-5.000,-5.516,1.377,-5.001,0.5120,0.6154,1.5426,0.0055,0.0080
905,4.3467,0.104,0.778,-5.000,-0.536,1.248,-4.972,0.5127,0.6141,1.5495,0.0120,0.0057,-4.862,0.819,-5.000,-5.466,1.334,-4.997,0.5128,0.6144,1.5475,0.0020,0.0048
906,4.3617,0.166,0.747,-5.000,-0.487,1.217,-4.975,0.5144,0.6124,1.5636,0.0087,0.0141,-4.803,0.788,-5.000,-5.423,1.300,-4.999,0.5147,0.6126,1.5638,-0.0016,0.0164
907,4.3767,0.232,0.718,-5.000,-0.430,1.185,-4.986,0.5156,0.6107,1.5703,0.0037,0.0067,-4.740,0.756,-5.000,-5.370,1.264,-5.008,0.5156,0.6107,1.5705,-0.0063,0.0066
908,4.3917,0.296,0.691,-5.000,-0.376,1.159,-5.001,0.5173,0.6091,1.5835,-0.0013,0.0132,-4.675,0.726,-5.000,-5.314,1.229,-5.019,0.5160,0.6098,1.5750,-0.0110,0.0045
909,4.4067,0.361,0.666,-5.000,-0.322,1.134,-5.017,0.5187,0.6070,1.5962,-0.0056,0.0127,-4.611,0.697,-5.000,-5.259,1.195,-5.029,0.5166,0.6089,1.5813,-0.0150,0.0063
910,4.4217,0.428,0.639,-5.000,-0.263,1.103,-5.031,0.5195,0.6054,1.6025,-0.0091,0.0063,-4.547,0.668,-5.000,-5.198,1.153,-5.037,0.5148,0.6101,1.5780,-0.0181,-0.0033
911,4.4367,0.494,0.612,-5.000,-0.205,1.070,-5.036,0.5200,0.6045,1.6070,-0.0115,0.0045,-4.481,0.635,-5.000,-5.140,1.111,-5.037,0.5157,0.6102,1.5771,-0.0202,-0.0008
912,4.4517,0.559,0.585,-5.000,-0.150,1.038,-5.031,0.5209,0.6035,1.6152,-0.0129,0.0082,-4.417,0.605,-5.000,-5.087,1.071,-5.032,0.5164,0.6092,1.5811,-0.0211,0.0040
913,4.4667,0.627,0.559,-5.000,-0.089,1.004,-5.020,0.5213,0.6029,1.6171,-0.0130,0.0019,-4.354,0.576,-5.000,-5.024,1.024,-5.019,0.5124,0.6116,1.5732,-0.0210,-0.0079
914,4.4817,0.693,0.534,-5.000,-0.036,0.975,-5.008,0.5233,0.6009,1.6282,-0.0116,0.0111,-4.285,0.545,-5.000,-4.966,0.982,-5.007,0.5147,0.6111,1.5717,-0.0200,-0.0015
915,4.4967,0.759,0.510,-5.000,0.029,0.940,-4.997,0.5213,0.6018,1.6251,-0.0087,-0.0031,-4.221,0.516,-5.000,-4.902,0.936,-4.997,0.5118,0.6130,1.5644,-0.0176,-0.0073
916,4.5117,0.829,0.484,-5.000,0.092,0.904,-4.993,0.5223,0.6015,1.6243,-0.0053,-0.0008,-4.152,0.485,-5.000,-4.844,0.891,-4.994,0.5135,0.6124,1.5623,-0.0143,-0.0021
917,4.5267,0.896,0.458,-5.000,0.161,0.861,-4.996,0.5193,0.6053,1.6142,-0.0012,-0.0100,-4.088,0.454,-5.000,-4.782,0.838,-4.999,0.5109,0.6151,1.5537,-0.0097,-0.0086
918,4.5417,0.966,0.431,-5.000,0.220,0.822,-5.003,0.5215,0.6028,1.6148,0.0022,0.0006,-4.021,0.422,-5.000,-4.731,0.791,-5.009,0.5140,0.6126,1.5574,-0.0053,0.0038
919,4.5567,1.032,0.406,-5.000,0.286,0.778,-5.014,0.5187,0.6055,1.6081,0.0059,-0.0068,-3.957,0.390,-5.000,-4.671,0.736,-5.024,0.5117,0.6153,1.5501,-0.0005,-0.0073
920,4.5717,1.100,0.380,-5.000,0.358,0.732,-5.026,0.5151,0.6095,1.5943,0.0097,-0.0137,-3.889,0.360,-5.000,-4.615,0.688,-5.038,0.5133,0.6135,1.5513,0.0033,0.0011
921,4.5867,1.172,0.356,-5.000,0.426,0.692,-5.032,0.5154,0.6089,1.5876,0.0124,-0.0067,-3.823,0.333,-5.000,-4.555,0.643,-5.049,0.5128,0.6139,1.5505,0.0063,-0.0008
922,4.6017,1.242,0.334,-5.000,0.495,0.655,-5.031,0.5145,0.6099,1.5813,0.0142,-0.0063,-3.756,0.311,-5.000,-4.499,0.608,-5.050,0.5139,0.6128,1.5580,0.0081,0.0075
923,4.6167,1.313,0.313,-5.000,0.571,0.617,-5.021,0.5114,0.6136,1.5685,0.0151,-0.0127,-3.690,0.293,-5.000,-4.447,0.580,-5.044,0.5154,0.6111,1.5713,0.0089,0.0133
924,4.6317,1.386,0.293,-5.000,0.646,0.581,-5.005,0.5101,0.6153,1.5566,0.0152,-0.0119,-3.620,0.273,-5.000,-4.383,0.547,-5.032,0.5158,0.6103,1.5722,0.0088,0.0009
925,4.6467,1.460,0.273,-5.000,0.715,0.548,-4.991,0.5114,0.6142,1.5526,0.0148,-0.0040,-3.550,0.256,-5.000,-4.321,0.518,-5.020,0.5164,0.6095,1.5769,0.0073,0.0046
926,4.6617,1.532,0.256,-5.000,0.783,0.518,-4.980,0.5121,0.6143,1.5506,0.0134,-0.0020,-3.480,0.240,-5.000,-4.252,0.488,-5.010,0.5155,0.6101,1.5744,0.0044,-0.0025
927,4.6767,1.605,0.242,-5.000,0.850,0.493,-4.975,0.5131,0.6139,1.5513,0.0107,0.0006,-3.407,0.226,-5.000,-4.186,0.464,-5.007,0.5166,0.6093,1.5764,0.0008,0.0020
928,4.6917,1.675,0.231,-5.000,0.911,0.475,-4.977,0.5141,0.6127,1.5593,0.0067,0.0080,-3.335,0.215,-5.000,-4.117,0.444,-5.009,0.5166,0.6092,1.5769,-0.0034,0.0005
929,4.7067,1.748,0.223,-5.000,0.984,0.458,-4.986,0.5134,0.6132,1.5564,0.0010,-0.0029,-3.263,0.207,-5.000,-4.045,0.428,-5.017,0.5157,0.6098,1.5755,-0.0078,-0.0014
930,4.7217,1.821,0.217,-5.000,1.053,0.447,-5.000,0.5142,0.6123,1.5589,-0.0041,0.0026,-3.191,0.201,-5.000,-3.964,0.412,-5.029,0.5120,0.6133,1.5658,-0.0124,-0.0097
931,4.7367,1.893,0.212,-5.000,1.127,0.434,-5.016,0.5125,0.6134,1.5557,-0.0086,-0.0032,-3.116,0.194,-5.000,-3.888,0.395,-5.040,0.5116,0.6134,1.5597,-0.0161,-0.0061
932,4.7517,1.967,0.206,-5.000,1.195,0.420,-5.026,0.5139,0.6126,1.5581,-0.0116,0.0023,-3.040,0.186,-5.000,-3.816,0.378,-5.047,0.5131,0.6133,1.5583,-0.0187,-0.0014
933,4.7667,2.037,0.199,-5.000,1.267,0.401,-5.028,0.5120,0.6138,1.5548,-0.0139,-0.0033,-2.969,0.179,-5.000,-3.731,0.356,-5.048,0.5069,0.6186,1.5426,-0.0207,-0.0157
934,4.7817,2.111,0.193,-5.000,1.333,0.383,-5.022,0.5137,0.6128,1.5579,-0.0150,0.0032,-2.893,0.172,-5.000,-3.652,0.336,-5.041,0.5070,0.6186,1.5333,-0.0215,-0.0093
935,4.7967,2.182,0.188,-5.000,1.405,0.367,-5.009,0.5126,0.6136,1.5557,-0.0148,-0.0022,-2.818,0.165,-5.000,-3.567,0.314,-5.027,0.5036,0.6229,1.5174,-0.0210,-0.0159
936,4.8117,2.253,0.185,-5.000,1.466,0.354,-4.999,0.5145,0.6118,1.5650,-0.0133,0.0092,-2.740,0.159,-5.000,-3.488,0.296,-5.015,0.5039,0.6228,1.5080,-0.0194,-0.0094
937,4.8267,2.325,0.182,-5.000,1.539,0.339,-4.990,0.5132,0.6124,1.5620,-0.0104,-0.0030,-2.665,0.154,-5.000,-3.401,0.275,-5.005,0.5004,0.6276,1.4908,-0.0163,-0.0172
938,4.8417,2.398,0.177,-5.000,1.607,0.321,-4.988,0.5147,0.6116,1.5633,-0.0069,0.0013,-2.587,0.148,-5.000,-3.320,0.254,-5.001,0.5008,0.6277,1.4803,-0.0123,-0.0105
939,4.8567,2.470,0.171,-5.000,1.680,0.297,-4.993,0.5129,0.6135,1.5580,-0.0030,-0.0053,-2.510,0.140,-5.000,-3.234,0.228,-5.006,0.4981,0.6318,1.4640,-0.0072,-0.0162
940,4.8717,2.543,0.165,-5.000,1.749,0.273,-5.002,0.5144,0.6122,1.5587,0.0007,0.0006,-2.433,0.133,-5.000,-3.157,0.202,-5.017,0.4995,0.6307,1.4570,-0.0024,-0.0070
941,4.8867,2.614,0.159,-5.000,1.823,0.246,-5.015,0.5123,0.6141,1.5539,0.0045,-0.0048,-2.358,0.127,-5.000,-3.083,0.179,-5.029,0.4998,0.6304,1.4535,0.0018,-0.0035
942,4.9017,2.686,0.155,-5.000,1.886,0.224,-5.026,0.5143,0.6123,1.5612,0.0075,0.0073,-2.284,0.125,-5.000,-3.011,0.161,-5.041,0.5006,0.6298,1.4536,0.0049,0.0001
943,4.9167,2.757,0.153,-5.000,1.955,0.204,-5.033,0.5145,0.6118,1.5628,0.0101,0.0016,-2.212,0.127,-5.000,-2.936,0.150,-5.046,0.4991,0.6307,1.4508,0.0072,-0.0028
944,4.9317,2.828,0.152,-5.000,2.031,0.187,-5.033,0.5121,0.6133,1.5583,0.0120,-0.0045,-2.139,0.133,-5.000,-2.867,0.147,-5.041,0.5007,0.6295,1.4552,0.0084,0.0044
945,4.9467,2.903,0.154,-5.000,2.102,0.173,-5.025,0.5140,0.6125,1.5596,0.0129,0.0013,-2.069,0.142,-5.000,-2.804,0.148,-5.029,0.5020,0.6282,1.4653,0.0090,0.0101
946,4.9617,2.974,0.157,-5.000,2.178,0.160,-5.011,0.5119,0.6136,1.5557,0.0132,-0.0039,-1.997,0.152,-5.000,-2.729,0.150,-5.011,0.5005,0.6288,1.4624,0.0084,-0.0028
947,4.9767,3.047,0.163,-5.000,2.241,0.152,-4.998,0.5145,0.6118,1.5650,0.0132,0.0093,-1.923,0.164,-5.000,-2.657,0.155,-4.997,0.5018,0.6282,1.4633,0.0064,0.0008
948,4.9917,3.118,0.171,-5.000,2.309,0.146,-4.987,0.5153,0.6106,1.5702,0.0125,0.0051,-1.851,0.179,-5.000,-2.583,0.163,-4.987,0.5013,0.6285,1.4620,0.0032,-0.0013
949,5.0067,3.190,0.182,-5.000,2.382,0.147,-4.983,0.5155,0.6107,1.5704,0.0103,0.0002,-1.778,0.196,-5.000,-2.502,0.178,-4.986,0.4986,0.6319,1.4528,-0.0009,-0.0093
950,5.0217,3.259,0.197,-5.000,2.443,0.154,-4.986,0.5168,0.6093,1.5809,0.0067,0.0105,-1.704,0.216,-5.000,-2.432,0.194,-4.991,0.5007,0.6295,1.4542,-0.0046,0.0015
951,5.0367,3.331,0.216,-5.000,2.517,0.169,-4.997,0.5164,0.6093,1.5789,0.0014,-0.0020,-1.633,0.238,-5.000,-2.346,0.216,-5.002,0.4953,0.6351,1.4403,-0.0089,-0.0139
952,5.0517,3.402,0.237,-5.000,2.586,0.185,-5.010,0.5171,0.6086,1.5811,-0.0031,0.0022,-1.558,0.262,-5.000,-2.259,0.239,-5.016,0.4924,0.6383,1.4244,-0.0128,-0.0160
953,5.0667,3.473,0.257,-5.000,2.656,0.200,-5.022,0.5172,0.6084,1.5823,-0.0067,0.0012,-1.483,0.284,-5.000,-2.179,0.258,-5.027,0.4920,0.6384,1.4144,-0.0159,-0.0100
954,5.0817,3.542,0.277,-5.000,2.732,0.213,-5.028,0.5150,0.6099,1.5781,-0.0096,-0.0042,-1.410,0.305,-5.000,-2.098,0.274,-5.034,0.4905,0.6400,1.4046,-0.0182,-0.0098
955,5.0967,3.614,0.295,-5.000,2.800,0.221,-5.026,0.5168,0.6087,1.5812,-0.0116,0.0031,-1.337,0.325,-5.000,-2.019,0.288,-5.033,0.4895,0.6411,1.3960,-0.0194,-0.0086
956,5.1117,3.683,0.314,-5.000,2.873,0.230,-5.015,0.5158,0.6095,1.5793,-0.0125,-0.0018,-1.264,0.346,-5.000,-1.943,0.301,-5.026,0.4892,0.6415,1.3897,-0.0199,-0.0063
957,5.1267,3.753,0.334,-5.000,2.941,0.239,-5.002,0.5170,0.6085,1.5828,-0.0121,0.0035,-1.193,0.369,-5.000,-1.863,0.317,-5.014,0.4871,0.6441,1.3797,-0.0196,-0.0101
958,5.1417,3.823,0.354,-5.000,3.009,0.247,-4.990,0.5174,0.6080,1.5853,-0.0102,0.0025,-1.120,0.392,-5.000,-1.791,0.333,-5.003,0.4893,0.6430,1.3776,-0.0183,-0.0021
959,5.1567,3.892,0.373,-5.000,3.085,0.254,-4.981,0.5158,0.6093,1.5815,-0.0073,-0.0038,-1.051,0.417,-5.000,-1.716,0.351,-4.995,0.4872,0.6444,1.3716,-0.0160,-0.0060
960,5.1717,3.963,0.392,-5.000,3.155,0.257,-4.980,0.5174,0.6082,1.5837,-0.0042,0.0022,-0.980,0.441,-5.000,-1.649,0.367,-4.995,0.4900,0.6429,1.3740,-0.0129,0.0024
961,5.1867,4.033,0.409,-5.000,3.231,0.257,-4.984,0.5165,0.6092,1.5805,-0.0005,-0.0032,-0.912,0.465,-5.000,-1.580,0.382,-5.004,0.4901,0.6429,1.3741,-0.0089,0.0001
962,5.2017,4.101,0.427,-5.000,3.295,0.256,-4.992,0.5181,0.6077,1.5900,0.0027,0.0094,-0.848,0.488,-5.000,-1.524,0.393,-5.015,0.4921,0.6408,1.3880,-0.0055,0.0139
