tick,theta,leader_x_cmd,leader_y_cmd,leader_z_cmd,leader_x_act,leader_y_act,leader_z_act,follower_x_cmd,follower_y_cmd,follower_z_cmd,follower_x_act,follower_y_act,follower_z_act,formation_error
411,-1.5708,0.000,0.000,-5.000,0.034,0.019,-4.999,-4.995,0.003,-5.000,-4.972,0.016,-4.990,0.007
412,-1.5708,0.000,0.000,-5.000,0.029,0.015,-4.998,-4.991,0.005,-5.000,-4.978,0.012,-4.989,0.007
413,-1.5708,0.000,0.000,-5.000,0.024,0.011,-4.998,-4.989,0.006,-4.999,-4.985,0.007,-4.990,0.009
414,-1.5708,0.000,0.000,-5.000,0.018,0.005,-5.000,-4.988,0.006,-5.000,-4.990,0.002,-4.992,0.009
415,-1.5708,0.000,0.000,-5.000,0.014,-0.000,-5.003,-4.988,0.005,-5.000,-4.995,-0.003,-4.995,0.009
416,-1.5707,0.000,0.000,-5.000,0.010,-0.005,-5.005,-4.988,0.003,-5.001,-5.000,-0.007,-4.998,0.011
417,-1.5707,0.001,0.000,-5.000,0.007,-0.009,-5.007,-4.989,0.001,-5.002,-5.004,-0.009,-5.001,0.011
418,-1.5706,0.001,0.000,-5.000,0.004,-0.012,-5.008,-4.990,-0.001,-5.003,-5.008,-0.011,-5.002,0.012
419,-1.5706,0.001,0.000,-5.000,0.002,-0.014,-5.007,-4.991,-0.003,-5.003,-5.012,-0.011,-5.001,0.014
420,-1.5705,0.002,0.000,-5.000,0.001,-0.015,-5.006,-4.992,-0.005,-5.004,-5.014,-0.010,-4.999,0.016
421,-1.5704,0.002,0.000,-5.000,-0.001,-0.016,-5.005,-4.994,-0.006,-5.004,-5.016,-0.010,-4.996,0.016
422,-1.5702,0.003,0.000,-5.000,-0.003,-0.015,-5.003,-4.995,-0.007,-5.004,-5.017,-0.009,-4.994,0.015
423,-1.5701,0.004,0.000,-5.000,-0.005,-0.013,-5.002,-4.997,-0.008,-5.004,-5.017,-0.008,-4.993,0.013
424,-1.5699,0.004,0.000,-5.000,-0.006,-0.011,-5.004,-4.998,-0.009,-5.004,-5.014,-0.006,-4.994,0.010
425,-1.5697,0.006,0.000,-5.000,-0.007,-0.009,-5.007,-4.999,-0.009,-5.004,-5.012,-0.003,-4.995,0.008
426,-1.5695,0.007,0.000,-5.000,-0.006,-0.006,-5.011,-5.000,-0.008,-5.005,-5.009,-0.001,-4.998,0.006
427,-1.5692,0.008,0.000,-5.000,-0.006,-0.003,-5.014,-5.001,-0.008,-5.006,-5.005,0.002,-5.001,0.006
428,-1.5689,0.010,0.000,-5.000,-0.005,-0.002,-5.016,-5.002,-0.007,-5.008,-5.002,0.004,-5.003,0.006
429,-1.5685,0.011,0.000,-5.000,-0.003,-0.001,-5.015,-5.002,-0.006,-5.009,-4.997,0.004,-5.005,0.007
430,-1.5682,0.013,0.000,-5.000,-0.002,-0.001,-5.013,-5.002,-0.005,-5.009,-4.994,0.003,-5.006,0.009
431,-1.5677,0.015,0.000,-5.000,0.001,-0.002,-5.009,-5.002,-0.005,-5.009,-4.991,0.002,-5.005,0.010
432,-1.5673,0.018,0.000,-5.000,0.003,-0.004,-5.004,-5.001,-0.005,-5.009,-4.989,0.001,-5.003,0.009
433,-1.5668,0.020,0.000,-5.000,0.007,-0.007,-5.001,-5.000,-0.005,-5.007,-4.987,-0.002,-5.002,0.008
434,-1.5662,0.023,0.000,-5.000,0.011,-0.011,-4.999,-4.998,-0.006,-5.006,-4.986,-0.005,-5.003,0.007
435,-1.5656,0.026,0.000,-5.000,0.014,-0.015,-4.999,-4.996,-0.007,-5.005,-4.984,-0.010,-5.004,0.005
436,-1.5650,0.029,0.000,-5.000,0.017,-0.019,-5.001,-4.994,-0.009,-5.004,-4.983,-0.015,-5.007,0.004
437,-1.5643,0.033,0.000,-5.000,0.019,-0.022,-5.003,-4.992,-0.011,-5.004,-4.982,-0.021,-5.009,0.002
438,-1.5635,0.036,0.000,-5.000,0.020,-0.024,-5.006,-4.990,-0.013,-5.005,-4.982,-0.025,-5.009,0.002
439,-1.5627,0.040,0.000,-5.000,0.019,-0.025,-5.007,-4.989,-0.015,-5.005,-4.982,-0.028,-5.009,0.004
440,-1.5619,0.045,0.000,-5.000,0.018,-0.024,-5.007,-4.988,-0.016,-5.005,-4.983,-0.030,-5.006,0.006
441,-1.5610,0.049,0.000,-5.000,0.017,-0.024,-5.005,-4.987,-0.017,-5.005,-4.984,-0.030,-5.003,0.007
442,-1.5600,0.054,0.000,-5.000,0.016,-0.023,-5.002,-4.987,-0.018,-5.005,-4.985,-0.030,-4.998,0.007
443,-1.5590,0.059,0.000,-5.000,0.016,-0.021,-5.000,-4.986,-0.018,-5.004,-4.987,-0.028,-4.993,0.007
444,-1.5579,0.065,0.000,-5.000,0.017,-0.018,-5.000,-4.986,-0.018,-5.003,-4.990,-0.024,-4.989,0.009
445,-1.5567,0.070,0.000,-5.000,0.019,-0.013,-5.001,-4.985,-0.018,-5.003,-4.992,-0.020,-4.988,0.013
446,-1.5555,0.076,0.001,-5.000,0.022,-0.007,-5.005,-4.984,-0.016,-5.003,-4.995,-0.014,-4.990,0.019
447,-1.5542,0.083,0.001,-5.000,0.027,-0.001,-5.010,-4.982,-0.014,-5.005,-4.998,-0.009,-4.994,0.026
448,-1.5529,0.090,0.001,-5.000,0.032,0.004,-5.015,-4.980,-0.011,-5.006,-5.001,-0.002,-4.999,0.033
449,-1.5515,0.097,0.001,-5.000,0.040,0.009,-5.019,-4.977,-0.008,-5.008,-5.003,0.004,-5.003,0.043
450,-1.5500,0.104,0.001,-5.000,0.048,0.012,-5.022,-4.973,-0.005,-5.010,-5.005,0.009,-5.005,0.053
451,-1.5484,0.112,0.001,-5.000,0.057,0.014,-5.022,-4.969,-0.002,-5.012,-5.007,0.012,-5.006,0.064
452,-1.5468,0.120,0.001,-5.000,0.067,0.015,-5.019,-4.963,0.000,-5.013,-5.009,0.014,-5.006,0.076
453,-1.5451,0.129,0.002,-5.000,0.075,0.016,-5.016,-4.958,0.003,-5.013,-5.011,0.014,-5.005,0.086
454,-1.5433,0.138,0.002,-5.000,0.083,0.014,-5.011,-4.952,0.004,-5.013,-5.012,0.012,-5.005,0.095
455,-1.5414,0.147,0.002,-5.000,0.090,0.012,-5.008,-4.945,0.006,-5.012,-5.013,0.007,-5.005,0.103
456,-1.5395,0.156,0.002,-5.000,0.097,0.008,-5.007,-4.939,0.006,-5.012,-5.011,0.001,-5.007,0.109
457,-1.5375,0.167,0.003,-5.000,0.105,0.003,-5.008,-4.932,0.005,-5.011,-5.010,-0.006,-5.010,0.115
458,-1.5354,0.177,0.003,-5.000,0.113,-0.003,-5.010,-4.926,0.004,-5.011,-5.008,-0.012,-5.014,0.121
459,-1.5332,0.188,0.004,-5.000,0.119,-0.007,-5.011,-4.919,0.002,-5.011,-5.005,-0.018,-5.019,0.124
460,-1.5309,0.199,0.004,-5.000,0.124,-0.012,-5.013,-4.912,0.000,-5.011,-5.003,-0.023,-5.022,0.128
461,-1.5286,0.211,0.004,-5.000,0.130,-0.015,-5.012,-4.906,-0.002,-5.011,-5.001,-0.026,-5.024,0.131
462,-1.5262,0.223,0.005,-5.000,0.134,-0.018,-5.008,-4.900,-0.004,-5.011,-4.998,-0.028,-5.023,0.133
463,-1.5237,0.236,0.006,-5.000,0.139,-0.019,-5.003,-4.894,-0.007,-5.010,-4.996,-0.028,-5.020,0.135
464,-1.5211,0.249,0.006,-5.000,0.144,-0.019,-4.998,-4.888,-0.008,-5.008,-4.992,-0.028,-5.015,0.136
465,-1.5184,0.262,0.007,-5.000,0.150,-0.019,-4.994,-4.883,-0.010,-5.006,-4.987,-0.026,-5.012,0.137
466,-1.5156,0.276,0.008,-5.000,0.156,-0.017,-4.992,-4.877,-0.011,-5.004,-4.982,-0.023,-5.010,0.138
467,-1.5127,0.290,0.008,-5.000,0.163,-0.013,-4.992,-4.871,-0.011,-5.002,-4.977,-0.018,-5.012,0.140
468,-1.5098,0.305,0.009,-5.000,0.171,-0.009,-4.995,-4.865,-0.011,-5.001,-4.972,-0.011,-5.015,0.142
469,-1.5067,0.320,0.010,-5.000,0.180,-0.004,-4.999,-4.858,-0.010,-5.001,-4.966,-0.004,-5.020,0.146
470,-1.5036,0.336,0.011,-5.000,0.191,0.002,-5.004,-4.851,-0.008,-5.001,-4.961,0.003,-5.025,0.152
471,-1.5003,0.352,0.012,-5.000,0.204,0.007,-5.007,-4.842,-0.006,-5.002,-4.955,0.008,-5.027,0.159
472,-1.4970,0.369,0.014,-5.000,0.218,0.010,-5.008,-4.833,-0.003,-5.003,-4.948,0.012,-5.027,0.166
473,-1.4936,0.386,0.015,-5.000,0.231,0.012,-5.006,-4.824,-0.001,-5.004,-4.940,0.015,-5.025,0.172
474,-1.4900,0.403,0.016,-5.000,0.246,0.013,-5.003,-4.813,0.001,-5.003,-4.931,0.016,-5.019,0.177
475,-1.4864,0.421,0.018,-5.000,0.262,0.012,-4.998,-4.802,0.003,-5.003,-4.920,0.015,-5.014,0.182
476,-1.4827,0.440,0.019,-5.000,0.276,0.011,-4.994,-4.790,0.004,-5.001,-4.910,0.012,-5.011,0.186
477,-1.4789,0.459,0.021,-5.000,0.292,0.007,-4.992,-4.778,0.004,-5.000,-4.899,0.006,-5.009,0.191
478,-1.4749,0.479,0.023,-5.000,0.308,0.002,-4.992,-4.765,0.004,-4.999,-4.888,-0.001,-5.009,0.197
479,-1.4709,0.499,0.025,-5.000,0.324,-0.004,-4.995,-4.752,0.003,-4.998,-4.877,-0.008,-5.013,0.202
480,-1.4668,0.519,0.027,-5.000,0.340,-0.009,-4.999,-4.738,0.001,-4.998,-4.867,-0.015,-5.017,0.207
481,-1.4626,0.540,0.029,-5.000,0.355,-0.014,-5.004,-4.724,-0.001,-4.999,-4.855,-0.020,-5.020,0.211
482,-1.4582,0.562,0.032,-5.000,0.369,-0.017,-5.007,-4.710,-0.003,-5.000,-4.843,-0.023,-5.022,0.212
483,-1.4538,0.584,0.034,-5.000,0.384,-0.017,-5.007,-4.696,-0.006,-5.001,-4.832,-0.023,-5.021,0.216
484,-1.4493,0.606,0.037,-5.000,0.398,-0.017,-5.003,-4.682,-0.007,-5.002,-4.821,-0.022,-5.017,0.219
485,-1.4446,0.629,0.040,-5.000,0.411,-0.014,-4.998,-4.668,-0.008,-5.001,-4.808,-0.019,-5.010,0.219
486,-1.4399,0.653,0.043,-5.000,0.427,-0.010,-4.992,-4.654,-0.009,-5.000,-4.794,-0.015,-5.004,0.222
487,-1.4350,0.677,0.046,-5.000,0.442,-0.005,-4.989,-4.639,-0.008,-4.998,-4.782,-0.011,-4.998,0.224
488,-1.4301,0.701,0.049,-5.000,0.461,0.003,-4.987,-4.624,-0.006,-4.996,-4.767,-0.005,-4.994,0.228
489,-1.4250,0.726,0.053,-5.000,0.482,0.012,-4.989,-4.608,-0.004,-4.995,-4.752,0.002,-4.993,0.234
490,-1.4198,0.752,0.057,-5.000,0.502,0.021,-4.993,-4.592,0.000,-4.995,-4.737,0.011,-4.995,0.239
491,-1.4145,0.778,0.061,-5.000,0.522,0.030,-4.998,-4.575,0.005,-4.995,-4.723,0.019,-4.997,0.245
492,-1.4092,0.805,0.065,-5.000,0.545,0.038,-5.002,-4.557,0.010,-4.996,-4.707,0.028,-5.000,0.252
493,-1.4037,0.832,0.070,-5.000,0.565,0.044,-5.004,-4.539,0.015,-4.997,-4.693,0.035,-5.001,0.258
494,-1.3981,0.859,0.074,-5.000,0.587,0.048,-5.003,-4.520,0.020,-4.998,-4.676,0.040,-4.998,0.263
495,-1.3923,0.888,0.079,-5.000,0.608,0.050,-4.999,-4.501,0.024,-4.998,-4.661,0.042,-4.993,0.269
496,-1.3865,0.916,0.085,-5.000,0.629,0.053,-4.994,-4.481,0.029,-4.998,-4.645,0.044,-4.987,0.273
497,-1.3806,0.945,0.090,-5.000,0.649,0.054,-4.989,-4.462,0.032,-4.996,-4.630,0.044,-4.982,0.279
498,-1.3745,0.975,0.096,-5.000,0.672,0.055,-4.985,-4.442,0.036,-4.995,-4.614,0.041,-4.979,0.287
499,-1.3684,1.005,0.102,-5.000,0.694,0.054,-4.984,-4.421,0.039,-4.993,-4.602,0.037,-4.979,0.296
500,-1.3621,1.036,0.108,-5.000,0.717,0.052,-4.987,-4.401,0.041,-4.992,-4.589,0.032,-4.982,0.306
501,-1.3557,1.067,0.115,-5.000,0.739,0.049,-4.993,-4.380,0.042,-4.992,-4.574,0.025,-4.988,0.315
502,-1.3492,1.099,0.122,-5.000,0.763,0.046,-4.999,-4.358,0.042,-4.993,-4.561,0.019,-4.994,0.325
503,-1.3426,1.131,0.130,-5.000,0.788,0.045,-5.004,-4.336,0.043,-4.995,-4.547,0.013,-4.999,0.336
504,-1.3359,1.164,0.137,-5.000,0.811,0.045,-5.006,-4.314,0.043,-4.997,-4.534,0.009,-5.002,0.347
505,-1.3291,1.197,0.145,-5.000,0.838,0.047,-5.004,-4.291,0.044,-4.998,-4.518,0.007,-5.001,0.359
506,-1.3222,1.230,0.154,-5.000,0.865,0.051,-4.999,-4.268,0.045,-4.998,-4.502,0.007,-4.997,0.370
507,-1.3151,1.265,0.163,-5.000,0.897,0.056,-4.993,-4.243,0.047,-4.997,-4.486,0.007,-4.992,0.386
508,-1.3079,1.299,0.172,-5.000,0.927,0.063,-4.989,-4.218,0.049,-4.996,-4.469,0.009,-4.989,0.399
509,-1.3007,1.334,0.181,-5.000,0.957,0.069,-4.987,-4.191,0.052,-4.995,-4.450,0.013,-4.987,0.411
510,-1.2933,1.370,0.191,-5.000,0.994,0.079,-4.988,-4.164,0.056,-4.994,-4.432,0.020,-4.989,0.430
511,-1.2858,1.406,0.202,-5.000,1.030,0.089,-4.993,-4.135,0.061,-4.993,-4.415,0.028,-4.993,0.449
512,-1.2782,1.442,0.213,-5.000,1.068,0.100,-5.000,-4.104,0.067,-4.994,-4.393,0.038,-5.000,0.465
513,-1.2704,1.479,0.224,-5.000,1.107,0.111,-5.008,-4.073,0.074,-4.996,-4.373,0.048,-5.007,0.484
514,-1.2626,1.517,0.236,-5.000,1.148,0.121,-5.013,-4.040,0.081,-4.999,-4.350,0.058,-5.012,0.501
515,-1.2547,1.554,0.248,-5.000,1.158,0.124,-5.013,-4.010,0.087,-5.001,-4.348,0.058,-5.013,0.510
516,-1.2466,1.593,0.260,-5.000,1.175,0.127,-5.014,-3.982,0.093,-5.003,-4.337,0.061,-5.014,0.516
517,-1.2384,1.631,0.274,-5.000,1.220,0.136,-5.011,-3.952,0.100,-5.004,-4.312,0.067,-5.014,0.536
518,-1.2301,1.671,0.287,-5.000,1.261,0.143,-5.005,-3.920,0.106,-5.004,-4.290,0.070,-5.011,0.556
519,-1.2217,1.710,0.302,-5.000,1.303,0.149,-4.996,-3.886,0.113,-5.003,-4.263,0.074,-5.005,0.571
520,-1.2132,1.750,0.316,-5.000,1.344,0.155,-4.988,-3.852,0.119,-5.001,-4.236,0.077,-4.999,0.585
521,-1.2046,1.790,0.332,-5.000,1.388,0.160,-4.983,-3.816,0.125,-4.998,-4.206,0.079,-4.995,0.599
522,-1.1959,1.831,0.347,-5.000,1.426,0.163,-4.982,-3.780,0.131,-4.996,-4.178,0.079,-4.994,0.610
523,-1.1870,1.872,0.364,-5.000,1.464,0.165,-4.984,-3.743,0.136,-4.994,-4.147,0.079,-4.996,0.617
524,-1.1781,1.913,0.381,-5.000,1.499,0.168,-4.989,-3.707,0.141,-4.993,-4.112,0.077,-5.000,0.618
525,-1.1690,1.955,0.398,-5.000,1.534,0.173,-4.995,-3.671,0.145,-4.994,-4.078,0.076,-5.005,0.620
526,-1.1598,1.997,0.416,-5.000,1.571,0.181,-4.999,-3.634,0.151,-4.994,-4.041,0.076,-5.007,0.621
527,-1.1506,2.040,0.435,-5.000,1.604,0.192,-4.999,-3.599,0.157,-4.995,-4.006,0.078,-5.005,0.621
528,-1.1412,2.083,0.454,-5.000,1.641,0.208,-4.995,-3.563,0.165,-4.995,-3.967,0.083,-4.998,0.621
529,-1.1317,2.126,0.474,-5.000,1.676,0.225,-4.988,-3.527,0.174,-4.994,-3.935,0.088,-4.991,0.626
530,-1.1220,2.169,0.495,-5.000,1.709,0.243,-4.981,-3.492,0.184,-4.992,-3.897,0.096,-4.981,0.623
531,-1.1123,2.213,0.516,-5.000,1.750,0.265,-4.973,-3.455,0.196,-4.989,-3.862,0.104,-4.973,0.632
532,-1.1025,2.257,0.538,-5.000,1.792,0.289,-4.969,-3.418,0.210,-4.986,-3.824,0.116,-4.969,0.640
533,-1.0926,2.301,0.561,-5.000,1.833,0.313,-4.969,-3.381,0.226,-4.984,-3.793,0.128,-4.969,0.653
534,-1.0825,2.346,0.584,-5.000,1.878,0.342,-4.975,-3.342,0.243,-4.982,-3.759,0.143,-4.973,0.668
535,-1.0724,2.390,0.608,-5.000,1.914,0.364,-4.982,-3.303,0.261,-4.982,-3.722,0.160,-4.980,0.669
536,-1.0621,2.435,0.633,-5.000,1.962,0.392,-4.991,-3.263,0.281,-4.983,-3.688,0.177,-4.988,0.685
537,-1.0518,2.480,0.659,-5.000,2.012,0.417,-4.997,-3.222,0.301,-4.986,-3.651,0.196,-4.994,0.699
538,-1.0413,2.526,0.685,-5.000,2.058,0.437,-4.999,-3.180,0.322,-4.988,-3.616,0.212,-4.995,0.711
539,-1.0307,2.571,0.712,-5.000,2.109,0.456,-4.997,-3.137,0.342,-4.989,-3.579,0.228,-4.992,0.725
540,-1.0201,2.617,0.739,-5.000,2.157,0.472,-4.991,-3.093,0.362,-4.989,-3.547,0.241,-4.986,0.740
541,-1.0093,2.662,0.768,-5.000,2.208,0.489,-4.984,-3.047,0.381,-4.988,-3.508,0.258,-4.979,0.753
542,-0.9984,2.708,0.797,-5.000,2.251,0.502,-4.979,-3.003,0.399,-4.987,-3.472,0.272,-4.973,0.759
543,-0.9874,2.754,0.827,-5.000,2.301,0.516,-4.978,-2.957,0.416,-4.986,-3.432,0.285,-4.970,0.769
544,-0.9764,2.800,0.858,-5.000,2.345,0.528,-4.980,-2.912,0.433,-4.985,-3.395,0.295,-4.971,0.776
545,-0.9652,2.846,0.889,-5.000,2.385,0.539,-4.986,-2.867,0.449,-4.985,-3.359,0.303,-4.976,0.781
546,-0.9539,2.893,0.922,-5.000,2.431,0.552,-4.994,-2.823,0.464,-4.986,-3.317,0.313,-4.985,0.785
547,-0.9425,2.939,0.955,-5.000,2.471,0.567,-5.001,-2.778,0.480,-4.988,-3.277,0.323,-4.994,0.787
548,-0.9311,2.985,0.989,-5.000,2.515,0.588,-5.006,-2.734,0.496,-4.991,-3.235,0.337,-4.999,0.791
549,-0.9195,3.031,1.024,-5.000,2.555,0.610,-5.006,-2.691,0.513,-4.993,-3.199,0.350,-5.000,0.798
550,-0.9078,3.077,1.059,-5.000,2.601,0.637,-5.001,-2.647,0.532,-4.994,-3.156,0.368,-4.996,0.803
551,-0.8961,3.123,1.096,-5.000,2.640,0.662,-4.995,-2.604,0.551,-4.994,-3.114,0.387,-4.990,0.803
552,-0.8842,3.170,1.133,-5.000,2.688,0.693,-4.989,-2.560,0.573,-4.994,-3.067,0.408,-4.984,0.808
553,-0.8723,3.215,1.171,-5.000,2.733,0.725,-4.985,-2.516,0.595,-4.992,-3.028,0.428,-4.980,0.817
554,-0.8602,3.261,1.210,-5.000,2.778,0.759,-4.986,-2.472,0.620,-4.991,-2.985,0.452,-4.979,0.822
555,-0.8481,3.307,1.250,-5.000,2.827,0.800,-4.992,-2.427,0.647,-4.991,-2.938,0.482,-4.983,0.829
556,-0.8359,3.353,1.291,-5.000,2.869,0.837,-5.000,-2.383,0.676,-4.993,-2.895,0.512,-4.988,0.830
557,-0.8236,3.398,1.332,-5.000,2.919,0.883,-5.013,-2.338,0.707,-4.996,-2.849,0.545,-4.996,0.839
558,-0.8112,3.443,1.375,-5.000,2.966,0.924,-5.023,-2.292,0.739,-5.000,-2.806,0.576,-5.000,0.847
559,-0.7987,3.488,1.418,-5.000,3.014,0.963,-5.029,-2.246,0.773,-5.004,-2.758,0.607,-5.002,0.850
560,-0.7861,3.533,1.462,-5.000,3.066,1.003,-5.028,-2.199,0.807,-5.008,-2.718,0.633,-4.999,0.867
561,-0.7734,3.578,1.507,-5.000,3.119,1.042,-5.021,-2.152,0.843,-5.010,-2.670,0.663,-4.993,0.875
562,-0.7607,3.622,1.553,-5.000,3.168,1.078,-5.012,-2.104,0.878,-5.010,-2.625,0.691,-4.987,0.882
563,-0.7479,3.666,1.600,-5.000,3.213,1.108,-5.004,-2.056,0.912,-5.009,-2.576,0.719,-4.982,0.879
564,-0.7350,3.709,1.647,-5.000,3.266,1.142,-4.997,-2.008,0.947,-5.007,-2.529,0.743,-4.981,0.889
565,-0.7220,3.752,1.696,-5.000,3.319,1.172,-4.996,-1.959,0.981,-5.006,-2.479,0.766,-4.985,0.895
566,-0.7089,3.795,1.745,-5.000,3.367,1.198,-5.000,-1.910,1.013,-5.005,-2.436,0.784,-4.993,0.904
567,-0.6958,3.838,1.795,-5.000,3.418,1.226,-5.007,-1.861,1.045,-5.005,-2.391,0.802,-5.005,0.913
568,-0.6826,3.880,1.846,-5.000,3.460,1.252,-5.012,-1.813,1.076,-5.006,-2.342,0.823,-5.017,0.910
569,-0.6693,3.921,1.898,-5.000,3.506,1.282,-5.016,-1.765,1.107,-5.008,-2.297,0.845,-5.024,0.914
570,-0.6559,3.962,1.951,-5.000,3.554,1.320,-5.015,-1.717,1.139,-5.009,-2.249,0.874,-5.024,0.919
571,-0.6425,4.003,2.004,-5.000,3.598,1.358,-5.009,-1.670,1.172,-5.009,-2.209,0.901,-5.019,0.927
572,-0.6290,4.043,2.058,-5.000,3.638,1.394,-5.000,-1.624,1.205,-5.007,-2.159,0.934,-5.008,0.921
573,-0.6154,4.083,2.114,-5.000,3.686,1.438,-4.990,-1.577,1.240,-5.005,-2.113,0.965,-4.998,0.928
574,-0.6017,4.122,2.170,-5.000,3.732,1.486,-4.983,-1.531,1.277,-5.002,-2.062,1.002,-4.990,0.931
575,-0.5880,4.160,2.226,-5.000,3.775,1.534,-4.982,-1.485,1.316,-4.999,-2.016,1.038,-4.987,0.934
576,-0.5742,4.198,2.284,-5.000,3.817,1.589,-4.986,-1.440,1.357,-4.997,-1.974,1.075,-4.989,0.944
577,-0.5604,4.235,2.342,-5.000,3.860,1.648,-4.996,-1.395,1.400,-4.997,-1.924,1.119,-4.994,0.946
578,-0.5465,4.272,2.402,-5.000,3.904,1.711,-5.008,-1.350,1.447,-4.998,-1.878,1.161,-5.000,0.956
579,-0.5325,4.308,2.462,-5.000,3.955,1.777,-5.019,-1.304,1.496,-5.002,-1.827,1.206,-5.006,0.968
580,-0.5185,4.343,2.522,-5.000,4.003,1.835,-5.023,-1.258,1.547,-5.005,-1.779,1.246,-5.007,0.979
581,-0.5044,4.377,2.584,-5.000,4.055,1.893,-5.019,-1.211,1.599,-5.007,-1.728,1.289,-5.003,0.989
582,-0.4902,4.411,2.646,-5.000,4.103,1.947,-5.008,-1.164,1.651,-5.007,-1.682,1.331,-4.996,0.997
583,-0.4760,4.444,2.709,-5.000,4.154,2.004,-4.995,-1.116,1.704,-5.005,-1.632,1.377,-4.987,1.005
584,-0.4618,4.476,2.772,-5.000,4.199,2.055,-4.987,-1.069,1.757,-5.002,-1.586,1.420,-4.983,1.010
585,-0.4475,4.508,2.837,-5.000,4.247,2.106,-4.985,-1.022,1.809,-5.000,-1.535,1.464,-4.983,1.012
586,-0.4331,4.538,2.901,-5.000,4.288,2.150,-4.989,-0.975,1.860,-4.998,-1.492,1.498,-4.990,1.017
587,-0.4187,4.568,2.967,-5.000,4.327,2.192,-4.997,-0.930,1.910,-4.998,-1.440,1.534,-5.003,1.011
588,-0.4043,4.597,3.033,-5.000,4.362,2.235,-5.006,-0.886,1.959,-4.999,-1.393,1.565,-5.018,1.010
589,-0.3898,4.625,3.100,-5.000,4.400,2.285,-5.014,-0.843,2.008,-5.001,-1.350,1.596,-5.030,1.018
590,-0.3752,4.652,3.168,-5.000,4.434,2.335,-5.018,-0.802,2.057,-5.004,-1.298,1.640,-5.037,1.010
591,-0.3607,4.678,3.236,-5.000,4.467,2.385,-5.015,-0.761,2.106,-5.006,-1.250,1.686,-5.035,1.001
592,-0.3460,4.704,3.304,-5.000,4.503,2.441,-5.008,-0.722,2.156,-5.006,-1.197,1.737,-5.025,0.993
593,-0.3314,4.728,3.373,-5.000,4.542,2.503,-4.997,-0.682,2.208,-5.005,-1.147,1.785,-5.013,0.995
594,-0.3167,4.751,3.443,-5.000,4.580,2.568,-4.989,-0.643,2.262,-5.002,-1.094,1.838,-5.002,0.993
595,-0.3020,4.774,3.513,-5.000,4.614,2.632,-4.987,-0.604,2.318,-5.000,-1.046,1.891,-4.996,0.992
596,-0.2872,4.795,3.584,-5.000,4.648,2.703,-4.991,-0.566,2.375,-4.999,-0.995,1.953,-4.994,0.987
597,-0.2724,4.816,3.655,-5.000,4.682,2.787,-5.003,-0.529,2.437,-4.999,-0.949,2.013,-4.996,1.000
598,-0.2576,4.835,3.726,-5.000,4.718,2.880,-5.019,-0.492,2.504,-5.002,-0.906,2.074,-4.999,1.019
599,-0.2427,4.853,3.798,-5.000,4.752,2.968,-5.030,-0.455,2.573,-5.006,-0.864,2.135,-5.002,1.036
600,-0.2279,4.871,3.870,-5.000,4.781,3.037,-5.032,-0.420,2.643,-5.010,-0.825,2.196,-5.000,1.037
601,-0.2130,4.887,3.943,-5.000,4.815,3.114,-5.024,-0.385,2.713,-5.012,-0.785,2.262,-4.994,1.042
602,-0.1981,4.902,4.016,-5.000,4.844,3.186,-5.010,-0.350,2.784,-5.012,-0.749,2.324,-4.986,1.046
603,-0.1831,4.916,4.089,-5.000,4.871,3.259,-4.996,-0.317,2.856,-5.010,-0.710,2.391,-4.979,1.045
604,-0.1682,4.929,4.163,-5.000,4.898,3.338,-4.985,-0.285,2.928,-5.006,-0.674,2.450,-4.978,1.056
605,-0.1532,4.941,4.237,-5.000,4.921,3.412,-4.981,-0.254,3.000,-5.002,-0.640,2.502,-4.982,1.069
606,-0.1383,4.952,4.311,-5.000,4.936,3.466,-4.982,-0.225,3.070,-4.999,-0.599,2.557,-4.994,1.054
607,-0.1233,4.962,4.385,-5.000,4.953,3.534,-4.988,-0.199,3.140,-4.997,-0.561,2.605,-5.009,1.061
608,-0.1083,4.971,4.460,-5.000,4.967,3.601,-4.994,-0.174,3.209,-4.997,-0.519,2.658,-5.025,1.060
609,-0.0933,4.978,4.534,-5.000,4.980,3.664,-4.999,-0.151,3.277,-4.997,-0.479,2.714,-5.034,1.055
610,-0.0783,4.985,4.609,-5.000,4.993,3.734,-4.999,-0.129,3.346,-4.997,-0.436,2.782,-5.034,1.044
611,-0.0633,4.990,4.684,-5.000,5.005,3.798,-4.993,-0.109,3.414,-4.997,-0.396,2.848,-5.025,1.031
612,-0.0483,4.994,4.759,-5.000,5.016,3.860,-4.986,-0.090,3.481,-4.995,-0.356,2.915,-5.014,1.016
613,-0.0333,4.997,4.834,-5.000,5.025,3.927,-4.981,-0.073,3.548,-4.993,-0.317,2.982,-5.003,1.005
614,-0.0183,4.999,4.909,-5.000,5.030,3.995,-4.982,-0.058,3.615,-4.992,-0.279,3.059,-4.996,0.985
615,-0.0033,5.000,4.984,-5.000,5.034,4.070,-4.989,-0.044,3.683,-4.991,-0.248,3.135,-4.994,0.976
616,0.0117,5.000,5.059,-5.000,5.036,4.152,-5.002,-0.032,3.753,-4.993,-0.219,3.220,-4.997,0.966
617,0.0267,4.998,5.134,-5.000,5.039,4.245,-5.018,-0.021,3.827,-4.997,-0.195,3.300,-5.003,0.973
618,0.0417,4.996,5.208,-5.000,5.042,4.335,-5.030,-0.012,3.903,-5.002,-0.176,3.373,-5.008,0.987
619,0.0567,4.992,5.283,-5.000,5.045,4.407,-5.034,-0.003,3.979,-5.006,-0.158,3.458,-5.011,0.971
620,0.0717,4.987,5.358,-5.000,5.048,4.482,-5.029,0.005,4.054,-5.010,-0.145,3.535,-5.009,0.967
621,0.0867,4.981,5.433,-5.000,5.050,4.563,-5.017,0.011,4.131,-5.011,-0.134,3.617,-5.004,0.964
622,0.1017,4.974,5.508,-5.000,5.050,4.639,-5.006,0.017,4.207,-5.010,-0.124,3.690,-5.000,0.964
623,0.1167,4.966,5.582,-5.000,5.049,4.717,-4.997,0.022,4.283,-5.008,-0.112,3.766,-4.998,0.965
624,0.1317,4.957,5.657,-5.000,5.047,4.785,-4.994,0.026,4.359,-5.006,-0.098,3.831,-5.001,0.966
625,0.1467,4.946,5.731,-5.000,5.043,4.854,-4.995,0.028,4.433,-5.004,-0.081,3.891,-5.007,0.972
626,0.1617,4.935,5.805,-5.000,5.039,4.916,-4.998,0.030,4.506,-5.004,-0.064,3.947,-5.016,0.974
627,0.1767,4.922,5.879,-5.000,5.033,4.977,-5.003,0.030,4.576,-5.003,-0.045,4.007,-5.025,0.973
628,0.1917,4.908,5.953,-5.000,5.028,5.039,-5.007,0.030,4.646,-5.004,-0.026,4.066,-5.030,0.975
629,0.2067,4.894,6.026,-5.000,5.023,5.105,-5.008,0.029,4.715,-5.005,-0.006,4.134,-5.028,0.972
630,0.2217,4.878,6.099,-5.000,5.020,5.165,-5.007,0.028,4.782,-5.005,0.011,4.193,-5.021,0.972
631,0.2367,4.861,6.172,-5.000,5.016,5.228,-5.003,0.026,4.849,-5.005,0.027,4.258,-5.012,0.970
632,0.2517,4.842,6.245,-5.000,5.010,5.286,-4.998,0.023,4.914,-5.004,0.040,4.330,-5.003,0.956
633,0.2667,4.823,6.318,-5.000,5.002,5.342,-4.996,0.020,4.979,-5.002,0.050,4.399,-4.996,0.944
634,0.2817,4.803,6.390,-5.000,4.989,5.414,-4.999,0.016,5.044,-5.002,0.058,4.475,-4.993,0.941
635,0.2967,4.782,6.462,-5.000,4.977,5.486,-5.006,0.010,5.110,-5.003,0.062,4.545,-4.993,0.945
636,0.3117,4.759,6.533,-5.000,4.964,5.569,-5.016,0.003,5.179,-5.004,0.062,4.619,-4.995,0.955
637,0.3267,4.736,6.605,-5.000,4.953,5.646,-5.023,-0.005,5.249,-5.007,0.059,4.685,-4.999,0.967
638,0.3417,4.711,6.675,-5.000,4.942,5.727,-5.025,-0.013,5.321,-5.010,0.052,4.755,-5.002,0.978
639,0.3567,4.685,6.746,-5.000,4.931,5.800,-5.020,-0.021,5.393,-5.011,0.042,4.814,-5.004,0.993
640,0.3717,4.659,6.816,-5.000,4.919,5.874,-5.012,-0.030,5.465,-5.011,0.029,4.883,-5.004,0.997
641,0.3867,4.631,6.886,-5.000,4.907,5.948,-5.002,-0.039,5.537,-5.010,0.016,4.947,-5.003,1.007
642,0.4017,4.602,6.955,-5.000,4.893,6.020,-4.994,-0.050,5.610,-5.008,0.005,5.015,-5.002,1.012
643,0.4167,4.572,7.024,-5.000,4.877,6.096,-4.990,-0.061,5.683,-5.005,-0.002,5.075,-5.002,1.029
644,0.4317,4.541,7.092,-5.000,4.859,6.169,-4.990,-0.073,5.756,-5.003,-0.005,5.127,-5.005,1.051
645,0.4467,4.509,7.160,-5.000,4.843,6.233,-4.994,-0.085,5.827,-5.001,-0.006,5.184,-5.011,1.060
646,0.4617,4.476,7.227,-5.000,4.827,6.292,-4.998,-0.099,5.897,-5.001,-0.005,5.237,-5.019,1.068
647,0.4767,4.443,7.294,-5.000,4.809,6.356,-5.004,-0.112,5.966,-5.001,-0.002,5.297,-5.025,1.076
648,0.4917,4.408,7.361,-5.000,4.789,6.426,-5.008,-0.127,6.035,-5.002,0.002,5.357,-5.025,1.090
649,0.5067,4.372,7.426,-5.000,4.770,6.497,-5.011,-0.143,6.104,-5.004,0.007,5.426,-5.020,1.096
650,0.5217,4.335,7.492,-5.000,4.752,6.562,-5.013,-0.159,6.173,-5.005,0.010,5.494,-5.013,1.099
651,0.5367,4.297,7.557,-5.000,4.731,6.633,-5.013,-0.175,6.242,-5.006,0.009,5.569,-5.004,1.100
652,0.5517,4.258,7.621,-5.000,4.710,6.700,-5.013,-0.192,6.311,-5.007,0.004,5.639,-4.998,1.101
653,0.5667,4.218,7.684,-5.000,4.683,6.777,-5.016,-0.211,6.381,-5.008,-0.004,5.711,-4.994,1.111
654,0.5817,4.178,7.747,-5.000,4.658,6.846,-5.020,-0.231,6.450,-5.010,-0.016,5.784,-4.993,1.111
655,0.5967,4.136,7.810,-5.000,4.626,6.930,-5.025,-0.252,6.522,-5.012,-0.031,5.862,-4.996,1.122
656,0.6117,4.093,7.871,-5.000,4.595,7.008,-5.029,-0.275,6.595,-5.015,-0.048,5.933,-5.001,1.133
657,0.6267,4.050,7.932,-5.000,4.559,7.092,-5.030,-0.300,6.670,-5.017,-0.070,6.010,-5.007,1.144
658,0.6417,4.005,7.993,-5.000,4.524,7.167,-5.027,-0.326,6.744,-5.019,-0.090,6.075,-5.011,1.158
659,0.6567,3.960,8.053,-5.000,4.488,7.242,-5.022,-0.354,6.819,-5.019,-0.112,6.146,-5.014,1.166
660,0.6717,3.914,8.112,-5.000,4.452,7.315,-5.015,-0.383,6.893,-5.019,-0.136,6.223,-5.016,1.168
661,0.6867,3.867,8.170,-5.000,4.414,7.386,-5.009,-0.414,6.967,-5.017,-0.156,6.293,-5.016,1.175
662,0.7017,3.819,8.228,-5.000,4.372,7.461,-5.004,-0.446,7.041,-5.015,-0.175,6.365,-5.017,1.185
663,0.7167,3.770,8.285,-5.000,4.333,7.527,-5.001,-0.479,7.114,-5.013,-0.191,6.429,-5.019,1.197
664,0.7317,3.720,8.341,-5.000,4.290,7.595,-5.001,-0.514,7.186,-5.011,-0.204,6.491,-5.024,1.214
665,0.7467,3.670,8.396,-5.000,4.248,7.656,-5.004,-0.549,7.257,-5.010,-0.217,6.555,-5.028,1.224
666,0.7617,3.618,8.451,-5.000,4.203,7.721,-5.010,-0.587,7.326,-5.010,-0.229,6.620,-5.030,1.238
667,0.7767,3.566,8.505,-5.000,4.164,7.775,-5.016,-0.624,7.394,-5.011,-0.244,6.698,-5.030,1.228
668,0.7917,3.513,8.558,-5.000,4.118,7.837,-5.022,-0.663,7.460,-5.013,-0.257,6.768,-5.027,1.239
669,0.8067,3.459,8.610,-5.000,4.076,7.895,-5.026,-0.702,7.525,-5.015,-0.273,6.845,-5.022,1.235
670,0.8217,3.405,8.662,-5.000,4.033,7.950,-5.027,-0.742,7.589,-5.016,-0.292,6.917,-5.017,1.234
671,0.8367,3.350,8.712,-5.000,3.984,8.010,-5.024,-0.783,7.652,-5.018,-0.314,6.984,-5.013,1.243
672,0.8517,3.294,8.762,-5.000,3.936,8.066,-5.021,-0.825,7.714,-5.018,-0.344,7.063,-5.010,1.235
673,0.8667,3.237,8.811,-5.000,3.884,8.124,-5.019,-0.868,7.776,-5.018,-0.377,7.136,-5.008,1.233
674,0.8817,3.179,8.859,-5.000,3.831,8.185,-5.017,-0.914,7.837,-5.018,-0.418,7.214,-5.009,1.227
675,0.8967,3.121,8.906,-5.000,3.771,8.251,-5.017,-0.961,7.899,-5.018,-0.460,7.284,-5.012,1.236
676,0.9117,3.062,8.953,-5.000,3.714,8.312,-5.017,-1.010,7.961,-5.018,-0.503,7.352,-5.017,1.239
677,0.9267,3.002,8.998,-5.000,3.651,8.377,-5.016,-1.061,8.023,-5.017,-0.548,7.418,-5.022,1.249
678,0.9417,2.942,9.043,-5.000,3.598,8.430,-5.015,-1.112,8.084,-5.017,-0.596,7.489,-5.026,1.239
679,0.9567,2.881,9.086,-5.000,3.534,8.491,-5.011,-1.165,8.145,-5.016,-0.640,7.553,-5.027,1.250
680,0.9717,2.819,9.129,-5.000,3.475,8.546,-5.007,-1.219,8.206,-5.015,-0.686,7.620,-5.025,1.250
681,0.9867,2.757,9.171,-5.000,3.412,8.603,-5.002,-1.274,8.265,-5.013,-0.726,7.679,-5.023,1.264
682,1.0017,2.694,9.212,-5.000,3.354,8.655,-4.998,-1.330,8.324,-5.011,-0.768,7.740,-5.019,1.269
683,1.0167,2.631,9.252,-5.000,3.302,8.701,-4.996,-1.385,8.380,-5.008,-0.803,7.791,-5.016,1.277
684,1.0317,2.567,9.291,-5.000,3.240,8.754,-4.996,-1.441,8.436,-5.007,-0.841,7.847,-5.013,1.291
685,1.0467,2.502,9.329,-5.000,3.185,8.801,-4.999,-1.498,8.491,-5.005,-0.883,7.908,-5.011,1.292
686,1.0617,2.437,9.366,-5.000,3.129,8.847,-5.005,-1.554,8.544,-5.005,-0.922,7.965,-5.010,1.296
687,1.0767,2.371,9.402,-5.000,3.069,8.896,-5.012,-1.610,8.597,-5.006,-0.967,8.027,-5.009,1.298
688,1.0917,2.305,9.437,-5.000,3.010,8.944,-5.019,-1.667,8.649,-5.008,-1.012,8.085,-5.008,1.302
689,1.1067,2.238,9.471,-5.000,2.960,8.982,-5.021,-1.723,8.699,-5.010,-1.058,8.143,-5.005,1.292
690,1.1217,2.171,9.504,-5.000,2.904,9.023,-5.020,-1.779,8.748,-5.012,-1.108,8.201,-5.002,1.286
691,1.1367,2.103,9.536,-5.000,2.842,9.067,-5.016,-1.836,8.796,-5.012,-1.165,8.261,-4.999,1.279
692,1.1517,2.035,9.567,-5.000,2.780,9.108,-5.013,-1.894,8.843,-5.012,-1.222,8.315,-4.997,1.275
693,1.1667,1.966,9.597,-5.000,2.709,9.153,-5.010,-1.953,8.889,-5.012,-1.287,8.371,-4.997,1.273
694,1.1817,1.897,9.626,-5.000,2.642,9.196,-5.009,-2.014,8.935,-5.012,-1.349,8.420,-4.999,1.273
695,1.1967,1.827,9.654,-5.000,2.566,9.242,-5.010,-2.077,8.981,-5.011,-1.406,8.463,-5.002,1.289
696,1.2117,1.757,9.681,-5.000,2.496,9.283,-5.012,-2.141,9.026,-5.011,-1.474,8.511,-5.007,1.288
697,1.2267,1.687,9.707,-5.000,2.424,9.322,-5.013,-2.206,9.071,-5.012,-1.536,8.554,-5.011,1.293
698,1.2417,1.616,9.732,-5.000,2.352,9.360,-5.014,-2.273,9.114,-5.012,-1.602,8.599,-5.014,1.294
699,1.2567,1.545,9.755,-5.000,2.275,9.400,-5.013,-2.340,9.157,-5.012,-1.661,8.640,-5.015,1.308
700,1.2717,1.473,9.778,-5.000,2.204,9.436,-5.011,-2.409,9.199,-5.012,-1.723,8.683,-5.013,1.310
701,1.2867,1.401,9.800,-5.000,2.129,9.474,-5.008,-2.478,9.240,-5.011,-1.779,8.722,-5.011,1.325
702,1.3017,1.329,9.820,-5.000,2.062,9.508,-5.007,-2.547,9.280,-5.011,-1.833,8.762,-5.010,1.333
703,1.3167,1.257,9.839,-5.000,1.991,9.543,-5.008,-2.616,9.320,-5.010,-1.887,8.802,-5.010,1.344
704,1.3317,1.184,9.858,-5.000,1.933,9.571,-5.011,-2.684,9.357,-5.011,-1.946,8.848,-5.013,1.334
705,1.3467,1.111,9.875,-5.000,1.870,9.602,-5.017,-2.751,9.394,-5.011,-2.001,8.892,-5.016,1.334
706,1.3617,1.038,9.891,-5.000,1.808,9.632,-5.022,-2.817,9.430,-5.013,-2.052,8.935,-5.019,1.336
707,1.3767,0.964,9.906,-5.000,1.747,9.662,-5.027,-2.882,9.464,-5.015,-2.115,8.987,-5.022,1.322
708,1.3917,0.891,9.920,-5.000,1.682,9.692,-5.030,-2.948,9.499,-5.017,-2.175,9.036,-5.023,1.318
709,1.4067,0.817,9.933,-5.000,1.621,9.719,-5.029,-3.012,9.532,-5.019,-2.238,9.085,-5.023,1.305
710,1.4217,0.743,9.945,-5.000,1.552,9.746,-5.025,-3.078,9.564,-5.020,-2.304,9.133,-5.021,1.298
711,1.4367,0.668,9.955,-5.000,1.486,9.771,-5.019,-3.143,9.595,-5.020,-2.378,9.182,-5.018,1.280
712,1.4517,0.594,9.965,-5.000,1.422,9.792,-5.014,-3.208,9.624,-5.019,-2.449,9.224,-5.015,1.264
713,1.4667,0.520,9.973,-5.000,1.344,9.816,-5.010,-3.276,9.653,-5.017,-2.527,9.266,-5.014,1.257
714,1.4817,0.445,9.980,-5.000,1.261,9.839,-5.008,-3.345,9.681,-5.016,-2.599,9.302,-5.014,1.260
715,1.4967,0.370,9.986,-5.000,1.183,9.859,-5.009,-3.416,9.708,-5.015,-2.676,9.338,-5.015,1.254
716,1.5117,0.295,9.991,-5.000,1.103,9.879,-5.011,-3.488,9.733,-5.014,-2.746,9.368,-5.017,1.259
717,1.5267,0.220,9.995,-5.000,1.014,9.899,-5.013,-3.563,9.758,-5.014,-2.821,9.398,-5.019,1.269
718,1.5417,0.145,9.998,-5.000,0.925,9.918,-5.013,-3.640,9.782,-5.014,-2.882,9.421,-5.020,1.293
719,1.5567,0.070,10.000,-5.000,0.842,9.935,-5.012,-3.717,9.805,-5.014,-2.946,9.447,-5.020,1.306
720,1.5717,-0.005,10.000,-5.000,0.767,9.949,-5.010,-3.795,9.827,-5.013,-3.014,9.473,-5.018,1.309
721,1.5867,-0.080,9.999,-5.000,0.682,9.964,-5.008,-3.873,9.847,-5.012,-3.074,9.497,-5.014,1.329
722,1.6017,-0.155,9.998,-5.000,0.606,9.976,-5.006,-3.951,9.867,-5.012,-3.139,9.523,-5.010,1.335
723,1.6167,-0.229,9.995,-5.000,0.526,9.988,-5.006,-4.030,9.885,-5.011,-3.199,9.546,-5.008,1.350
724,1.6317,-0.304,9.991,-5.000,0.453,9.998,-5.009,-4.107,9.902,-5.010,-3.265,9.571,-5.007,1.351
725,1.6467,-0.379,9.986,-5.000,0.376,10.008,-5.013,-4.185,9.918,-5.011,-3.327,9.594,-5.008,1.361
726,1.6617,-0.454,9.979,-5.000,0.306,10.015,-5.017,-4.261,9.932,-5.012,-3.397,9.619,-5.010,1.355
727,1.6767,-0.529,9.972,-5.000,0.232,10.021,-5.020,-4.337,9.946,-5.013,-3.464,9.643,-5.012,1.358
728,1.6917,-0.603,9.963,-5.000,0.165,10.026,-5.021,-4.412,9.958,-5.014,-3.533,9.666,-5.013,1.351
729,1.7067,-0.677,9.954,-5.000,0.098,10.030,-5.020,-4.485,9.969,-5.015,-3.603,9.688,-5.014,1.343
730,1.7217,-0.752,9.943,-5.000,0.030,10.033,-5.016,-4.558,9.978,-5.015,-3.683,9.711,-5.013,1.327
731,1.7367,-0.826,9.931,-5.000,-0.040,10.036,-5.010,-4.630,9.987,-5.014,-3.759,9.732,-5.012,1.317
732,1.7517,-0.900,9.918,-5.000,-0.119,10.039,-5.004,-4.704,9.995,-5.013,-3.843,9.752,-5.012,1.308
733,1.7667,-0.973,9.904,-5.000,-0.202,10.041,-5.000,-4.779,10.002,-5.011,-3.916,9.767,-5.012,1.314
734,1.7817,-1.047,9.889,-5.000,-0.281,10.042,-4.998,-4.854,10.008,-5.009,-3.997,9.781,-5.014,1.310
735,1.7967,-1.120,9.873,-5.000,-0.355,10.042,-4.998,-4.929,10.013,-5.007,-4.085,9.793,-5.017,1.294
736,1.8117,-1.193,9.856,-5.000,-0.443,10.041,-5.000,-5.006,10.017,-5.006,-4.166,9.800,-5.020,1.300
737,1.8267,-1.266,9.837,-5.000,-0.524,10.038,-5.002,-5.084,10.020,-5.006,-4.251,9.806,-5.025,1.294
738,1.8417,-1.338,9.818,-5.000,-0.613,10.035,-5.004,-5.163,10.022,-5.005,-4.329,9.810,-5.028,1.303
739,1.8567,-1.410,9.797,-5.000,-0.694,10.030,-5.004,-5.243,10.023,-5.005,-4.411,9.813,-5.030,1.302
740,1.8717,-1.482,9.775,-5.000,-0.781,10.023,-5.003,-5.323,10.023,-5.005,-4.478,9.815,-5.030,1.319
741,1.8867,-1.553,9.753,-5.000,-0.852,10.015,-5.002,-5.403,10.022,-5.004,-4.555,9.819,-5.028,1.312
742,1.9017,-1.625,9.729,-5.000,-0.928,10.006,-5.000,-5.481,10.020,-5.004,-4.625,9.822,-5.026,1.316
743,1.9167,-1.695,9.704,-5.000,-1.008,9.995,-4.998,-5.560,10.016,-5.003,-4.701,9.827,-5.022,1.318
744,1.9317,-1.766,9.678,-5.000,-1.085,9.982,-4.998,-5.639,10.011,-5.002,-4.765,9.833,-5.020,1.328
745,1.9467,-1.836,9.651,-5.000,-1.154,9.969,-5.000,-5.716,10.005,-5.002,-4.836,9.840,-5.019,1.325
746,1.9617,-1.905,9.623,-5.000,-1.217,9.955,-5.001,-5.791,9.997,-5.002,-4.915,9.848,-5.018,1.306
747,1.9767,-1.974,9.594,-5.000,-1.290,9.938,-5.004,-5.866,9.988,-5.002,-4.990,9.857,-5.018,1.303
748,1.9917,-2.043,9.564,-5.000,-1.358,9.920,-5.006,-5.940,9.978,-5.003,-5.073,9.865,-5.018,1.286
749,2.0067,-2.111,9.532,-5.000,-1.430,9.899,-5.006,-6.014,9.966,-5.003,-5.152,9.872,-5.018,1.279
750,2.0217,-2.179,9.500,-5.000,-1.497,9.877,-5.004,-6.086,9.953,-5.003,-5.238,9.877,-5.018,1.259
751,2.0367,-2.246,9.467,-5.000,-1.569,9.852,-5.000,-6.158,9.938,-5.003,-5.312,9.879,-5.016,1.257
752,2.0517,-2.313,9.433,-5.000,-1.636,9.828,-4.996,-6.230,9.921,-5.002,-5.401,9.879,-5.014,1.236
753,2.0667,-2.379,9.398,-5.000,-1.705,9.803,-4.992,-6.301,9.904,-5.000,-5.484,9.876,-5.012,1.223
754,2.0817,-2.445,9.362,-5.000,-1.775,9.777,-4.990,-6.372,9.884,-4.999,-5.573,9.870,-5.010,1.205
755,2.0967,-2.510,9.324,-5.000,-1.852,9.748,-4.989,-6.444,9.864,-4.997,-5.655,9.861,-5.009,1.203
756,2.1117,-2.575,9.286,-5.000,-1.924,9.720,-4.990,-6.516,9.842,-4.996,-5.742,9.848,-5.008,1.189
757,2.1267,-2.639,9.247,-5.000,-1.997,9.692,-4.992,-6.588,9.820,-4.995,-5.814,9.834,-5.008,1.192
758,2.1417,-2.702,9.207,-5.000,-2.070,9.664,-4.994,-6.661,9.796,-4.995,-5.891,9.817,-5.008,1.189
759,2.1567,-2.765,9.166,-5.000,-2.143,9.636,-4.997,-6.733,9.772,-4.996,-5.973,9.798,-5.007,1.181
760,2.1717,-2.827,9.124,-5.000,-2.215,9.608,-4.999,-6.805,9.748,-4.996,-6.047,9.780,-5.006,1.181
761,2.1867,-2.888,9.081,-5.000,-2.291,9.579,-5.000,-6.878,9.722,-4.997,-6.125,9.759,-5.003,1.180
762,2.2017,-2.949,9.037,-5.000,-2.365,9.549,-4.999,-6.951,9.696,-4.997,-6.196,9.740,-5.000,1.185
763,2.2167,-3.010,8.993,-5.000,-2.431,9.522,-4.998,-7.023,9.670,-4.997,-6.270,9.719,-4.997,1.177
764,2.2317,-3.069,8.947,-5.000,-2.499,9.491,-4.996,-7.095,9.643,-4.997,-6.338,9.700,-4.994,1.180
765,2.2467,-3.128,8.901,-5.000,-2.560,9.462,-4.995,-7.165,9.616,-4.997,-6.410,9.680,-4.992,1.171
766,2.2617,-3.186,8.853,-5.000,-2.620,9.432,-4.996,-7.233,9.589,-4.997,-6.471,9.664,-4.990,1.173
767,2.2767,-3.244,8.805,-5.000,-2.684,9.398,-4.997,-7.301,9.560,-4.997,-6.543,9.645,-4.991,1.167
768,2.2917,-3.300,8.756,-5.000,-2.738,9.368,-5.000,-7.366,9.531,-4.997,-6.612,9.628,-4.992,1.156
769,2.3067,-3.356,8.706,-5.000,-2.801,9.330,-5.002,-7.431,9.501,-4.998,-6.687,9.607,-4.995,1.148
770,2.3217,-3.412,8.655,-5.000,-2.859,9.293,-5.004,-7.496,9.470,-4.999,-6.757,9.587,-4.998,1.141
771,2.3367,-3.466,8.604,-5.000,-2.923,9.251,-5.005,-7.560,9.437,-5.000,-6.834,9.563,-4.999,1.132
772,2.3517,-3.520,8.551,-5.000,-2.982,9.211,-5.005,-7.623,9.403,-5.001,-6.900,9.541,-4.999,1.131
773,2.3667,-3.572,8.498,-5.000,-3.041,9.169,-5.004,-7.686,9.368,-5.001,-6.972,9.517,-4.997,1.124
774,2.3817,-3.625,8.444,-5.000,-3.102,9.126,-5.002,-7.748,9.332,-5.001,-7.050,9.489,-4.994,1.114
775,2.3967,-3.676,8.389,-5.000,-3.169,9.079,-5.000,-7.811,9.294,-5.001,-7.120,9.463,-4.991,1.117
776,2.4117,-3.726,8.334,-5.000,-3.230,9.034,-5.000,-7.874,9.255,-5.001,-7.194,9.431,-4.989,1.110
777,2.4267,-3.776,8.278,-5.000,-3.291,8.989,-5.000,-7.937,9.215,-5.001,-7.260,9.400,-4.988,1.110
778,2.4417,-3.825,8.221,-5.000,-3.357,8.940,-5.003,-8.000,9.174,-5.001,-7.330,9.363,-4.988,1.111
779,2.4567,-3.872,8.163,-5.000,-3.423,8.891,-5.006,-8.063,9.131,-5.002,-7.387,9.330,-4.989,1.125
780,2.4717,-3.919,8.104,-5.000,-3.484,8.845,-5.011,-8.126,9.088,-5.003,-7.454,9.289,-4.990,1.121
781,2.4867,-3.966,8.045,-5.000,-3.539,8.802,-5.014,-8.188,9.045,-5.005,-7.515,9.251,-4.991,1.118
782,2.5017,-4.011,7.986,-5.000,-3.602,8.750,-5.018,-8.250,9.001,-5.007,-7.578,9.209,-4.990,1.122
783,2.5167,-4.055,7.925,-5.000,-3.659,8.703,-5.020,-8.312,8.956,-5.009,-7.636,9.171,-4.989,1.126
784,2.5317,-4.099,7.864,-5.000,-3.720,8.650,-5.021,-8.373,8.910,-5.011,-7.688,9.136,-4.987,1.141
785,2.5467,-4.141,7.802,-5.000,-3.779,8.597,-5.020,-8.434,8.863,-5.012,-7.749,9.095,-4.985,1.145
786,2.5617,-4.183,7.740,-5.000,-3.827,8.551,-5.018,-8.493,8.816,-5.013,-7.804,9.059,-4.983,1.143
787,2.5767,-4.223,7.677,-5.000,-3.877,8.500,-5.016,-8.551,8.769,-5.013,-7.863,9.019,-4.982,1.139
788,2.5917,-4.263,7.613,-5.000,-3.929,8.445,-5.014,-8.607,8.720,-5.013,-7.918,8.983,-4.984,1.145
789,2.6067,-4.302,7.549,-5.000,-3.974,8.393,-5.013,-8.662,8.671,-5.013,-7.979,8.944,-4.987,1.138
790,2.6217,-4.339,7.484,-5.000,-4.021,8.336,-5.012,-8.716,8.621,-5.013,-8.035,8.908,-4.991,1.140
791,2.6367,-4.376,7.419,-5.000,-4.064,8.282,-5.012,-8.768,8.570,-5.013,-8.097,8.868,-4.996,1.130
792,2.6517,-4.412,7.353,-5.000,-4.109,8.223,-5.012,-8.819,8.518,-5.013,-8.150,8.832,-5.000,1.135
793,2.6667,-4.447,7.286,-5.000,-4.147,8.172,-5.011,-8.868,8.466,-5.013,-8.215,8.789,-5.003,1.117
794,2.6817,-4.481,7.219,-5.000,-4.188,8.116,-5.009,-8.916,8.414,-5.012,-8.276,8.747,-5.005,1.109
795,2.6967,-4.513,7.152,-5.000,-4.234,8.053,-5.007,-8.964,8.359,-5.011,-8.344,8.700,-5.006,1.101
796,2.7117,-4.545,7.084,-5.000,-4.277,7.993,-5.005,-9.011,8.304,-5.010,-8.408,8.654,-5.007,1.092
797,2.7267,-4.576,7.015,-5.000,-4.324,7.925,-5.003,-9.058,8.248,-5.009,-8.467,8.610,-5.007,1.098
798,2.7417,-4.606,6.947,-5.000,-4.364,7.866,-5.001,-9.104,8.190,-5.008,-8.536,8.556,-5.008,1.078
799,2.7567,-4.634,6.877,-5.000,-4.411,7.794,-5.001,-9.150,8.131,-5.007,-8.599,8.504,-5.010,1.079
800,2.7717,-4.662,6.808,-5.000,-4.454,7.725,-5.001,-9.196,8.070,-5.006,-8.665,8.446,-5.012,1.068
801,2.7867,-4.688,6.737,-5.000,-4.496,7.656,-5.002,-9.241,8.008,-5.005,-8.723,8.391,-5.013,1.066
802,2.8017,-4.714,6.667,-5.000,-4.541,7.580,-5.004,-9.286,7.944,-5.005,-8.783,8.331,-5.013,1.067
803,2.8167,-4.738,6.596,-5.000,-4.586,7.504,-5.005,-9.331,7.878,-5.005,-8.835,8.275,-5.012,1.076
804,2.8317,-4.762,6.525,-5.000,-4.624,7.434,-5.003,-9.375,7.811,-5.005,-8.884,8.219,-5.010,1.079
805,2.8467,-4.784,6.453,-5.000,-4.661,7.365,-5.000,-9.418,7.744,-5.004,-8.930,8.163,-5.007,1.082
806,2.8617,-4.805,6.381,-5.000,-4.695,7.297,-4.996,-9.459,7.677,-5.003,-8.979,8.103,-5.003,1.079
807,2.8767,-4.826,6.309,-5.000,-4.730,7.224,-4.991,-9.500,7.609,-5.001,-9.022,8.048,-5.001,1.087
808,2.8917,-4.845,6.236,-5.000,-4.760,7.157,-4.987,-9.539,7.541,-4.999,-9.060,7.998,-5.000,1.094
809,2.9067,-4.863,6.164,-5.000,-4.785,7.097,-4.985,-9.576,7.475,-4.997,-9.106,7.939,-5.000,1.081
810,2.9217,-4.880,6.091,-5.000,-4.813,7.022,-4.985,-9.612,7.407,-4.995,-9.149,7.884,-5.001,1.088
811,2.9367,-4.895,6.017,-5.000,-4.833,6.964,-4.986,-9.645,7.340,-4.994,-9.197,7.823,-5.004,1.069
812,2.9517,-4.910,5.944,-5.000,-4.854,6.895,-4.989,-9.676,7.274,-4.993,-9.242,7.767,-5.006,1.065
813,2.9667,-4.924,5.870,-5.000,-4.871,6.832,-4.991,-9.705,7.207,-4.993,-9.292,7.705,-5.008,1.048
814,2.9817,-4.936,5.796,-5.000,-4.886,6.768,-4.992,-9.733,7.142,-4.993,-9.333,7.651,-5.008,1.042
815,2.9967,-4.948,5.722,-5.000,-4.903,6.697,-4.993,-9.758,7.075,-4.993,-9.382,7.584,-5.006,1.029
816,3.0117,-4.958,5.648,-5.000,-4.919,6.625,-4.992,-9.782,7.007,-4.993,-9.426,7.521,-5.002,1.023
817,3.0267,-4.967,5.573,-5.000,-4.932,6.563,-4.992,-9.805,6.941,-4.992,-9.472,7.452,-4.999,1.001
818,3.0417,-4.975,5.499,-5.000,-4.948,6.488,-4.991,-9.826,6.873,-4.992,-9.514,7.385,-4.996,0.996
819,3.0567,-4.982,5.424,-5.000,-4.962,6.419,-4.992,-9.847,6.805,-4.992,-9.558,7.311,-4.995,0.980
820,3.0717,-4.988,5.349,-5.000,-4.976,6.342,-4.995,-9.866,6.735,-4.993,-9.597,7.242,-4.995,0.976
821,3.0867,-4.992,5.274,-5.000,-4.989,6.270,-5.000,-9.884,6.666,-4.994,-9.631,7.177,-4.996,0.975
822,3.1017,-4.996,5.199,-5.000,-5.002,6.191,-5.004,-9.902,6.594,-4.995,-9.669,7.100,-4.998,0.968
823,3.1167,-4.998,5.124,-5.000,-5.013,6.125,-5.007,-9.919,6.524,-4.997,-9.702,7.028,-4.999,0.956
824,3.1317,-5.000,5.049,-5.000,-5.024,6.052,-5.009,-9.935,6.453,-4.999,-9.734,6.951,-4.999,0.944
825,3.1467,-5.000,4.974,-5.000,-5.035,5.975,-5.008,-9.950,6.381,-5.000,-9.761,6.880,-4.998,0.946
826,3.1617,-4.999,4.899,-5.000,-5.043,5.904,-5.005,-9.964,6.310,-5.001,-9.786,6.805,-4.996,0.937
827,3.1767,-4.997,4.824,-5.000,-5.050,5.829,-5.000,-9.977,6.238,-5.001,-9.808,6.737,-4.994,0.940
828,3.1917,-4.994,4.750,-5.000,-5.056,5.760,-4.996,-9.988,6.166,-5.000,-9.828,6.666,-4.992,0.933
829,3.2067,-4.989,4.675,-5.000,-5.059,5.687,-4.993,-9.999,6.094,-4.999,-9.845,6.607,-4.992,0.944
830,3.2217,-4.984,4.600,-5.000,-5.062,5.621,-4.992,-10.009,6.023,-4.998,-9.864,6.539,-4.994,0.940
831,3.2367,-4.977,4.525,-5.000,-5.063,5.556,-4.993,-10.017,5.953,-4.997,-9.883,6.478,-4.996,0.940
832,3.2517,-4.970,4.451,-5.000,-5.064,5.491,-4.995,-10.024,5.884,-4.997,-9.904,6.412,-5.000,0.935
833,3.2667,-4.961,4.376,-5.000,-5.063,5.422,-4.996,-10.030,5.814,-4.997,-9.924,6.351,-5.002,0.940
834,3.2817,-4.951,4.302,-5.000,-5.062,5.357,-4.997,-10.035,5.746,-4.997,-9.943,6.294,-5.003,0.944
835,3.2967,-4.940,4.228,-5.000,-5.058,5.286,-4.996,-10.038,5.677,-4.997,-9.965,6.225,-5.002,0.943
836,3.3117,-4.928,4.154,-5.000,-5.054,5.226,-4.994,-10.041,5.609,-4.996,-9.986,6.160,-4.999,0.937
837,3.3267,-4.915,4.080,-5.000,-5.049,5.158,-4.991,-10.042,5.542,-4.995,-10.008,6.089,-4.996,0.931
838,3.3417,-4.900,4.006,-5.000,-5.042,5.084,-4.987,-10.042,5.473,-4.994,-10.028,6.022,-4.994,0.938
839,3.3567,-4.885,3.933,-5.000,-5.042,5.084,-4.987,-10.042,5.415,-4.993,-10.028,6.022,-4.994,0.938
840,3.3717,-4.868,3.860,-5.000,-5.038,5.043,-4.985,-10.041,5.359,-4.992,-10.039,5.982,-4.992,0.939
841,3.3867,-4.851,3.787,-5.000,-5.031,4.966,-4.983,-10.040,5.300,-4.990,-10.057,5.912,-4.992,0.947
842,3.4017,-4.832,3.714,-5.000,-5.024,4.898,-4.983,-10.037,5.240,-4.989,-10.076,5.834,-4.993,0.938
843,3.4167,-4.812,3.642,-5.000,-5.017,4.815,-4.985,-10.034,5.176,-4.989,-10.092,5.759,-4.993,0.948
844,3.4317,-4.791,3.570,-5.000,-5.010,4.735,-4.988,-10.031,5.110,-4.989,-10.106,5.677,-4.994,0.947
845,3.4467,-4.769,3.498,-5.000,-5.003,4.647,-4.989,-10.026,5.040,-4.989,-10.117,5.601,-4.993,0.961
846,3.4617,-4.746,3.427,-5.000,-4.996,4.565,-4.989,-10.022,4.969,-4.989,-10.123,5.532,-4.991,0.976
847,3.4767,-4.722,3.356,-5.000,-4.987,4.476,-4.987,-10.017,4.895,-4.988,-10.126,5.452,-4.988,0.985
848,3.4917,-4.697,3.285,-5.000,-4.980,4.402,-4.983,-10.011,4.821,-4.988,-10.125,5.379,-4.984,0.988
849,3.5067,-4.670,3.215,-5.000,-4.970,4.320,-4.979,-10.005,4.746,-4.986,-10.122,5.303,-4.981,0.995
850,3.5217,-4.643,3.145,-5.000,-4.957,4.232,-4.977,-9.998,4.669,-4.985,-10.118,5.235,-4.980,1.016
851,3.5367,-4.615,3.075,-5.000,-4.944,4.151,-4.976,-9.990,4.591,-4.984,-10.112,5.165,-4.981,1.027
852,3.5517,-4.585,3.006,-5.000,-4.929,4.065,-4.977,-9.981,4.512,-4.983,-10.108,5.102,-4.985,1.052
853,3.5667,-4.555,2.938,-5.000,-4.913,3.988,-4.980,-9.970,4.434,-4.982,-10.104,5.042,-4.989,1.071
854,3.5817,-4.524,2.870,-5.000,-4.894,3.905,-4.982,-9.959,4.354,-4.982,-10.100,4.982,-4.994,1.096
855,3.5967,-4.491,2.802,-5.000,-4.877,3.835,-4.983,-9.947,4.277,-4.982,-10.098,4.916,-4.998,1.103
856,3.6117,-4.458,2.735,-5.000,-4.857,3.759,-4.983,-9.933,4.199,-4.982,-10.098,4.853,-5.000,1.120
857,3.6267,-4.423,2.668,-5.000,-4.834,3.676,-4.981,-9.918,4.120,-4.982,-10.098,4.793,-5.000,1.148
858,3.6417,-4.388,2.602,-5.000,-4.809,3.593,-4.979,-9.902,4.041,-4.982,-10.099,4.720,-4.999,1.164
859,3.6567,-4.351,2.537,-5.000,-4.786,3.523,-4.978,-9.885,3.964,-4.981,-10.099,4.651,-4.997,1.171
860,3.6717,-4.314,2.472,-5.000,-4.759,3.445,-4.978,-9.866,3.886,-4.981,-10.096,4.574,-4.996,1.178
861,3.6867,-4.275,2.407,-5.000,-4.729,3.368,-4.980,-9.845,3.808,-4.981,-10.091,4.501,-4.995,1.189
862,3.7017,-4.236,2.344,-5.000,-4.694,3.283,-4.984,-9.823,3.729,-4.981,-10.082,4.420,-4.996,1.201
863,3.7167,-4.196,2.280,-5.000,-4.658,3.197,-4.991,-9.798,3.649,-4.983,-10.072,4.344,-4.996,1.219
864,3.7317,-4.154,2.218,-5.000,-4.623,3.119,-4.997,-9.772,3.570,-4.985,-10.060,4.267,-4.996,1.229
865,3.7467,-4.112,2.156,-5.000,-4.585,3.035,-5.001,-9.744,3.490,-4.987,-10.046,4.190,-4.994,1.243
866,3.7617,-4.069,2.094,-5.000,-4.552,2.968,-5.001,-9.715,3.411,-4.989,-10.027,4.106,-4.990,1.234
867,3.7767,-4.025,2.034,-5.000,-4.517,2.896,-4.998,-9.685,3.334,-4.991,-10.007,4.028,-4.987,1.234
868,3.7917,-3.980,1.974,-5.000,-4.478,2.821,-4.993,-9.654,3.257,-4.991,-9.981,3.944,-4.985,1.231
869,3.8067,-3.934,1.914,-5.000,-4.437,2.749,-4.989,-9.621,3.181,-4.991,-9.957,3.874,-4.985,1.239
870,3.8217,-3.888,1.856,-5.000,-4.397,2.685,-4.986,-9.588,3.107,-4.990,-9.930,3.798,-4.986,1.234
871,3.8367,-3.840,1.798,-5.000,-4.355,2.625,-4.985,-9.553,3.034,-4.989,-9.900,3.718,-4.990,1.221
872,3.8517,-3.791,1.740,-5.000,-4.315,2.572,-4.987,-9.517,2.965,-4.989,-9.874,3.646,-4.995,1.210
873,3.8667,-3.742,1.684,-5.000,-4.265,2.512,-4.990,-9.479,2.897,-4.989,-9.847,3.569,-5.001,1.206
874,3.8817,-3.692,1.628,-5.000,-4.213,2.453,-4.993,-9.439,2.830,-4.990,-9.823,3.498,-5.005,1.210
875,3.8967,-3.641,1.573,-5.000,-4.164,2.399,-4.994,-9.398,2.766,-4.990,-9.799,3.422,-5.007,1.204
876,3.9117,-3.589,1.519,-5.000,-4.109,2.340,-4.994,-9.355,2.702,-4.991,-9.777,3.351,-5.006,1.213
877,3.9267,-3.537,1.465,-5.000,-4.057,2.285,-4.991,-9.310,2.639,-4.991,-9.754,3.275,-5.004,1.210
878,3.9417,-3.483,1.413,-5.000,-4.001,2.225,-4.988,-9.264,2.577,-4.990,-9.734,3.209,-5.001,1.227
879,3.9567,-3.429,1.361,-5.000,-3.949,2.170,-4.986,-9.217,2.516,-4.990,-9.708,3.131,-4.998,1.225
880,3.9717,-3.374,1.310,-5.000,-3.901,2.117,-4.985,-9.169,2.456,-4.989,-9.681,3.057,-4.995,1.222
881,3.9867,-3.318,1.260,-5.000,-3.845,2.053,-4.987,-9.120,2.396,-4.989,-9.654,2.989,-4.992,1.238
882,4.0017,-3.262,1.210,-5.000,-3.788,1.986,-4.991,-9.071,2.334,-4.989,-9.619,2.908,-4.990,1.241
883,4.0167,-3.205,1.162,-5.000,-3.737,1.923,-4.995,-9.021,2.273,-4.990,-9.583,2.834,-4.988,1.243
884,4.0317,-3.147,1.114,-5.000,-3.690,1.865,-4.999,-8.971,2.212,-4.991,-9.539,2.754,-4.987,1.229
885,4.0467,-3.088,1.068,-5.000,-3.640,1.803,-5.002,-8.921,2.150,-4.993,-9.495,2.682,-4.985,1.227
886,4.0617,-3.029,1.022,-5.000,-3.585,1.738,-5.003,-8.871,2.088,-4.995,-9.444,2.608,-4.982,1.223
887,4.0767,-2.969,0.977,-5.000,-3.534,1.680,-5.002,-8.820,2.027,-4.996,-9.394,2.545,-4.979,1.219
888,4.0917,-2.908,0.933,-5.000,-3.479,1.620,-4.999,-8.769,1.966,-4.996,-9.338,2.480,-4.976,1.216
889,4.1067,-2.847,0.889,-5.000,-3.422,1.564,-4.997,-8.717,1.906,-4.996,-9.289,2.429,-4.974,1.225
890,4.1217,-2.785,0.847,-5.000,-3.369,1.514,-4.995,-8.665,1.847,-4.996,-9.232,2.372,-4.974,1.218
891,4.1367,-2.722,0.806,-5.000,-3.308,1.464,-4.995,-8.611,1.790,-4.996,-9.181,2.323,-4.974,1.224
892,4.1517,-2.659,0.766,-5.000,-3.256,1.423,-4.996,-8.558,1.735,-4.996,-9.127,2.272,-4.977,1.216
893,4.1667,-2.595,0.726,-5.000,-3.193,1.377,-4.998,-8.503,1.681,-4.996,-9.080,2.227,-4.979,1.228
894,4.1817,-2.531,0.688,-5.000,-3.135,1.335,-4.999,-8.448,1.629,-4.997,-9.032,2.178,-4.983,1.231
895,4.1967,-2.466,0.650,-5.000,-3.071,1.289,-5.000,-8.391,1.578,-4.997,-8.991,2.137,-4.986,1.252
896,4.2117,-2.400,0.614,-5.000,-3.012,1.244,-4.999,-8.335,1.528,-4.997,-8.948,2.092,-4.989,1.263
897,4.2267,-2.334,0.578,-5.000,-2.958,1.202,-4.997,-8.278,1.479,-4.997,-8.903,2.043,-4.990,1.264
898,4.2417,-2.267,0.544,-5.000,-2.896,1.151,-4.994,-8.221,1.430,-4.997,-8.860,1.996,-4.990,1.283
899,4.2567,-2.200,0.510,-5.000,-2.839,1.102,-4.991,-8.163,1.381,-4.996,-8.814,1.945,-4.988,1.289
900,4.2717,-2.133,0.478,-5.000,-2.777,1.047,-4.990,-8.105,1.331,-4.995,-8.770,1.896,-4.986,1.306
901,4.2867,-2.065,0.446,-5.000,-2.721,0.995,-4.991,-8.048,1.280,-4.994,-8.721,1.842,-4.984,1.310
902,4.3017,-1.996,0.416,-5.000,-2.660,0.938,-4.994,-7.990,1.229,-4.994,-8.676,1.795,-4.984,1.330
903,4.3167,-1.927,0.386,-5.000,-2.603,0.885,-4.999,-7.932,1.177,-4.995,-8.621,1.740,-4.985,1.329
904,4.3317,-1.858,0.358,-5.000,-2.551,0.838,-5.003,-7.874,1.126,-4.996,-8.567,1.688,-4.987,1.325
905,4.3467,-1.788,0.331,-5.000,-2.488,0.784,-5.007,-7.817,1.075,-4.998,-8.505,1.633,-4.989,1.325
906,4.3617,-1.718,0.304,-5.000,-2.426,0.733,-5.009,-7.758,1.024,-5.000,-8.444,1.584,-4.990,1.327
907,4.3767,-1.647,0.279,-5.000,-2.367,0.690,-5.009,-7.699,0.974,-5.001,-8.386,1.539,-4.990,1.327
908,4.3917,-1.576,0.255,-5.000,-2.306,0.649,-5.006,-7.640,0.925,-5.002,-8.315,1.488,-4.989,1.313
909,4.4067,-1.505,0.232,-5.000,-2.237,0.608,-5.002,-7.580,0.877,-5.002,-8.249,1.442,-4.988,1.312
910,4.4217,-1.433,0.210,-5.000,-2.176,0.575,-4.999,-7.519,0.832,-5.001,-8.179,1.392,-4.986,1.294
911,4.4367,-1.361,0.189,-5.000,-2.107,0.540,-4.997,-7.457,0.788,-5.001,-8.115,1.348,-4.986,1.291
912,4.4517,-1.289,0.169,-5.000,-2.031,0.505,-4.996,-7.393,0.746,-5.000,-8.048,1.301,-4.987,1.292
913,4.4667,-1.216,0.150,-5.000,-1.952,0.472,-4.998,-7.327,0.705,-5.000,-7.989,1.259,-4.990,1.302
914,4.4817,-1.143,0.132,-5.000,-1.878,0.442,-5.000,-7.260,0.665,-5.000,-7.926,1.214,-4.994,1.302
915,4.4967,-1.070,0.116,-5.000,-1.796,0.411,-5.003,-7.190,0.627,-5.000,-7.875,1.176,-4.998,1.323
916,4.5117,-0.997,0.100,-5.000,-1.719,0.381,-5.004,-7.119,0.590,-5.001,-7.816,1.130,-5.001,1.328
917,4.5267,-0.923,0.086,-5.000,-1.649,0.353,-5.003,-7.049,0.555,-5.001,-7.762,1.086,-5.003,1.332
918,4.5417,-0.849,0.073,-5.000,-1.567,0.320,-5.002,-6.977,0.520,-5.001,-7.705,1.036,-5.001,1.344
919,4.5567,-0.775,0.060,-5.000,-1.486,0.288,-4.999,-6.903,0.485,-5.001,-7.653,0.990,-4.998,1.362
920,4.5717,-0.701,0.049,-5.000,-1.412,0.259,-4.997,-6.829,0.451,-5.000,-7.603,0.947,-4.994,1.375
921,4.5867,-0.627,0.039,-5.000,-1.333,0.228,-4.996,-6.755,0.417,-5.000,-7.540,0.897,-4.991,1.380
922,4.6017,-0.552,0.031,-5.000,-1.267,0.203,-4.996,-6.682,0.385,-4.999,-7.477,0.851,-4.989,1.373
923,4.6167,-0.478,0.023,-5.000,-1.197,0.176,-4.998,-6.609,0.354,-4.999,-7.405,0.801,-4.990,1.360
924,4.6317,-0.403,0.016,-5.000,-1.121,0.149,-5.001,-6.536,0.323,-4.999,-7.333,0.757,-4.993,1.357
925,4.6467,-0.328,0.011,-5.000,-1.052,0.125,-5.003,-6.463,0.293,-5.000,-7.253,0.709,-4.997,1.336
926,4.6617,-0.253,0.006,-5.000,-0.977,0.102,-5.004,-6.390,0.265,-5.000,-7.175,0.668,-5.000,1.325
927,4.6767,-0.178,0.003,-5.000,-0.908,0.084,-5.003,-6.318,0.238,-5.001,-7.088,0.625,-5.002,1.298
928,4.6917,-0.103,0.001,-5.000,-0.839,0.069,-5.001,-6.246,0.212,-5.001,-7.013,0.591,-5.002,1.285
929,4.7067,-0.028,0.000,-5.000,-0.764,0.056,-4.997,-6.174,0.189,-5.000,-6.924,0.554,-4.999,1.263
930,4.7217,0.047,0.000,-5.000,-0.687,0.045,-4.991,-6.101,0.167,-4.999,-6.844,0.523,-4.994,1.252
931,4.7367,0.122,0.001,-5.000,-0.622,0.038,-4.987,-6.029,0.148,-4.997,-6.760,0.493,-4.989,1.225
932,4.7517,0.197,0.004,-5.000,-0.550,0.032,-4.985,-5.957,0.131,-4.995,-6.685,0.467,-4.986,1.215
933,4.7667,0.271,0.007,-5.000,-0.470,0.028,-4.986,-5.884,0.115,-4.994,-6.606,0.442,-4.985,1.209
934,4.7817,0.346,0.012,-5.000,-0.390,0.025,-4.990,-5.810,0.102,-4.993,-6.536,0.421,-4.987,1.212
935,4.7967,0.421,0.018,-5.000,-0.316,0.022,-4.995,-5.736,0.090,-4.993,-6.473,0.403,-4.990,1.218
936,4.8117,0.496,0.025,-5.000,-0.247,0.019,-4.999,-5.663,0.079,-4.994,-6.400,0.382,-4.992,1.208
937,4.8267,0.570,0.033,-5.000,-0.166,0.015,-5.003,-5.588,0.070,-4.996,-6.333,0.363,-4.994,1.217
938,4.8417,0.645,0.042,-5.000,-0.092,0.011,-5.004,-5.514,0.061,-4.997,-6.262,0.341,-4.994,1.216
939,4.8567,0.719,0.052,-5.000,-0.013,0.005,-5.003,-5.439,0.052,-4.998,-6.197,0.320,-4.990,1.225
940,4.8717,0.793,0.063,-5.000,0.058,-0.000,-5.001,-5.364,0.045,-4.998,-6.126,0.298,-4.985,1.221
941,4.8867,0.867,0.076,-5.000,0.134,-0.006,-4.998,-5.289,0.037,-4.998,-6.057,0.279,-4.980,1.225
942,4.9017,0.941,0.089,-5.000,0.203,-0.012,-4.996,-5.215,0.030,-4.998,-5.981,0.258,-4.977,1.214
943,4.9167,1.014,0.104,-5.000,0.277,-0.019,-4.997,-5.142,0.022,-4.998,-5.914,0.241,-4.976,1.218
944,4.9317,1.088,0.120,-5.000,0.338,-0.025,-4.999,-5.070,0.015,-4.998,-5.833,0.221,-4.978,1.196
945,4.9467,1.161,0.137,-5.000,0.410,-0.030,-5.003,-4.998,0.008,-4.999,-5.756,0.203,-4.983,1.189
946,4.9617,1.234,0.155,-5.000,0.475,-0.034,-5.006,-4.927,0.002,-5.000,-5.672,0.187,-4.990,1.169
947,4.9767,1.306,0.174,-5.000,0.547,-0.036,-5.007,-4.856,-0.004,-5.001,-5.594,0.174,-4.994,1.159
948,4.9917,1.378,0.194,-5.000,0.613,-0.036,-5.006,-4.786,-0.009,-5.002,-5.521,0.166,-4.996,1.152
949,5.0067,1.450,0.215,-5.000,0.674,-0.035,-5.005,-4.717,-0.012,-5.002,-5.437,0.159,-4.996,1.127
950,5.0217,1.522,0.237,-5.000,0.748,-0.032,-5.001,-4.647,-0.015,-5.002,-5.360,0.155,-4.994,1.124
951,5.0367,1.593,0.261,-5.000,0.818,-0.028,-4.997,-4.577,-0.017,-5.001,-5.279,0.152,-4.990,1.112
952,5.0517,1.664,0.285,-5.000,0.894,-0.022,-4.992,-4.507,-0.018,-5.000,-5.206,0.151,-4.988,1.114
953,5.0667,1.735,0.311,-5.000,0.964,-0.015,-4.990,-4.436,-0.018,-4.998,-5.130,0.152,-4.987,1.107
954,5.0817,1.805,0.337,-5.000,1.042,-0.005,-4.989,-4.364,-0.016,-4.997,-5.061,0.153,-4.988,1.114
955,5.0967,1.875,0.365,-5.000,1.114,0.008,-4.990,-4.293,-0.012,-4.996,-4.989,0.156,-4.990,1.113
956,5.1117,1.944,0.393,-5.000,1.186,0.024,-4.993,-4.221,-0.007,-4.996,-4.925,0.158,-4.994,1.119
957,5.1267,2.013,0.423,-5.000,1.264,0.043,-4.998,-4.148,0.001,-4.996,-4.856,0.159,-4.997,1.126
958,5.1417,2.081,0.454,-5.000,1.337,0.063,-5.002,-4.075,0.010,-4.997,-4.798,0.160,-4.999,1.139
959,5.1567,2.149,0.485,-5.000,1.416,0.084,-5.005,-4.002,0.021,-4.998,-4.729,0.160,-4.999,1.148
960,5.1717,2.217,0.518,-5.000,1.488,0.104,-5.006,-3.928,0.033,-4.999,-4.664,0.159,-4.997,1.153
961,5.1867,2.284,0.552,-5.000,1.559,0.124,-5.005,-3.855,0.047,-5.000,-4.591,0.158,-4.993,1.150
962,5.2017,2.350,0.587,-5.000,1.633,0.146,-5.004,-3.782,0.062,-5.001,-4.528,0.158,-4.990,1.161
