tick,theta,d1_x_cmd,d1_y_cmd,d1_z_cmd,d1_x_act,d1_y_act,d1_z_act,d2_x_cmd,d2_y_cmd,d2_z_cmd,d2_x_act,d2_y_act,d2_z_act
411,-1.5708,2.500,0.000,-5.000,2.506,-0.016,-5.019,-2.500,0.000,-5.000,-2.504,-0.024,-5.012
412,-1.5708,2.500,0.000,-5.000,2.503,-0.023,-5.020,-2.500,0.000,-5.000,-2.502,-0.031,-5.016
413,-1.5708,2.500,0.000,-5.000,2.501,-0.025,-5.014,-2.500,0.000,-5.000,-2.500,-0.034,-5.010
414,-1.5708,2.500,0.000,-5.000,2.499,-0.027,-5.001,-2.500,0.000,-5.000,-2.498,-0.036,-4.999
415,-1.5708,2.500,0.000,-5.000,2.499,-0.028,-4.987,-2.500,0.000,-5.000,-2.496,-0.038,-4.987
416,-1.5707,2.500,0.000,-5.000,2.499,-0.028,-4.976,-2.500,0.000,-5.000,-2.496,-0.038,-4.977
417,-1.5707,2.501,0.000,-5.000,2.500,-0.024,-4.971,-2.499,0.000,-5.000,-2.497,-0.034,-4.974
418,-1.5706,2.501,0.000,-5.000,2.500,-0.017,-4.974,-2.499,0.000,-5.000,-2.497,-0.025,-4.977
419,-1.5706,2.501,0.000,-5.000,2.500,-0.006,-4.983,-2.499,0.000,-5.000,-2.498,-0.014,-4.986
420,-1.5705,2.502,0.000,-5.000,2.500,0.009,-4.998,-2.498,0.000,-5.000,-2.499,0.000,-4.999
421,-1.5704,2.502,0.000,-5.000,2.499,0.022,-5.013,-2.498,0.000,-5.000,-2.501,0.014,-5.012
422,-1.5702,2.503,0.000,-5.000,2.499,0.030,-5.023,-2.497,0.000,-5.000,-2.502,0.023,-5.020
423,-1.5701,2.504,0.000,-5.000,2.499,0.033,-5.028,-2.496,0.000,-5.000,-2.503,0.029,-5.023
424,-1.5699,2.504,0.000,-5.000,2.499,0.032,-5.022,-2.496,0.000,-5.000,-2.504,0.032,-5.018
425,-1.5697,2.506,0.000,-5.000,2.499,0.031,-5.009,-2.494,0.000,-5.000,-2.504,0.033,-5.008
426,-1.5695,2.507,0.000,-5.000,2.498,0.030,-4.996,-2.493,0.000,-5.000,-2.503,0.035,-4.995
427,-1.5692,2.508,0.000,-5.000,2.497,0.028,-4.986,-2.492,0.000,-5.000,-2.502,0.036,-4.986
428,-1.5689,2.510,0.000,-5.000,2.496,0.022,-4.982,-2.490,0.000,-5.000,-2.500,0.033,-4.982
429,-1.5685,2.511,0.000,-5.000,2.494,0.010,-4.987,-2.489,0.000,-5.000,-2.499,0.024,-4.986
430,-1.5682,2.513,0.000,-5.000,2.492,-0.003,-4.998,-2.487,0.000,-5.000,-2.499,0.011,-4.996
431,-1.5677,2.515,0.000,-5.000,2.489,-0.021,-5.013,-2.485,0.000,-5.000,-2.499,-0.005,-5.010
432,-1.5673,2.518,0.000,-5.000,2.487,-0.037,-5.027,-2.482,0.000,-5.000,-2.500,-0.018,-5.023
433,-1.5668,2.520,0.000,-5.000,2.484,-0.049,-5.036,-2.480,0.000,-5.000,-2.501,-0.030,-5.034
434,-1.5662,2.523,0.000,-5.000,2.480,-0.057,-5.038,-2.477,0.000,-5.000,-2.503,-0.035,-5.037
435,-1.5656,2.526,0.000,-5.000,2.478,-0.062,-5.032,-2.474,0.000,-5.000,-2.504,-0.037,-5.030
436,-1.5650,2.529,0.000,-5.000,2.476,-0.065,-5.017,-2.471,0.000,-5.000,-2.504,-0.039,-5.017
437,-1.5643,2.533,0.000,-5.000,2.477,-0.066,-5.002,-2.467,0.000,-5.000,-2.503,-0.041,-5.001
438,-1.5635,2.536,0.000,-5.000,2.479,-0.065,-4.987,-2.464,0.000,-5.000,-2.502,-0.041,-4.989
439,-1.5627,2.540,0.000,-5.000,2.483,-0.059,-4.980,-2.460,0.000,-5.000,-2.502,-0.037,-4.983
440,-1.5619,2.545,0.000,-5.000,2.487,-0.047,-4.981,-2.455,0.000,-5.000,-2.502,-0.026,-4.986
441,-1.5610,2.549,0.000,-5.000,2.491,-0.033,-4.989,-2.451,0.000,-5.000,-2.501,-0.011,-4.994
442,-1.5600,2.554,0.000,-5.000,2.497,-0.014,-5.004,-2.446,0.000,-5.000,-2.501,0.005,-5.006
443,-1.5590,2.559,0.000,-5.000,2.502,0.004,-5.018,-2.441,0.000,-5.000,-2.501,0.021,-5.018
444,-1.5579,2.565,0.000,-5.000,2.506,0.018,-5.029,-2.435,0.000,-5.000,-2.500,0.033,-5.027
445,-1.5567,2.570,0.000,-5.000,2.510,0.025,-5.031,-2.430,0.000,-5.000,-2.498,0.040,-5.030
446,-1.5555,2.576,0.001,-5.000,2.514,0.028,-5.025,-2.424,0.001,-5.000,-2.496,0.044,-5.024
447,-1.5542,2.583,0.001,-5.000,2.518,0.033,-5.011,-2.417,0.001,-5.000,-2.492,0.046,-5.012
448,-1.5529,2.590,0.001,-5.000,2.523,0.037,-4.996,-2.410,0.001,-5.000,-2.488,0.048,-4.997
449,-1.5515,2.597,0.001,-5.000,2.527,0.040,-4.983,-2.403,0.001,-5.000,-2.484,0.048,-4.987
450,-1.5500,2.604,0.001,-5.000,2.533,0.039,-4.978,-2.396,0.001,-5.000,-2.478,0.043,-4.981
451,-1.5484,2.612,0.001,-5.000,2.539,0.032,-4.980,-2.388,0.001,-5.000,-2.471,0.032,-4.984
452,-1.5468,2.620,0.001,-5.000,2.545,0.022,-4.987,-2.380,0.001,-5.000,-2.465,0.019,-4.992
453,-1.5451,2.629,0.002,-5.000,2.553,0.007,-5.001,-2.371,0.002,-5.000,-2.457,-0.001,-5.007
454,-1.5433,2.638,0.002,-5.000,2.560,-0.006,-5.015,-2.362,0.002,-5.000,-2.448,-0.019,-5.022
455,-1.5414,2.647,0.002,-5.000,2.567,-0.018,-5.027,-2.353,0.002,-5.000,-2.440,-0.031,-5.031
456,-1.5395,2.656,0.002,-5.000,2.571,-0.024,-5.030,-2.344,0.002,-5.000,-2.431,-0.039,-5.033
457,-1.5375,2.667,0.003,-5.000,2.576,-0.027,-5.025,-2.333,0.003,-5.000,-2.423,-0.043,-5.027
458,-1.5354,2.677,0.003,-5.000,2.580,-0.030,-5.012,-2.323,0.003,-5.000,-2.414,-0.047,-5.011
459,-1.5332,2.688,0.004,-5.000,2.585,-0.032,-4.997,-2.312,0.004,-5.000,-2.406,-0.050,-4.994
460,-1.5309,2.699,0.004,-5.000,2.591,-0.032,-4.984,-2.301,0.004,-5.000,-2.397,-0.052,-4.978
461,-1.5286,2.711,0.004,-5.000,2.597,-0.029,-4.978,-2.289,0.004,-5.000,-2.389,-0.048,-4.969
462,-1.5262,2.723,0.005,-5.000,2.603,-0.020,-4.981,-2.277,0.005,-5.000,-2.381,-0.038,-4.970
463,-1.5237,2.736,0.006,-5.000,2.609,-0.005,-4.990,-2.264,0.006,-5.000,-2.372,-0.023,-4.977
464,-1.5211,2.749,0.006,-5.000,2.617,0.015,-5.006,-2.251,0.006,-5.000,-2.363,-0.007,-4.988
465,-1.5184,2.762,0.007,-5.000,2.623,0.032,-5.021,-2.238,0.007,-5.000,-2.353,0.013,-5.003
466,-1.5156,2.776,0.008,-5.000,2.632,0.047,-5.034,-2.224,0.008,-5.000,-2.343,0.027,-5.014
467,-1.5127,2.790,0.008,-5.000,2.643,0.057,-5.039,-2.210,0.008,-5.000,-2.333,0.037,-5.018
468,-1.5098,2.805,0.009,-5.000,2.655,0.060,-5.033,-2.195,0.009,-5.000,-2.324,0.042,-5.013
469,-1.5067,2.820,0.010,-5.000,2.668,0.063,-5.018,-2.180,0.010,-5.000,-2.314,0.044,-5.002
470,-1.5036,2.836,0.011,-5.000,2.681,0.064,-5.001,-2.164,0.011,-5.000,-2.303,0.046,-4.987
471,-1.5003,2.852,0.012,-5.000,2.696,0.062,-4.985,-2.148,0.012,-5.000,-2.292,0.046,-4.976
472,-1.4970,2.869,0.014,-5.000,2.709,0.056,-4.977,-2.131,0.014,-5.000,-2.280,0.043,-4.970
473,-1.4936,2.886,0.015,-5.000,2.723,0.045,-4.976,-2.114,0.015,-5.000,-2.266,0.034,-4.972
474,-1.4900,2.903,0.016,-5.000,2.737,0.029,-4.983,-2.097,0.016,-5.000,-2.250,0.019,-4.983
475,-1.4864,2.921,0.018,-5.000,2.752,0.009,-4.996,-2.079,0.018,-5.000,-2.234,0.003,-4.998
476,-1.4827,2.940,0.019,-5.000,2.764,-0.008,-5.009,-2.060,0.019,-5.000,-2.220,-0.012,-5.012
477,-1.4789,2.959,0.021,-5.000,2.777,-0.024,-5.021,-2.041,0.021,-5.000,-2.205,-0.024,-5.025
478,-1.4749,2.979,0.023,-5.000,2.789,-0.036,-5.027,-2.021,0.023,-5.000,-2.190,-0.029,-5.030
479,-1.4709,2.999,0.025,-5.000,2.800,-0.043,-5.024,-2.001,0.025,-5.000,-2.174,-0.028,-5.025
480,-1.4668,3.019,0.027,-5.000,2.812,-0.048,-5.012,-1.981,0.027,-5.000,-2.159,-0.027,-5.011
481,-1.4626,3.040,0.029,-5.000,2.825,-0.051,-4.998,-1.960,0.029,-5.000,-2.143,-0.027,-4.993
482,-1.4582,3.062,0.032,-5.000,2.841,-0.053,-4.985,-1.938,0.032,-5.000,-2.127,-0.026,-4.978
483,-1.4538,3.084,0.034,-5.000,2.855,-0.050,-4.978,-1.916,0.034,-5.000,-2.114,-0.021,-4.971
484,-1.4493,3.106,0.037,-5.000,2.875,-0.039,-4.979,-1.894,0.037,-5.000,-2.096,-0.008,-4.971
485,-1.4446,3.129,0.040,-5.000,2.892,-0.023,-4.988,-1.871,0.040,-5.000,-2.080,0.008,-4.980
486,-1.4399,3.153,0.043,-5.000,2.911,-0.004,-5.001,-1.847,0.043,-5.000,-2.062,0.028,-4.993
487,-1.4350,3.177,0.046,-5.000,2.930,0.015,-5.015,-1.823,0.046,-5.000,-2.042,0.048,-5.009
488,-1.4301,3.201,0.049,-5.000,2.953,0.031,-5.028,-1.799,0.049,-5.000,-2.024,0.063,-5.020
489,-1.4250,3.226,0.053,-5.000,2.976,0.039,-5.033,-1.774,0.053,-5.000,-2.002,0.075,-5.025
490,-1.4198,3.252,0.057,-5.000,2.997,0.044,-5.029,-1.748,0.057,-5.000,-1.985,0.080,-5.021
491,-1.4145,3.278,0.061,-5.000,3.023,0.047,-5.016,-1.722,0.061,-5.000,-1.967,0.084,-5.008
492,-1.4092,3.305,0.065,-5.000,3.047,0.051,-4.999,-1.695,0.065,-5.000,-1.947,0.086,-4.991
493,-1.4037,3.332,0.070,-5.000,3.073,0.055,-4.983,-1.668,0.070,-5.000,-1.927,0.086,-4.976
494,-1.3981,3.359,0.074,-5.000,3.097,0.055,-4.975,-1.641,0.074,-5.000,-1.905,0.083,-4.967
495,-1.3923,3.388,0.079,-5.000,3.123,0.049,-4.975,-1.612,0.079,-5.000,-1.883,0.075,-4.968
496,-1.3865,3.416,0.085,-5.000,3.146,0.041,-4.982,-1.584,0.085,-5.000,-1.860,0.062,-4.976
497,-1.3806,3.445,0.090,-5.000,3.173,0.028,-4.996,-1.555,0.090,-5.000,-1.835,0.044,-4.991
498,-1.3745,3.475,0.096,-5.000,3.196,0.016,-5.012,-1.525,0.096,-5.000,-1.808,0.026,-5.010
499,-1.3684,3.505,0.102,-5.000,3.221,0.009,-5.027,-1.495,0.102,-5.000,-1.783,0.013,-5.024
500,-1.3621,3.536,0.108,-5.000,3.243,0.007,-5.033,-1.464,0.108,-5.000,-1.755,0.006,-5.032
501,-1.3557,3.567,0.115,-5.000,3.268,0.011,-5.029,-1.433,0.115,-5.000,-1.729,0.006,-5.028
502,-1.3492,3.599,0.122,-5.000,3.291,0.017,-5.017,-1.401,0.122,-5.000,-1.700,0.008,-5.015
503,-1.3426,3.631,0.130,-5.000,3.317,0.022,-4.999,-1.369,0.130,-5.000,-1.679,0.010,-5.002
504,-1.3359,3.664,0.137,-5.000,3.339,0.028,-4.985,-1.336,0.137,-5.000,-1.651,0.014,-4.986
505,-1.3291,3.697,0.145,-5.000,3.363,0.038,-4.975,-1.303,0.145,-5.000,-1.622,0.021,-4.977
506,-1.3222,3.730,0.154,-5.000,3.390,0.056,-4.973,-1.270,0.154,-5.000,-1.596,0.035,-4.975
507,-1.3151,3.765,0.163,-5.000,3.416,0.078,-4.979,-1.235,0.163,-5.000,-1.567,0.055,-4.982
508,-1.3079,3.799,0.172,-5.000,3.444,0.108,-4.994,-1.201,0.172,-5.000,-1.539,0.078,-4.994
509,-1.3007,3.834,0.181,-5.000,3.471,0.135,-5.010,-1.166,0.181,-5.000,-1.508,0.102,-5.008
510,-1.2933,3.870,0.191,-5.000,3.501,0.161,-5.025,-1.130,0.191,-5.000,-1.479,0.121,-5.019
511,-1.2858,3.906,0.202,-5.000,3.527,0.176,-5.031,-1.094,0.202,-5.000,-1.452,0.134,-5.024
512,-1.2782,3.942,0.213,-5.000,3.559,0.187,-5.026,-1.058,0.213,-5.000,-1.421,0.145,-5.021
513,-1.2704,3.979,0.224,-5.000,3.590,0.195,-5.013,-1.021,0.224,-5.000,-1.390,0.156,-5.008
514,-1.2626,4.017,0.236,-5.000,3.624,0.204,-4.994,-0.983,0.236,-5.000,-1.361,0.167,-4.992
515,-1.2547,4.054,0.248,-5.000,3.655,0.210,-4.979,-0.946,0.248,-5.000,-1.335,0.178,-4.980
516,-1.2466,4.093,0.260,-5.000,3.683,0.212,-4.970,-0.907,0.260,-5.000,-1.305,0.187,-4.972
517,-1.2384,4.131,0.274,-5.000,3.717,0.209,-4.968,-0.869,0.274,-5.000,-1.272,0.192,-4.971
518,-1.2301,4.171,0.287,-5.000,3.749,0.199,-4.974,-0.829,0.287,-5.000,-1.237,0.191,-4.979
519,-1.2217,4.210,0.302,-5.000,3.780,0.185,-4.987,-0.790,0.302,-5.000,-1.207,0.186,-4.992
520,-1.2132,4.250,0.316,-5.000,3.812,0.170,-5.001,-0.750,0.316,-5.000,-1.169,0.179,-5.009
521,-1.2046,4.290,0.332,-5.000,3.845,0.158,-5.015,-0.710,0.332,-5.000,-1.133,0.176,-5.022
522,-1.1959,4.331,0.347,-5.000,3.876,0.154,-5.021,-0.669,0.347,-5.000,-1.093,0.179,-5.029
523,-1.1870,4.372,0.364,-5.000,3.909,0.156,-5.018,-0.628,0.364,-5.000,-1.055,0.188,-5.025
524,-1.1781,4.413,0.381,-5.000,3.940,0.161,-5.006,-0.587,0.381,-5.000,-1.019,0.197,-5.014
525,-1.1690,4.455,0.398,-5.000,3.975,0.168,-4.989,-0.545,0.398,-5.000,-0.976,0.208,-4.996
526,-1.1598,4.497,0.416,-5.000,4.007,0.176,-4.976,-0.503,0.416,-5.000,-0.937,0.219,-4.980
527,-1.1506,4.540,0.435,-5.000,4.042,0.190,-4.966,-0.460,0.435,-5.000,-0.895,0.234,-4.970
528,-1.1412,4.583,0.454,-5.000,4.083,0.212,-4.966,-0.417,0.454,-5.000,-0.857,0.255,-4.969
529,-1.1317,4.626,0.474,-5.000,4.122,0.239,-4.974,-0.374,0.474,-5.000,-0.815,0.283,-4.977
530,-1.1220,4.669,0.495,-5.000,4.168,0.274,-4.990,-0.331,0.495,-5.000,-0.777,0.313,-4.990
531,-1.1123,4.713,0.516,-5.000,4.212,0.307,-5.007,-0.287,0.516,-5.000,-0.740,0.343,-5.005
532,-1.1025,4.757,0.538,-5.000,4.262,0.341,-5.022,-0.243,0.538,-5.000,-0.700,0.373,-5.020
533,-1.0926,4.801,0.561,-5.000,4.306,0.363,-5.027,-0.199,0.561,-5.000,-0.666,0.394,-5.026
534,-1.0825,4.846,0.584,-5.000,4.359,0.384,-5.022,-0.154,0.584,-5.000,-0.626,0.414,-5.023
535,-1.0724,4.890,0.608,-5.000,4.408,0.402,-5.008,-0.110,0.608,-5.000,-0.587,0.431,-5.011
536,-1.0621,4.935,0.633,-5.000,4.461,0.420,-4.990,-0.065,0.633,-5.000,-0.549,0.447,-4.994
537,-1.0518,4.980,0.659,-5.000,4.508,0.437,-4.974,-0.020,0.659,-5.000,-0.507,0.464,-4.978
538,-1.0413,5.026,0.685,-5.000,4.552,0.450,-4.964,0.026,0.685,-5.000,-0.470,0.476,-4.969
539,-1.0307,5.071,0.712,-5.000,4.602,0.461,-4.962,0.071,0.712,-5.000,-0.427,0.483,-4.967
540,-1.0201,5.117,0.739,-5.000,4.648,0.466,-4.968,0.117,0.739,-5.000,-0.381,0.484,-4.975
541,-1.0093,5.162,0.768,-5.000,4.698,0.469,-4.981,0.162,0.768,-5.000,-0.337,0.481,-4.989
542,-0.9984,5.208,0.797,-5.000,4.743,0.472,-4.995,0.208,0.797,-5.000,-0.290,0.477,-5.008
543,-0.9874,5.254,0.827,-5.000,4.791,0.479,-5.009,0.254,0.827,-5.000,-0.246,0.477,-5.025
544,-0.9764,5.300,0.858,-5.000,4.836,0.492,-5.017,0.300,0.858,-5.000,-0.203,0.485,-5.034
545,-0.9652,5.346,0.889,-5.000,4.881,0.510,-5.015,0.346,0.889,-5.000,-0.160,0.499,-5.034
546,-0.9539,5.393,0.922,-5.000,4.926,0.531,-5.005,0.393,0.922,-5.000,-0.113,0.520,-5.023
547,-0.9425,5.439,0.955,-5.000,4.975,0.554,-4.988,0.439,0.955,-5.000,-0.071,0.541,-5.007
548,-0.9311,5.485,0.989,-5.000,5.020,0.576,-4.973,0.485,0.989,-5.000,-0.025,0.568,-4.989
549,-0.9195,5.531,1.024,-5.000,5.068,0.605,-4.963,0.531,1.024,-5.000,0.014,0.595,-4.979
550,-0.9078,5.577,1.059,-5.000,5.107,0.636,-4.962,0.577,1.059,-5.000,0.058,0.632,-4.974
551,-0.8961,5.623,1.096,-5.000,5.149,0.677,-4.969,0.623,1.096,-5.000,0.103,0.674,-4.979
552,-0.8842,5.670,1.133,-5.000,5.194,0.729,-4.985,0.670,1.133,-5.000,0.154,0.726,-4.991
553,-0.8723,5.715,1.171,-5.000,5.236,0.781,-5.004,0.715,1.171,-5.000,0.206,0.780,-5.006
554,-0.8602,5.761,1.210,-5.000,5.282,0.835,-5.024,0.761,1.210,-5.000,0.256,0.827,-5.020
555,-0.8481,5.807,1.250,-5.000,5.324,0.880,-5.036,0.807,1.250,-5.000,0.310,0.873,-5.028
556,-0.8359,5.853,1.291,-5.000,5.370,0.923,-5.038,0.853,1.291,-5.000,0.359,0.911,-5.026
557,-0.8236,5.898,1.332,-5.000,5.411,0.960,-5.028,0.898,1.332,-5.000,0.408,0.947,-5.016
558,-0.8112,5.943,1.375,-5.000,5.457,1.002,-5.012,0.943,1.375,-5.000,0.460,0.986,-4.999
559,-0.7987,5.988,1.418,-5.000,5.498,1.040,-4.998,0.988,1.418,-5.000,0.507,1.023,-4.983
560,-0.7861,6.033,1.462,-5.000,5.544,1.078,-4.987,1.033,1.462,-5.000,0.558,1.062,-4.972
561,-0.7734,6.078,1.507,-5.000,5.582,1.106,-4.984,1.078,1.507,-5.000,0.600,1.091,-4.970
562,-0.7607,6.122,1.553,-5.000,5.629,1.133,-4.990,1.122,1.553,-5.000,0.649,1.119,-4.978
563,-0.7479,6.166,1.600,-5.000,5.671,1.154,-5.002,1.166,1.600,-5.000,0.696,1.143,-4.993
564,-0.7350,6.209,1.647,-5.000,5.717,1.175,-5.017,1.209,1.647,-5.000,0.740,1.164,-5.010
565,-0.7220,6.252,1.696,-5.000,5.759,1.197,-5.030,1.252,1.696,-5.000,0.786,1.192,-5.027
566,-0.7089,6.295,1.745,-5.000,5.804,1.227,-5.038,1.295,1.745,-5.000,0.824,1.221,-5.034
567,-0.6958,6.338,1.795,-5.000,5.844,1.257,-5.037,1.338,1.795,-5.000,0.867,1.258,-5.033
568,-0.6826,6.380,1.846,-5.000,5.888,1.293,-5.026,1.380,1.846,-5.000,0.910,1.298,-5.022
569,-0.6693,6.421,1.898,-5.000,5.937,1.334,-5.008,1.421,1.898,-5.000,0.957,1.343,-5.004
570,-0.6559,6.462,1.951,-5.000,5.982,1.372,-4.991,1.462,1.951,-5.000,1.006,1.389,-4.987
571,-0.6425,6.503,2.004,-5.000,6.030,1.418,-4.980,1.503,2.004,-5.000,1.051,1.435,-4.976
572,-0.6290,6.543,2.058,-5.000,6.073,1.467,-4.978,1.543,2.058,-5.000,1.095,1.487,-4.973
573,-0.6154,6.583,2.114,-5.000,6.117,1.523,-4.984,1.583,2.114,-5.000,1.138,1.544,-4.978
574,-0.6017,6.622,2.170,-5.000,6.160,1.586,-4.998,1.622,2.170,-5.000,1.184,1.612,-4.992
575,-0.5880,6.660,2.226,-5.000,6.207,1.658,-5.017,1.660,2.226,-5.000,1.224,1.677,-5.008
576,-0.5742,6.698,2.284,-5.000,6.249,1.722,-5.033,1.698,2.284,-5.000,1.266,1.745,-5.024
577,-0.5604,6.735,2.342,-5.000,6.294,1.787,-5.043,1.735,2.342,-5.000,1.305,1.804,-5.033
578,-0.5465,6.772,2.402,-5.000,6.332,1.837,-5.043,1.772,2.402,-5.000,1.340,1.853,-5.033
579,-0.5325,6.808,2.462,-5.000,6.373,1.890,-5.032,1.808,2.462,-5.000,1.378,1.903,-5.025
580,-0.5185,6.843,2.522,-5.000,6.417,1.947,-5.014,1.843,2.522,-5.000,1.419,1.958,-5.008
581,-0.5044,6.877,2.584,-5.000,6.458,2.001,-4.996,1.877,2.584,-5.000,1.461,2.012,-4.990
582,-0.4902,6.911,2.646,-5.000,6.502,2.057,-4.981,1.911,2.646,-5.000,1.499,2.060,-4.979
583,-0.4760,6.944,2.709,-5.000,6.543,2.105,-4.975,1.944,2.709,-5.000,1.539,2.108,-4.976
584,-0.4618,6.976,2.772,-5.000,6.582,2.146,-4.978,1.976,2.772,-5.000,1.573,2.143,-4.982
585,-0.4475,7.008,2.837,-5.000,6.620,2.183,-4.988,2.008,2.837,-5.000,1.612,2.182,-4.995
586,-0.4331,7.038,2.901,-5.000,6.659,2.222,-5.004,2.038,2.901,-5.000,1.647,2.217,-5.011
587,-0.4187,7.068,2.967,-5.000,6.694,2.261,-5.019,2.068,2.967,-5.000,1.685,2.259,-5.028
588,-0.4043,7.097,3.033,-5.000,6.731,2.310,-5.030,2.097,3.033,-5.000,1.720,2.305,-5.039
589,-0.3898,7.125,3.100,-5.000,6.761,2.358,-5.032,2.125,3.100,-5.000,1.752,2.354,-5.041
590,-0.3752,7.152,3.168,-5.000,6.794,2.413,-5.026,2.152,3.168,-5.000,1.791,2.416,-5.033
591,-0.3607,7.178,3.236,-5.000,6.831,2.475,-5.011,2.178,3.236,-5.000,1.828,2.473,-5.018
592,-0.3460,7.204,3.304,-5.000,6.865,2.534,-4.995,2.204,3.304,-5.000,1.868,2.535,-5.001
593,-0.3314,7.228,3.373,-5.000,6.902,2.601,-4.982,2.228,3.373,-5.000,1.904,2.595,-4.988
594,-0.3167,7.251,3.443,-5.000,6.937,2.669,-4.977,2.251,3.443,-5.000,1.942,2.666,-4.983
595,-0.3020,7.274,3.513,-5.000,6.975,2.750,-4.979,2.274,3.513,-5.000,1.977,2.738,-4.986
596,-0.2872,7.295,3.584,-5.000,7.009,2.831,-4.989,2.295,3.584,-5.000,2.011,2.817,-4.996
597,-0.2724,7.316,3.655,-5.000,7.045,2.922,-5.006,2.316,3.655,-5.000,2.046,2.905,-5.011
598,-0.2576,7.335,3.726,-5.000,7.077,3.006,-5.021,2.335,3.726,-5.000,2.080,2.992,-5.025
599,-0.2427,7.353,3.798,-5.000,7.111,3.090,-5.032,2.353,3.798,-5.000,2.109,3.067,-5.034
600,-0.2279,7.371,3.870,-5.000,7.137,3.155,-5.032,2.371,3.870,-5.000,2.134,3.132,-5.035
601,-0.2130,7.387,3.943,-5.000,7.167,3.229,-5.021,2.387,3.943,-5.000,2.163,3.206,-5.024
602,-0.1981,7.402,4.016,-5.000,7.193,3.296,-5.004,2.402,4.016,-5.000,2.191,3.280,-5.007
603,-0.1831,7.416,4.089,-5.000,7.219,3.369,-4.985,2.416,4.089,-5.000,2.216,3.349,-4.990
604,-0.1682,7.429,4.163,-5.000,7.241,3.435,-4.972,2.429,4.163,-5.000,2.242,3.422,-4.977
605,-0.1532,7.441,4.237,-5.000,7.265,3.501,-4.968,2.441,4.237,-5.000,2.264,3.484,-4.973
606,-0.1383,7.452,4.311,-5.000,7.283,3.552,-4.972,2.452,4.311,-5.000,2.284,3.537,-4.976
607,-0.1233,7.462,4.385,-5.000,7.302,3.603,-4.984,2.462,4.385,-5.000,2.307,3.593,-4.988
608,-0.1083,7.471,4.460,-5.000,7.320,3.658,-5.002,2.471,4.460,-5.000,2.328,3.642,-5.003
609,-0.0933,7.478,4.534,-5.000,7.335,3.710,-5.018,2.478,4.534,-5.000,2.348,3.698,-5.019
610,-0.0783,7.485,4.609,-5.000,7.350,3.774,-5.032,2.485,4.609,-5.000,2.365,3.756,-5.029
611,-0.0633,7.490,4.684,-5.000,7.364,3.839,-5.035,2.490,4.684,-5.000,2.380,3.821,-5.030
612,-0.0483,7.494,4.759,-5.000,7.379,3.913,-5.027,2.494,4.759,-5.000,2.397,3.895,-5.020
613,-0.0333,7.497,4.834,-5.000,7.390,3.970,-5.015,2.497,4.834,-5.000,2.409,3.953,-5.006
614,-0.0183,7.499,4.909,-5.000,7.397,4.010,-5.006,2.499,4.909,-5.000,2.417,3.994,-4.995
615,-0.0033,7.500,4.984,-5.000,7.410,4.084,-4.990,2.500,4.984,-5.000,2.432,4.071,-4.977
616,0.0117,7.500,5.059,-5.000,7.421,4.156,-4.982,2.500,5.059,-5.000,2.443,4.148,-4.965
617,0.0267,7.498,5.134,-5.000,7.431,4.234,-4.982,2.498,5.134,-5.000,2.455,4.238,-4.963
618,0.0417,7.496,5.208,-5.000,7.442,4.318,-4.990,2.496,5.208,-5.000,2.464,4.329,-4.971
619,0.0567,7.492,5.283,-5.000,7.453,4.416,-5.007,2.492,5.283,-5.000,2.471,4.423,-4.986
620,0.0717,7.487,5.358,-5.000,7.464,4.509,-5.025,2.487,5.358,-5.000,2.477,4.518,-5.003
621,0.0867,7.481,5.433,-5.000,7.474,4.606,-5.043,2.481,5.433,-5.000,2.483,4.618,-5.021
622,0.1017,7.474,5.508,-5.000,7.484,4.689,-5.052,2.474,5.508,-5.000,2.488,4.712,-5.031
623,0.1167,7.466,5.582,-5.000,7.493,4.772,-5.050,2.466,5.582,-5.000,2.491,4.779,-5.030
624,0.1317,7.457,5.657,-5.000,7.501,4.848,-5.038,2.457,5.657,-5.000,2.494,4.864,-5.020
625,0.1467,7.446,5.731,-5.000,7.507,4.918,-5.023,2.446,5.731,-5.000,2.496,4.948,-5.003
626,0.1617,7.435,5.805,-5.000,7.513,5.001,-5.005,2.435,5.805,-5.000,2.497,5.025,-4.987
627,0.1767,7.422,5.879,-5.000,7.517,5.074,-4.993,2.422,5.879,-5.000,2.497,5.100,-4.976
628,0.1917,7.408,5.953,-5.000,7.518,5.149,-4.990,2.408,5.953,-5.000,2.496,5.175,-4.971
629,0.2067,7.394,6.026,-5.000,7.516,5.212,-4.996,2.394,6.026,-5.000,2.492,5.237,-4.977
630,0.2217,7.378,6.099,-5.000,7.512,5.276,-5.010,2.378,6.099,-5.000,2.486,5.298,-4.991
631,0.2367,7.361,6.172,-5.000,7.505,5.335,-5.025,2.361,6.172,-5.000,2.479,5.351,-5.007
632,0.2517,7.342,6.245,-5.000,7.495,5.397,-5.039,2.342,6.245,-5.000,2.471,5.407,-5.023
633,0.2667,7.323,6.318,-5.000,7.484,5.464,-5.046,2.323,6.318,-5.000,2.461,5.469,-5.032
634,0.2817,7.303,6.390,-5.000,7.469,5.542,-5.043,2.303,6.390,-5.000,2.448,5.543,-5.030
635,0.2967,7.282,6.462,-5.000,7.455,5.616,-5.031,2.282,6.462,-5.000,2.435,5.613,-5.018
636,0.3117,7.259,6.533,-5.000,7.439,5.696,-5.010,2.259,6.533,-5.000,2.419,5.689,-5.000
637,0.3267,7.236,6.605,-5.000,7.424,5.763,-4.993,2.236,6.605,-5.000,2.405,5.754,-4.984
638,0.3417,7.211,6.675,-5.000,7.408,5.837,-4.980,2.211,6.675,-5.000,2.388,5.834,-4.972
639,0.3567,7.185,6.746,-5.000,7.391,5.923,-4.975,2.185,6.746,-5.000,2.372,5.913,-4.969
640,0.3717,7.159,6.816,-5.000,7.374,6.008,-4.981,2.159,6.816,-5.000,2.355,6.005,-4.976
641,0.3867,7.131,6.886,-5.000,7.356,6.105,-4.995,2.131,6.886,-5.000,2.338,6.093,-4.989
642,0.4017,7.102,6.955,-5.000,7.340,6.197,-5.012,2.102,6.955,-5.000,2.321,6.182,-5.004
643,0.4167,7.072,7.024,-5.000,7.321,6.294,-5.029,2.072,7.024,-5.000,2.303,6.277,-5.017
644,0.4317,7.041,7.092,-5.000,7.304,6.370,-5.039,2.041,7.092,-5.000,2.286,6.359,-5.025
645,0.4467,7.009,7.160,-5.000,7.282,6.451,-5.039,2.009,7.160,-5.000,2.268,6.437,-5.024
646,0.4617,6.976,7.227,-5.000,7.262,6.522,-5.029,1.976,7.227,-5.000,2.249,6.511,-5.014
647,0.4767,6.943,7.294,-5.000,7.239,6.600,-5.010,1.943,7.294,-5.000,2.227,6.589,-4.999
648,0.4917,6.908,7.361,-5.000,7.219,6.665,-4.993,1.908,7.361,-5.000,2.207,6.654,-4.986
649,0.5067,6.872,7.426,-5.000,7.196,6.734,-4.980,1.872,7.426,-5.000,2.184,6.723,-4.975
650,0.5217,6.835,7.492,-5.000,7.169,6.802,-4.974,1.835,7.492,-5.000,2.157,6.792,-4.971
651,0.5367,6.797,7.557,-5.000,7.141,6.858,-4.977,1.797,7.557,-5.000,2.129,6.854,-4.977
652,0.5517,6.758,7.621,-5.000,7.109,6.912,-4.988,1.758,7.621,-5.000,2.102,6.905,-4.991
653,0.5667,6.718,7.684,-5.000,7.076,6.960,-5.001,1.718,7.684,-5.000,2.071,6.956,-5.010
654,0.5817,6.678,7.747,-5.000,7.039,7.013,-5.013,1.678,7.747,-5.000,2.042,7.006,-5.028
655,0.5967,6.636,7.810,-5.000,7.003,7.067,-5.020,1.636,7.810,-5.000,2.009,7.065,-5.041
656,0.6117,6.593,7.871,-5.000,6.964,7.131,-5.020,1.593,7.871,-5.000,1.978,7.128,-5.040
657,0.6267,6.550,7.932,-5.000,6.928,7.193,-5.010,1.550,7.932,-5.000,1.943,7.199,-5.028
658,0.6417,6.505,7.993,-5.000,6.892,7.255,-4.995,1.505,7.993,-5.000,1.914,7.258,-5.012
659,0.6567,6.460,8.053,-5.000,6.857,7.318,-4.980,1.460,8.053,-5.000,1.878,7.326,-4.992
660,0.6717,6.414,8.112,-5.000,6.819,7.389,-4.968,1.414,8.112,-5.000,1.845,7.392,-4.979
661,0.6867,6.367,8.170,-5.000,6.784,7.459,-4.966,1.367,8.170,-5.000,1.809,7.468,-4.974
662,0.7017,6.319,8.228,-5.000,6.745,7.541,-4.973,1.319,8.228,-5.000,1.775,7.544,-4.978
663,0.7167,6.270,8.285,-5.000,6.709,7.621,-4.986,1.270,8.285,-5.000,1.745,7.618,-4.988
664,0.7317,6.220,8.341,-5.000,6.669,7.710,-5.006,1.220,8.341,-5.000,1.707,7.713,-5.004
665,0.7467,6.170,8.396,-5.000,6.631,7.790,-5.023,1.170,8.396,-5.000,1.675,7.786,-5.016
666,0.7617,6.118,8.451,-5.000,6.596,7.856,-5.034,1.118,8.451,-5.000,1.637,7.860,-5.025
667,0.7767,6.066,8.505,-5.000,6.552,7.925,-5.037,1.066,8.505,-5.000,1.595,7.933,-5.027
668,0.7917,6.013,8.558,-5.000,6.512,7.983,-5.028,1.013,8.558,-5.000,1.551,8.002,-5.019
669,0.8067,5.959,8.610,-5.000,6.467,8.045,-5.011,0.959,8.610,-5.000,1.509,8.064,-5.005
670,0.8217,5.905,8.662,-5.000,6.426,8.101,-4.994,0.905,8.662,-5.000,1.462,8.130,-4.991
671,0.8367,5.850,8.712,-5.000,6.383,8.153,-4.981,0.850,8.712,-5.000,1.421,8.181,-4.982
672,0.8517,5.794,8.762,-5.000,6.340,8.200,-4.975,0.794,8.762,-5.000,1.371,8.235,-4.980
673,0.8667,5.737,8.811,-5.000,6.292,8.243,-4.979,0.737,8.811,-5.000,1.324,8.277,-4.985
674,0.8817,5.679,8.859,-5.000,6.246,8.276,-4.990,0.679,8.859,-5.000,1.270,8.315,-4.998
675,0.8967,5.621,8.906,-5.000,6.202,8.305,-5.004,0.621,8.906,-5.000,1.224,8.343,-5.012
676,0.9117,5.562,8.953,-5.000,6.152,8.339,-5.020,0.562,8.953,-5.000,1.170,8.376,-5.028
677,0.9267,5.502,8.998,-5.000,6.098,8.380,-5.032,0.502,8.998,-5.000,1.117,8.413,-5.038
678,0.9417,5.442,9.043,-5.000,6.048,8.423,-5.035,0.442,9.043,-5.000,1.062,8.456,-5.040
679,0.9567,5.381,9.086,-5.000,5.994,8.474,-5.026,0.381,9.086,-5.000,1.003,8.505,-5.028
680,0.9717,5.319,9.129,-5.000,5.943,8.522,-5.011,0.319,9.129,-5.000,0.947,8.551,-5.011
681,0.9867,5.257,9.171,-5.000,5.887,8.574,-4.992,0.257,9.171,-5.000,0.885,8.601,-4.991
682,1.0017,5.194,9.212,-5.000,5.834,8.625,-4.978,0.194,9.212,-5.000,0.828,8.648,-4.977
683,1.0167,5.131,9.252,-5.000,5.777,8.685,-4.971,0.131,9.252,-5.000,0.766,8.706,-4.971
684,1.0317,5.067,9.291,-5.000,5.728,8.741,-4.973,0.067,9.291,-5.000,0.708,8.765,-4.973
685,1.0467,5.002,9.329,-5.000,5.671,8.812,-4.983,0.002,9.329,-5.000,0.651,8.829,-4.982
686,1.0617,4.937,9.366,-5.000,5.617,8.879,-4.999,-0.063,9.366,-5.000,0.593,8.894,-4.995
687,1.0767,4.871,9.402,-5.000,5.559,8.949,-5.017,-0.129,9.402,-5.000,0.528,8.962,-5.009
688,1.0917,4.805,9.437,-5.000,5.505,9.007,-5.028,-0.195,9.437,-5.000,0.468,9.018,-5.019
689,1.1067,4.738,9.471,-5.000,5.445,9.061,-5.030,-0.262,9.471,-5.000,0.408,9.067,-5.020
690,1.1217,4.671,9.504,-5.000,5.394,9.103,-5.022,-0.329,9.504,-5.000,0.346,9.112,-5.013
691,1.1367,4.603,9.536,-5.000,5.336,9.148,-5.005,-0.397,9.536,-5.000,0.280,9.158,-4.998
692,1.1517,4.535,9.567,-5.000,5.273,9.196,-4.986,-0.465,9.567,-5.000,0.219,9.201,-4.981
693,1.1667,4.466,9.597,-5.000,5.213,9.237,-4.972,-0.534,9.597,-5.000,0.155,9.243,-4.966
694,1.1817,4.397,9.626,-5.000,5.146,9.273,-4.964,-0.603,9.626,-5.000,0.095,9.275,-4.960
695,1.1967,4.327,9.654,-5.000,5.088,9.297,-4.966,-0.673,9.654,-5.000,0.040,9.299,-4.963
696,1.2117,4.257,9.681,-5.000,5.018,9.319,-4.977,-0.743,9.681,-5.000,-0.026,9.319,-4.974
697,1.2267,4.187,9.707,-5.000,4.951,9.335,-4.992,-0.813,9.707,-5.000,-0.094,9.334,-4.993
698,1.2417,4.116,9.732,-5.000,4.878,9.354,-5.010,-0.884,9.732,-5.000,-0.158,9.348,-5.012
699,1.2567,4.045,9.755,-5.000,4.811,9.375,-5.022,-0.955,9.755,-5.000,-0.224,9.366,-5.026
700,1.2717,3.973,9.778,-5.000,4.737,9.404,-5.027,-1.027,9.778,-5.000,-0.289,9.390,-5.031
701,1.2867,3.901,9.800,-5.000,4.668,9.434,-5.020,-1.099,9.800,-5.000,-0.355,9.419,-5.025
702,1.3017,3.829,9.820,-5.000,4.604,9.461,-5.008,-1.171,9.820,-5.000,-0.426,9.450,-5.009
703,1.3167,3.757,9.839,-5.000,4.529,9.492,-4.989,-1.243,9.839,-5.000,-0.492,9.479,-4.991
704,1.3317,3.684,9.858,-5.000,4.459,9.521,-4.975,-1.316,9.858,-5.000,-0.560,9.510,-4.977
705,1.3467,3.611,9.875,-5.000,4.383,9.556,-4.968,-1.389,9.875,-5.000,-0.635,9.549,-4.968
706,1.3617,3.538,9.891,-5.000,4.313,9.593,-4.970,-1.462,9.891,-5.000,-0.711,9.594,-4.970
707,1.3767,3.464,9.906,-5.000,4.237,9.640,-4.982,-1.536,9.906,-5.000,-0.781,9.639,-4.979
708,1.3917,3.391,9.920,-5.000,4.167,9.686,-4.999,-1.609,9.920,-5.000,-0.851,9.686,-4.994
709,1.4067,3.317,9.933,-5.000,4.097,9.730,-5.018,-1.683,9.933,-5.000,-0.921,9.731,-5.009
710,1.4217,3.243,9.945,-5.000,4.028,9.767,-5.032,-1.757,9.945,-5.000,-0.991,9.771,-5.021
711,1.4367,3.168,9.955,-5.000,3.952,9.798,-5.037,-1.832,9.955,-5.000,-1.061,9.804,-5.026
712,1.4517,3.094,9.965,-5.000,3.889,9.820,-5.031,-1.906,9.965,-5.000,-1.131,9.830,-5.021
713,1.4667,3.020,9.973,-5.000,3.820,9.841,-5.016,-1.980,9.973,-5.000,-1.201,9.852,-5.008
714,1.4817,2.945,9.980,-5.000,3.745,9.864,-4.995,-2.055,9.980,-5.000,-1.275,9.874,-4.990
715,1.4967,2.870,9.986,-5.000,3.676,9.881,-4.979,-2.130,9.986,-5.000,-1.342,9.891,-4.976
716,1.5117,2.795,9.991,-5.000,3.600,9.893,-4.968,-2.205,9.991,-5.000,-1.413,9.903,-4.967
717,1.5267,2.720,9.995,-5.000,3.524,9.897,-4.968,-2.280,9.995,-5.000,-1.485,9.907,-4.969
718,1.5417,2.645,9.998,-5.000,3.454,9.895,-4.976,-2.355,9.998,-5.000,-1.551,9.903,-4.978
719,1.5567,2.570,10.000,-5.000,3.383,9.888,-4.991,-2.430,10.000,-5.000,-1.623,9.895,-4.994
720,1.5717,2.495,10.000,-5.000,3.305,9.880,-5.009,-2.505,10.000,-5.000,-1.690,9.889,-5.011
721,1.5867,2.420,9.999,-5.000,3.232,9.875,-5.023,-2.580,9.999,-5.000,-1.756,9.887,-5.024
722,1.6017,2.345,9.998,-5.000,3.159,9.875,-5.029,-2.655,9.998,-5.000,-1.822,9.892,-5.030
723,1.6167,2.271,9.995,-5.000,3.087,9.879,-5.026,-2.729,9.995,-5.000,-1.894,9.901,-5.024
724,1.6317,2.196,9.991,-5.000,3.008,9.882,-5.012,-2.804,9.991,-5.000,-1.961,9.909,-5.010
725,1.6467,2.121,9.986,-5.000,2.941,9.885,-4.997,-2.879,9.986,-5.000,-2.024,9.916,-4.995
726,1.6617,2.046,9.979,-5.000,2.867,9.889,-4.981,-2.954,9.979,-5.000,-2.093,9.923,-4.980
727,1.6767,1.971,9.972,-5.000,2.788,9.898,-4.972,-3.029,9.972,-5.000,-2.171,9.934,-4.971
728,1.6917,1.897,9.963,-5.000,2.714,9.911,-4.971,-3.103,9.963,-5.000,-2.243,9.949,-4.972
729,1.7067,1.823,9.954,-5.000,2.633,9.932,-4.979,-3.177,9.954,-5.000,-2.322,9.970,-4.983
730,1.7217,1.748,9.943,-5.000,2.559,9.955,-4.993,-3.252,9.943,-5.000,-2.402,9.993,-4.999
731,1.7367,1.674,9.931,-5.000,2.480,9.980,-5.010,-3.326,9.931,-5.000,-2.475,10.012,-5.015
732,1.7517,1.600,9.918,-5.000,2.407,9.998,-5.023,-3.400,9.918,-5.000,-2.556,10.026,-5.028
733,1.7667,1.527,9.904,-5.000,2.336,10.008,-5.029,-3.473,9.904,-5.000,-2.631,10.032,-5.032
734,1.7817,1.453,9.889,-5.000,2.260,10.012,-5.024,-3.547,9.889,-5.000,-2.707,10.032,-5.027
735,1.7967,1.380,9.873,-5.000,2.190,10.013,-5.011,-3.620,9.873,-5.000,-2.791,10.028,-5.012
736,1.8117,1.307,9.856,-5.000,2.119,10.012,-4.994,-3.693,9.856,-5.000,-2.870,10.024,-4.995
737,1.8267,1.234,9.837,-5.000,2.049,10.009,-4.978,-3.766,9.837,-5.000,-2.949,10.016,-4.980
738,1.8417,1.162,9.818,-5.000,1.972,9.998,-4.968,-3.838,9.818,-5.000,-3.034,10.003,-4.970
739,1.8567,1.090,9.797,-5.000,1.900,9.980,-4.968,-3.910,9.797,-5.000,-3.111,9.984,-4.969
740,1.8717,1.018,9.775,-5.000,1.820,9.952,-4.976,-3.982,9.775,-5.000,-3.189,9.958,-4.977
741,1.8867,0.947,9.753,-5.000,1.752,9.923,-4.989,-4.053,9.753,-5.000,-3.266,9.927,-4.991
742,1.9017,0.875,9.729,-5.000,1.678,9.890,-5.004,-4.125,9.729,-5.000,-3.344,9.893,-5.007
743,1.9167,0.805,9.704,-5.000,1.598,9.857,-5.020,-4.195,9.704,-5.000,-3.421,9.863,-5.022
744,1.9317,0.734,9.678,-5.000,1.524,9.832,-5.027,-4.266,9.678,-5.000,-3.502,9.836,-5.030
745,1.9467,0.664,9.651,-5.000,1.444,9.810,-5.024,-4.336,9.651,-5.000,-3.581,9.815,-5.026
746,1.9617,0.595,9.623,-5.000,1.378,9.793,-5.013,-4.405,9.623,-5.000,-3.646,9.798,-5.015
747,1.9767,0.526,9.594,-5.000,1.294,9.769,-4.993,-4.474,9.594,-5.000,-3.716,9.778,-4.998
748,1.9917,0.457,9.564,-5.000,1.228,9.751,-4.979,-4.543,9.564,-5.000,-3.791,9.756,-4.981
749,2.0067,0.389,9.532,-5.000,1.150,9.731,-4.968,-4.611,9.532,-5.000,-3.860,9.738,-4.971
750,2.0217,0.321,9.500,-5.000,1.079,9.718,-4.968,-4.679,9.500,-5.000,-3.933,9.725,-4.971
751,2.0367,0.254,9.467,-5.000,1.004,9.710,-4.977,-4.746,9.467,-5.000,-4.007,9.717,-4.981
752,2.0517,0.187,9.433,-5.000,0.936,9.707,-4.992,-4.813,9.433,-5.000,-4.075,9.711,-4.996
753,2.0667,0.121,9.398,-5.000,0.863,9.703,-5.012,-4.879,9.398,-5.000,-4.143,9.705,-5.012
754,2.0817,0.055,9.362,-5.000,0.796,9.694,-5.028,-4.945,9.362,-5.000,-4.211,9.695,-5.027
755,2.0967,-0.010,9.324,-5.000,0.736,9.680,-5.036,-5.010,9.324,-5.000,-4.280,9.678,-5.033
756,2.1117,-0.075,9.286,-5.000,0.667,9.655,-5.033,-5.075,9.286,-5.000,-4.356,9.654,-5.029
757,2.1267,-0.139,9.247,-5.000,0.603,9.630,-5.020,-5.139,9.247,-5.000,-4.426,9.630,-5.016
758,2.1417,-0.202,9.207,-5.000,0.535,9.602,-5.002,-5.202,9.207,-5.000,-4.495,9.605,-4.998
759,2.1567,-0.265,9.166,-5.000,0.471,9.574,-4.986,-5.265,9.166,-5.000,-4.568,9.575,-4.980
760,2.1717,-0.327,9.124,-5.000,0.402,9.539,-4.975,-5.327,9.124,-5.000,-4.639,9.540,-4.969
761,2.1867,-0.388,9.081,-5.000,0.338,9.500,-4.973,-5.388,9.081,-5.000,-4.702,9.501,-4.967
762,2.2017,-0.449,9.037,-5.000,0.269,9.450,-4.982,-5.449,9.037,-5.000,-4.763,9.454,-4.974
763,2.2167,-0.510,8.993,-5.000,0.210,9.404,-4.995,-5.510,8.993,-5.000,-4.824,9.403,-4.987
764,2.2317,-0.569,8.947,-5.000,0.140,9.348,-5.014,-5.569,8.947,-5.000,-4.890,9.345,-5.006
765,2.2467,-0.628,8.901,-5.000,0.075,9.298,-5.028,-5.628,8.901,-5.000,-4.950,9.293,-5.021
766,2.2617,-0.686,8.853,-5.000,0.004,9.250,-5.036,-5.686,8.853,-5.000,-5.005,9.251,-5.028
767,2.2767,-0.744,8.805,-5.000,-0.057,9.213,-5.033,-5.744,8.805,-5.000,-5.064,9.210,-5.026
768,2.2917,-0.800,8.756,-5.000,-0.122,9.175,-5.021,-5.800,8.756,-5.000,-5.127,9.168,-5.013
769,2.3067,-0.856,8.706,-5.000,-0.192,9.133,-5.002,-5.856,8.706,-5.000,-5.185,9.129,-4.995
770,2.3217,-0.912,8.655,-5.000,-0.255,9.094,-4.986,-5.912,8.655,-5.000,-5.249,9.087,-4.977
771,2.3367,-0.966,8.604,-5.000,-0.322,9.053,-4.974,-5.966,8.604,-5.000,-5.307,9.052,-4.966
772,2.3517,-1.020,8.551,-5.000,-0.383,9.020,-4.972,-6.020,8.551,-5.000,-5.370,9.019,-4.964
773,2.3667,-1.072,8.498,-5.000,-0.448,8.989,-4.979,-6.072,8.498,-5.000,-5.432,8.993,-4.972
774,2.3817,-1.125,8.444,-5.000,-0.506,8.964,-4.993,-6.125,8.444,-5.000,-5.489,8.971,-4.987
775,2.3967,-1.176,8.389,-5.000,-0.567,8.936,-5.011,-6.176,8.389,-5.000,-5.546,8.950,-5.004
776,2.4117,-1.226,8.334,-5.000,-0.618,8.909,-5.025,-6.226,8.334,-5.000,-5.602,8.924,-5.019
777,2.4267,-1.276,8.278,-5.000,-0.677,8.868,-5.034,-6.276,8.278,-5.000,-5.663,8.889,-5.029
778,2.4417,-1.325,8.221,-5.000,-0.731,8.825,-5.032,-6.325,8.221,-5.000,-5.720,8.849,-5.028
779,2.4567,-1.372,8.163,-5.000,-0.790,8.775,-5.018,-6.372,8.163,-5.000,-5.778,8.806,-5.018
780,2.4717,-1.419,8.104,-5.000,-0.844,8.728,-5.000,-6.419,8.104,-5.000,-5.840,8.758,-5.002
781,2.4867,-1.466,8.045,-5.000,-0.902,8.675,-4.982,-6.466,8.045,-5.000,-5.896,8.712,-4.987
782,2.5017,-1.511,7.986,-5.000,-0.956,8.622,-4.971,-6.511,7.986,-5.000,-5.957,8.657,-4.976
783,2.5167,-1.555,7.925,-5.000,-1.005,8.568,-4.969,-6.555,7.925,-5.000,-6.008,8.603,-4.975
784,2.5317,-1.599,7.864,-5.000,-1.063,8.498,-4.975,-6.599,7.864,-5.000,-6.068,8.531,-4.982
785,2.5467,-1.641,7.802,-5.000,-1.116,8.428,-4.987,-6.641,7.802,-5.000,-6.123,8.457,-4.995
786,2.5617,-1.683,7.740,-5.000,-1.172,8.351,-5.004,-6.683,7.740,-5.000,-6.176,8.380,-5.010
787,2.5767,-1.723,7.677,-5.000,-1.224,8.282,-5.019,-6.723,7.677,-5.000,-6.232,8.298,-5.025
788,2.5917,-1.763,7.613,-5.000,-1.279,8.212,-5.028,-6.763,7.613,-5.000,-6.285,8.222,-5.033
789,2.6067,-1.802,7.549,-5.000,-1.324,8.159,-5.027,-6.802,7.549,-5.000,-6.330,8.163,-5.030
790,2.6217,-1.839,7.484,-5.000,-1.377,8.098,-5.014,-6.839,7.484,-5.000,-6.382,8.096,-5.017
791,2.6367,-1.876,7.419,-5.000,-1.423,8.041,-4.997,-6.876,7.419,-5.000,-6.430,8.034,-4.999
792,2.6517,-1.912,7.353,-5.000,-1.472,7.979,-4.978,-6.912,7.353,-5.000,-6.480,7.966,-4.980
793,2.6667,-1.947,7.286,-5.000,-1.516,7.923,-4.967,-6.947,7.286,-5.000,-6.526,7.907,-4.969
794,2.6817,-1.981,7.219,-5.000,-1.563,7.867,-4.965,-6.981,7.219,-5.000,-6.567,7.857,-4.966
795,2.6967,-2.013,7.152,-5.000,-1.602,7.825,-4.972,-7.013,7.152,-5.000,-6.610,7.809,-4.971
796,2.7117,-2.045,7.084,-5.000,-1.644,7.783,-4.987,-7.045,7.084,-5.000,-6.654,7.761,-4.983
797,2.7267,-2.076,7.015,-5.000,-1.688,7.739,-5.009,-7.076,7.015,-5.000,-6.697,7.715,-5.000
798,2.7417,-2.106,6.947,-5.000,-1.728,7.695,-5.028,-7.106,6.947,-5.000,-6.736,7.669,-5.014
799,2.7567,-2.134,6.877,-5.000,-1.769,7.639,-5.040,-7.134,6.877,-5.000,-6.772,7.618,-5.023
800,2.7717,-2.162,6.808,-5.000,-1.807,7.578,-5.041,-7.162,6.808,-5.000,-6.810,7.556,-5.023
801,2.7867,-2.188,6.737,-5.000,-1.845,7.509,-5.028,-7.188,6.737,-5.000,-6.846,7.491,-5.011
802,2.8017,-2.214,6.667,-5.000,-1.879,7.445,-5.010,-7.214,6.667,-5.000,-6.877,7.432,-4.993
803,2.8167,-2.238,6.596,-5.000,-1.914,7.376,-4.989,-7.238,6.596,-5.000,-6.911,7.366,-4.975
804,2.8317,-2.262,6.525,-5.000,-1.945,7.308,-4.976,-7.262,6.525,-5.000,-6.943,7.302,-4.963
805,2.8467,-2.284,6.453,-5.000,-1.975,7.236,-4.970,-7.284,6.453,-5.000,-6.973,7.232,-4.959
806,2.8617,-2.305,6.381,-5.000,-2.006,7.157,-4.975,-7.305,6.381,-5.000,-7.003,7.154,-4.964
807,2.8767,-2.326,6.309,-5.000,-2.038,7.065,-4.987,-7.326,6.309,-5.000,-7.033,7.071,-4.976
808,2.8917,-2.345,6.236,-5.000,-2.067,6.978,-5.003,-7.345,6.236,-5.000,-7.064,6.978,-4.992
809,2.9067,-2.363,6.164,-5.000,-2.093,6.900,-5.017,-7.363,6.164,-5.000,-7.089,6.902,-5.006
810,2.9217,-2.380,6.091,-5.000,-2.121,6.815,-5.027,-7.380,6.091,-5.000,-7.117,6.818,-5.017
811,2.9367,-2.395,6.017,-5.000,-2.145,6.743,-5.027,-7.395,6.017,-5.000,-7.143,6.746,-5.019
812,2.9517,-2.410,5.944,-5.000,-2.168,6.668,-5.015,-7.410,5.944,-5.000,-7.168,6.676,-5.010
813,2.9667,-2.424,5.870,-5.000,-2.189,6.600,-4.997,-7.424,5.870,-5.000,-7.194,6.601,-4.993
814,2.9817,-2.436,5.796,-5.000,-2.212,6.526,-4.978,-7.436,5.796,-5.000,-7.220,6.525,-4.977
815,2.9967,-2.448,5.722,-5.000,-2.233,6.461,-4.964,-7.448,5.722,-5.000,-7.243,6.460,-4.966
816,3.0117,-2.458,5.648,-5.000,-2.255,6.395,-4.959,-7.458,5.648,-5.000,-7.266,6.394,-4.964
817,3.0267,-2.467,5.573,-5.000,-2.275,6.340,-4.964,-7.467,5.573,-5.000,-7.284,6.339,-4.971
818,3.0417,-2.475,5.499,-5.000,-2.293,6.290,-4.976,-7.475,5.499,-5.000,-7.301,6.288,-4.984
819,3.0567,-2.482,5.424,-5.000,-2.310,6.242,-4.993,-7.482,5.424,-5.000,-7.316,6.237,-4.999
820,3.0717,-2.488,5.349,-5.000,-2.327,6.187,-5.011,-7.488,5.349,-5.000,-7.330,6.180,-5.015
821,3.0867,-2.492,5.274,-5.000,-2.340,6.135,-5.021,-7.492,5.274,-5.000,-7.341,6.126,-5.023
822,3.1017,-2.496,5.199,-5.000,-2.352,6.070,-5.023,-7.496,5.199,-5.000,-7.352,6.060,-5.024
823,3.1167,-2.498,5.124,-5.000,-2.365,5.996,-5.012,-7.498,5.124,-5.000,-7.364,5.984,-5.014
824,3.1317,-2.500,5.049,-5.000,-2.376,5.928,-4.994,-7.500,5.049,-5.000,-7.375,5.913,-4.999
825,3.1467,-2.500,4.974,-5.000,-2.388,5.853,-4.974,-7.500,4.974,-5.000,-7.387,5.836,-4.981
826,3.1617,-2.499,4.899,-5.000,-2.399,5.781,-4.960,-7.499,4.899,-5.000,-7.398,5.764,-4.970
827,3.1767,-2.497,4.824,-5.000,-2.410,5.695,-4.954,-7.497,4.824,-5.000,-7.410,5.679,-4.967
828,3.1917,-2.494,4.750,-5.000,-2.420,5.609,-4.958,-7.494,4.750,-5.000,-7.421,5.594,-4.974
829,3.2067,-2.489,4.675,-5.000,-2.431,5.508,-4.971,-7.489,4.675,-5.000,-7.430,5.503,-4.987
830,3.2217,-2.484,4.600,-5.000,-2.441,5.412,-4.987,-7.484,4.600,-5.000,-7.439,5.401,-5.005
831,3.2367,-2.477,4.525,-5.000,-2.451,5.311,-5.005,-7.477,4.525,-5.000,-7.448,5.310,-5.021
832,3.2517,-2.470,4.451,-5.000,-2.458,5.230,-5.016,-7.470,4.451,-5.000,-7.456,5.223,-5.032
833,3.2667,-2.461,4.376,-5.000,-2.465,5.142,-5.019,-7.461,4.376,-5.000,-7.464,5.143,-5.034
834,3.2817,-2.451,4.302,-5.000,-2.471,5.065,-5.011,-7.451,4.302,-5.000,-7.471,5.060,-5.025
835,3.2967,-2.440,4.228,-5.000,-2.476,4.983,-4.993,-7.440,4.228,-5.000,-7.476,4.990,-5.010
836,3.3117,-2.428,4.154,-5.000,-2.479,4.914,-4.977,-7.428,4.154,-5.000,-7.480,4.915,-4.993
837,3.3267,-2.415,4.080,-5.000,-2.482,4.841,-4.963,-7.415,4.080,-5.000,-7.481,4.837,-4.978
838,3.3417,-2.400,4.006,-5.000,-2.483,4.769,-4.957,-7.400,4.006,-5.000,-7.481,4.765,-4.972
839,3.3567,-2.385,3.933,-5.000,-2.481,4.710,-4.961,-7.385,3.933,-5.000,-7.479,4.705,-4.975
840,3.3717,-2.368,3.860,-5.000,-2.477,4.652,-4.974,-7.368,3.860,-5.000,-7.476,4.651,-4.986
841,3.3867,-2.351,3.787,-5.000,-2.470,4.603,-4.991,-7.351,3.787,-5.000,-7.471,4.596,-5.002
842,3.4017,-2.332,3.714,-5.000,-2.461,4.553,-5.010,-7.332,3.714,-5.000,-7.466,4.547,-5.016
843,3.4167,-2.312,3.642,-5.000,-2.449,4.493,-5.025,-7.312,3.642,-5.000,-7.456,4.479,-5.026
844,3.4317,-2.291,3.570,-5.000,-2.435,4.424,-5.029,-7.291,3.570,-5.000,-7.446,4.414,-5.025
845,3.4467,-2.269,3.498,-5.000,-2.423,4.361,-5.023,-7.269,3.498,-5.000,-7.436,4.344,-5.015
846,3.4617,-2.246,3.427,-5.000,-2.408,4.286,-5.006,-7.246,3.427,-5.000,-7.423,4.270,-4.996
847,3.4767,-2.222,3.356,-5.000,-2.394,4.217,-4.989,-7.222,3.356,-5.000,-7.408,4.202,-4.977
848,3.4917,-2.197,3.285,-5.000,-2.379,4.139,-4.976,-7.197,3.285,-5.000,-7.393,4.138,-4.964
849,3.5067,-2.170,3.215,-5.000,-2.365,4.068,-4.971,-7.170,3.215,-5.000,-7.374,4.058,-4.956
850,3.5217,-2.143,3.145,-5.000,-2.350,3.985,-4.975,-7.143,3.145,-5.000,-7.355,3.976,-4.959
851,3.5367,-2.115,3.075,-5.000,-2.333,3.889,-4.988,-7.115,3.075,-5.000,-7.335,3.881,-4.971
852,3.5517,-2.085,3.006,-5.000,-2.317,3.797,-5.003,-7.085,3.006,-5.000,-7.318,3.790,-4.988
853,3.5667,-2.055,2.938,-5.000,-2.298,3.700,-5.021,-7.055,2.938,-5.000,-7.299,3.692,-5.007
854,3.5817,-2.024,2.870,-5.000,-2.280,3.617,-5.032,-7.024,2.870,-5.000,-7.282,3.609,-5.021
855,3.5967,-1.991,2.802,-5.000,-2.261,3.534,-5.035,-6.991,2.802,-5.000,-7.263,3.528,-5.026
856,3.6117,-1.958,2.735,-5.000,-2.242,3.462,-5.026,-6.958,2.735,-5.000,-7.246,3.458,-5.019
857,3.6267,-1.923,2.668,-5.000,-2.223,3.392,-5.009,-6.923,2.668,-5.000,-7.227,3.389,-5.004
858,3.6417,-1.888,2.602,-5.000,-2.205,3.327,-4.992,-6.888,2.602,-5.000,-7.210,3.326,-4.988
859,3.6567,-1.851,2.537,-5.000,-2.183,3.258,-4.977,-6.851,2.537,-5.000,-7.189,3.259,-4.973
860,3.6717,-1.814,2.472,-5.000,-2.158,3.188,-4.968,-6.814,2.472,-5.000,-7.166,3.197,-4.965
861,3.6867,-1.775,2.407,-5.000,-2.133,3.129,-4.969,-6.775,2.407,-5.000,-7.139,3.137,-4.968
862,3.7017,-1.736,2.344,-5.000,-2.102,3.074,-4.979,-6.736,2.344,-5.000,-7.112,3.086,-4.978
863,3.7167,-1.696,2.280,-5.000,-2.071,3.027,-4.995,-6.696,2.280,-5.000,-7.081,3.035,-4.994
864,3.7317,-1.654,2.218,-5.000,-2.034,2.977,-5.015,-6.654,2.218,-5.000,-7.048,2.981,-5.010
865,3.7467,-1.612,2.156,-5.000,-1.999,2.925,-5.029,-6.612,2.156,-5.000,-7.016,2.927,-5.021
866,3.7617,-1.569,2.094,-5.000,-1.961,2.861,-5.034,-6.569,2.094,-5.000,-6.981,2.861,-5.024
867,3.7767,-1.525,2.034,-5.000,-1.926,2.797,-5.026,-6.525,2.034,-5.000,-6.948,2.796,-5.017
868,3.7917,-1.480,1.974,-5.000,-1.889,2.729,-5.008,-6.480,1.974,-5.000,-6.913,2.732,-5.003
869,3.8067,-1.434,1.914,-5.000,-1.857,2.672,-4.991,-6.434,1.914,-5.000,-6.878,2.668,-4.986
870,3.8217,-1.388,1.856,-5.000,-1.820,2.604,-4.974,-6.388,1.856,-5.000,-6.840,2.599,-4.972
871,3.8367,-1.340,1.798,-5.000,-1.785,2.537,-4.966,-6.340,1.798,-5.000,-6.804,2.531,-4.967
872,3.8517,-1.291,1.740,-5.000,-1.746,2.458,-4.969,-6.291,1.740,-5.000,-6.766,2.459,-4.969
873,3.8667,-1.242,1.684,-5.000,-1.710,2.382,-4.980,-6.242,1.684,-5.000,-6.730,2.387,-4.978
874,3.8817,-1.192,1.628,-5.000,-1.671,2.296,-4.998,-6.192,1.628,-5.000,-6.687,2.300,-4.993
875,3.8967,-1.141,1.573,-5.000,-1.638,2.224,-5.015,-6.141,1.573,-5.000,-6.647,2.219,-5.010
876,3.9117,-1.089,1.519,-5.000,-1.601,2.150,-5.030,-6.089,1.519,-5.000,-6.602,2.137,-5.025
877,3.9267,-1.037,1.465,-5.000,-1.560,2.077,-5.038,-6.037,1.465,-5.000,-6.560,2.070,-5.032
878,3.9417,-0.983,1.413,-5.000,-1.520,2.013,-5.034,-5.983,1.413,-5.000,-6.515,2.003,-5.027
879,3.9567,-0.929,1.361,-5.000,-1.475,1.945,-5.019,-5.929,1.361,-5.000,-6.472,1.944,-5.013
880,3.9717,-0.874,1.310,-5.000,-1.433,1.884,-5.001,-5.874,1.310,-5.000,-6.425,1.880,-4.994
881,3.9867,-0.818,1.260,-5.000,-1.384,1.821,-4.985,-5.818,1.260,-5.000,-6.380,1.823,-4.979
882,4.0017,-0.762,1.210,-5.000,-1.341,1.773,-4.977,-5.762,1.210,-5.000,-6.330,1.766,-4.970
883,4.0167,-0.705,1.162,-5.000,-1.289,1.724,-4.976,-5.705,1.162,-5.000,-6.281,1.721,-4.970
884,4.0317,-0.647,1.114,-5.000,-1.238,1.687,-4.984,-5.647,1.114,-5.000,-6.232,1.682,-4.978
885,4.0467,-0.588,1.068,-5.000,-1.181,1.653,-5.000,-5.588,1.068,-5.000,-6.176,1.644,-4.992
886,4.0617,-0.529,1.022,-5.000,-1.128,1.622,-5.017,-5.529,1.022,-5.000,-6.124,1.608,-5.006
887,4.0767,-0.469,0.977,-5.000,-1.070,1.584,-5.032,-5.469,0.977,-5.000,-6.067,1.565,-5.018
888,4.0917,-0.408,0.933,-5.000,-1.021,1.543,-5.037,-5.408,0.933,-5.000,-6.023,1.528,-5.021
889,4.1067,-0.347,0.889,-5.000,-0.968,1.494,-5.031,-5.347,0.889,-5.000,-5.965,1.477,-5.017
890,4.1217,-0.285,0.847,-5.000,-0.910,1.440,-5.014,-5.285,0.847,-5.000,-5.908,1.424,-5.003
891,4.1367,-0.222,0.806,-5.000,-0.857,1.391,-4.994,-5.222,0.806,-5.000,-5.856,1.376,-4.987
892,4.1517,-0.159,0.766,-5.000,-0.798,1.338,-4.976,-5.159,0.766,-5.000,-5.799,1.323,-4.973
893,4.1667,-0.095,0.726,-5.000,-0.743,1.285,-4.967,-5.095,0.726,-5.000,-5.745,1.269,-4.967
894,4.1817,-0.031,0.688,-5.000,-0.683,1.221,-4.968,-5.031,0.688,-5.000,-5.690,1.211,-4.970
895,4.1967,0.034,0.650,-5.000,-0.631,1.163,-4.977,-4.966,0.650,-5.000,-5.634,1.148,-4.980
896,4.2117,0.100,0.614,-5.000,-0.570,1.091,-4.994,-4.900,0.614,-5.000,-5.577,1.081,-4.996
897,4.2267,0.166,0.578,-5.000,-0.513,1.026,-5.011,-4.834,0.578,-5.000,-5.515,1.011,-5.016
898,4.2417,0.233,0.544,-5.000,-0.450,0.960,-5.028,-4.767,0.544,-5.000,-5.451,0.946,-5.031
899,4.2567,0.300,0.510,-5.000,-0.397,0.910,-5.036,-4.700,0.510,-5.000,-5.402,0.902,-5.036
900,4.2717,0.367,0.478,-5.000,-0.338,0.862,-5.036,-4.633,0.478,-5.000,-5.337,0.854,-5.033
901,4.2867,0.435,0.446,-5.000,-0.273,0.813,-5.025,-4.565,0.446,-5.000,-5.271,0.809,-5.019
902,4.3017,0.504,0.416,-5.000,-0.213,0.769,-5.012,-4.496,0.416,-5.000,-5.209,0.768,-5.002
903,4.3167,0.573,0.386,-5.000,-0.146,0.725,-4.998,-4.427,0.386,-5.000,-5.141,0.727,-4.986
904,4.3317,0.642,0.358,-5.000,-0.084,0.689,-4.990,-4.358,0.358,-5.000,-5.077,0.693,-4.977
905,4.3467,0.712,0.331,-5.000,-0.015,0.659,-4.990,-4.288,0.331,-5.000,-5.008,0.665,-4.977
906,4.3617,0.782,0.304,-5.000,0.045,0.639,-4.997,-4.218,0.304,-5.000,-4.949,0.646,-4.984
907,4.3767,0.853,0.279,-5.000,0.116,0.622,-5.013,-4.147,0.279,-5.000,-4.878,0.628,-4.999
908,4.3917,0.924,0.255,-5.000,0.182,0.608,-5.030,-4.076,0.255,-5.000,-4.812,0.611,-5.015
909,4.4067,0.995,0.232,-5.000,0.254,0.589,-5.046,-4.005,0.232,-5.000,-4.740,0.589,-5.030
910,4.4217,1.067,0.210,-5.000,0.322,0.564,-5.053,-3.933,0.210,-5.000,-4.674,0.563,-5.036
911,4.4367,1.139,0.189,-5.000,0.394,0.529,-5.048,-3.861,0.189,-5.000,-4.602,0.531,-5.032
912,4.4517,1.211,0.169,-5.000,0.455,0.498,-5.033,-3.789,0.169,-5.000,-4.542,0.502,-5.020
913,4.4667,1.284,0.150,-5.000,0.533,0.462,-5.009,-3.716,0.150,-5.000,-4.476,0.471,-5.003
914,4.4817,1.357,0.132,-5.000,0.595,0.434,-4.992,-3.643,0.132,-5.000,-4.403,0.438,-4.985
915,4.4967,1.430,0.116,-5.000,0.662,0.402,-4.980,-3.570,0.116,-5.000,-4.335,0.407,-4.975
916,4.5117,1.503,0.100,-5.000,0.735,0.364,-4.977,-3.497,0.100,-5.000,-4.260,0.369,-4.973
917,4.5267,1.577,0.086,-5.000,0.803,0.323,-4.984,-3.423,0.086,-5.000,-4.190,0.329,-4.980
918,4.5417,1.651,0.073,-5.000,0.877,0.276,-4.998,-3.349,0.073,-5.000,-4.114,0.282,-4.996
919,4.5567,1.725,0.060,-5.000,0.944,0.234,-5.014,-3.275,0.060,-5.000,-4.044,0.237,-5.015
920,4.5717,1.799,0.049,-5.000,1.018,0.193,-5.028,-3.201,0.049,-5.000,-3.976,0.197,-5.031
921,4.5867,1.873,0.039,-5.000,1.087,0.161,-5.034,-3.127,0.039,-5.000,-3.902,0.162,-5.040
922,4.6017,1.948,0.031,-5.000,1.156,0.136,-5.031,-3.052,0.031,-5.000,-3.833,0.137,-5.036
923,4.6167,2.022,0.023,-5.000,1.225,0.115,-5.018,-2.978,0.023,-5.000,-3.764,0.115,-5.023
924,4.6317,2.097,0.016,-5.000,1.300,0.095,-4.998,-2.903,0.016,-5.000,-3.688,0.092,-5.004
925,4.6467,2.172,0.011,-5.000,1.363,0.080,-4.981,-2.828,0.011,-5.000,-3.623,0.074,-4.989
926,4.6617,2.247,0.006,-5.000,1.432,0.070,-4.968,-2.753,0.006,-5.000,-3.552,0.058,-4.977
927,4.6767,2.322,0.003,-5.000,1.506,0.067,-4.962,-2.678,0.003,-5.000,-3.480,0.049,-4.974
928,4.6917,2.397,0.001,-5.000,1.574,0.072,-4.966,-2.603,0.001,-5.000,-3.403,0.048,-4.980
929,4.7067,2.472,0.000,-5.000,1.649,0.085,-4.979,-2.528,0.000,-5.000,-3.326,0.052,-4.993
930,4.7217,2.547,0.000,-5.000,1.720,0.100,-4.995,-2.453,0.000,-5.000,-3.255,0.058,-5.008
931,4.7367,2.622,0.001,-5.000,1.798,0.112,-5.012,-2.378,0.001,-5.000,-3.185,0.063,-5.020
932,4.7517,2.697,0.004,-5.000,1.871,0.115,-5.021,-2.303,0.004,-5.000,-3.111,0.065,-5.027
933,4.7667,2.771,0.007,-5.000,1.952,0.109,-5.017,-2.229,0.007,-5.000,-3.037,0.064,-5.025
934,4.7817,2.846,0.012,-5.000,2.026,0.102,-5.003,-2.154,0.012,-5.000,-2.970,0.062,-5.013
935,4.7967,2.921,0.018,-5.000,2.101,0.097,-4.985,-2.079,0.018,-5.000,-2.907,0.061,-4.998
936,4.8117,2.996,0.025,-5.000,2.170,0.093,-4.969,-2.004,0.025,-5.000,-2.843,0.061,-4.982
937,4.8267,3.070,0.033,-5.000,2.213,0.090,-4.961,-1.930,0.033,-5.000,-2.796,0.060,-4.973
938,4.8417,3.145,0.042,-5.000,2.289,0.081,-4.954,-1.855,0.042,-5.000,-2.725,0.057,-4.966
939,4.8567,3.219,0.052,-5.000,2.364,0.067,-4.955,-1.781,0.052,-5.000,-2.653,0.047,-4.968
940,4.8717,3.293,0.063,-5.000,2.446,0.047,-4.965,-1.707,0.063,-5.000,-2.574,0.032,-4.979
941,4.8867,3.367,0.076,-5.000,2.522,0.027,-4.982,-1.633,0.076,-5.000,-2.500,0.015,-4.995
942,4.9017,3.441,0.089,-5.000,2.604,0.005,-5.001,-1.559,0.089,-5.000,-2.431,-0.000,-5.010
943,4.9167,3.514,0.104,-5.000,2.672,-0.008,-5.015,-1.486,0.104,-5.000,-2.350,-0.011,-5.024
944,4.9317,3.588,0.120,-5.000,2.746,-0.016,-5.023,-1.412,0.120,-5.000,-2.274,-0.012,-5.028
945,4.9467,3.661,0.137,-5.000,2.825,-0.018,-5.020,-1.339,0.137,-5.000,-2.190,-0.007,-5.022
946,4.9617,3.734,0.155,-5.000,2.898,-0.016,-5.008,-1.266,0.155,-5.000,-2.112,-0.000,-5.007
947,4.9767,3.806,0.174,-5.000,2.978,-0.013,-4.992,-1.194,0.174,-5.000,-2.028,0.007,-4.989
948,4.9917,3.878,0.194,-5.000,3.053,-0.007,-4.979,-1.122,0.194,-5.000,-1.951,0.016,-4.976
949,5.0067,3.950,0.215,-5.000,3.134,0.007,-4.972,-1.050,0.215,-5.000,-1.873,0.030,-4.970
950,5.0217,4.022,0.237,-5.000,3.209,0.028,-4.974,-0.978,0.237,-5.000,-1.788,0.053,-4.973
951,5.0367,4.093,0.261,-5.000,3.284,0.057,-4.983,-0.907,0.261,-5.000,-1.710,0.080,-4.983
952,5.0517,4.164,0.285,-5.000,3.360,0.091,-4.999,-0.836,0.285,-5.000,-1.632,0.110,-4.997
953,5.0667,4.235,0.311,-5.000,3.442,0.130,-5.018,-0.765,0.311,-5.000,-1.547,0.142,-5.012
954,5.0817,4.305,0.337,-5.000,3.517,0.162,-5.032,-0.695,0.337,-5.000,-1.470,0.168,-5.023
955,5.0967,4.375,0.365,-5.000,3.585,0.185,-5.037,-0.625,0.365,-5.000,-1.401,0.187,-5.028
956,5.1117,4.444,0.393,-5.000,3.666,0.207,-5.030,-0.556,0.393,-5.000,-1.321,0.205,-5.022
957,5.1267,4.513,0.423,-5.000,3.739,0.226,-5.014,-0.487,0.423,-5.000,-1.249,0.220,-5.008
958,5.1417,4.581,0.454,-5.000,3.817,0.247,-4.993,-0.419,0.454,-5.000,-1.173,0.238,-4.989
959,5.1567,4.649,0.485,-5.000,3.887,0.265,-4.975,-0.351,0.485,-5.000,-1.105,0.256,-4.975
960,5.1717,4.717,0.518,-5.000,3.963,0.281,-4.964,-0.283,0.518,-5.000,-1.038,0.271,-4.968
961,5.1867,4.784,0.552,-5.000,4.031,0.291,-4.963,-0.216,0.552,-5.000,-0.967,0.282,-4.970
962,5.2017,4.850,0.587,-5.000,4.105,0.297,-4.971,-0.150,0.587,-5.000,-0.903,0.288,-4.980
